-- Protect by ikgonavi haha
do
  local function __k(r) error('[IKG] '..tostring(r), 0) end
  if type(string) ~= 'table' or type(math) ~= 'table' then __k('P1') end
  if type(string.byte) ~= 'function' or string.byte('A') ~= 65 then __k('P2') end
  if type(bit32) ~= 'table' or type(bit32.bxor) ~= 'function' then __k('P3') end
  if bit32.bxor(85, 170) ~= 255 then __k('P4') end
end
local _eTFWLZ="f353b70810c41e9cecf1"
local _aKxBwE="d8ac6736937bc5f6"
local _aZNh1F={252,179,117,185,247,43,223,118,154,167,208,240}
local _jjvBEh={
(function()local t={}for _,c in ipairs({{183,205,55,170,252,93,147,15,250,189,177,248,251,71,144,120,237,83,74,184,180,61,103,103,19,92,246,74,182,115,11,213,34,47,26,174,121,238,79,178,219,129,46,102,4,65,175,27,252,43,17,222,13,116,18,130,92,42,143,84,176,146,206,20,92,227,176,81,151,60},{132,136,61,22,241,42,7,180,82,253,143,228,63,10,126,167,43,62,44,252}})do for _,v in ipairs(c)do t[#t+1]=v end end return t end)(),
(function()local t={}for _,c in ipairs({{62,140,221,89,80,160,119,236,76,151,233,42,143,230,136,9,83,85,248,239,38,176,135,188,111,77,25,192,38,190,155,251,29,5,74,79,151,119,146,41,116,212,216,26,221,93,11,253,217,73,209,230,82,24,245,74,150,182,138,204,30,169,48,244,76,201,150,90,150,163},{51,166,33,8,144,18,49,114,121,160,109,104,134,253,14,48,43,84,182,105}})do for _,v in ipairs(c)do t[#t+1]=v end end return t end)(),
(function()local t={}for _,c in ipairs({{40,175,178,184,70,253,22,53,203,81,141,88,14,174,250,38,146,59,111,54,206,149,137,194,68,20,31,117,54,165,72,181,236,97,141,79,42,255,37,153,222,132,214,124,133,144,122,37,216,194,220,238,184,53,155,205,178,122,48,6,252,82,40,208,228,191,75,172,79,187},{222,3,84,63,247,113,47,212,233,188,45,33,144,30,243,125,73,218,106,112}})do for _,v in ipairs(c)do t[#t+1]=v end end return t end)(),
(function()local t={}for _,c in ipairs({{108,146,215,101,139,10,233,192,71,92,229,57,198,124,169,113,153,18,32,41,13,250,120,107,183,30,185,31,109,68,66,118,178,82,35,18,192,56,106,58,178,71,68,175,77,206,251,83,52,100,135,174,187,159,188,238,230,37,73,90,184,85,246,89,213,216,177,124,187,22},{38,213,161,191,63,106,245,73,62,120,157,76,30,222,177,99,201,187,40,12}})do for _,v in ipairs(c)do t[#t+1]=v end end return t end)(),
(function()local t={}for _,c in ipairs({{77,14,150,237,183,186,31,102,114,213,56,102,135,249,125,163,122,197,71,158,244,45,154,12,208,60,179,171,202,144,200,9,119,119,10,41,192,98,67,151,102,120,129,53,179,47,37,126,64,186,229,248,144,232,53,253,180,6,234,30,126,161,125,28,180,199,215,47,75,44},{129,41,155,229,168,79,132,116,104,185,132,107,242,18,80,80,87,140,128,179}})do for _,v in ipairs(c)do t[#t+1]=v end end return t end)(),
(function()local t={}for _,c in ipairs({{255,202,187,183,211,93,29,85,243,40,169,102,64,109,9,198,37,163,154,236,17,119,242,191,31,186,37,148,35,139,118,78,76,91,101,192,139,198,237,78,238,146,238,235,124,146,108,49,153,236,195,81,134,158,125,199,47,80,237,103,248,180,208,142,206,20,204,95,22,17},{102,99,200,106,193,199,144,7,36,245,199,29,88,225,187,74,89,95,56,81}})do for _,v in ipairs(c)do t[#t+1]=v end end return t end)(),
(function()local t={}for _,c in ipairs({{192,116,232,58,214,80,26,170,40,76,229,135,90,76,220,115,224,241,18,130,46,63,116,42,164,86,99,91,73,1,86,6,92,185,85,242,4,159,94,21,179,137,42,118,238,207,252,126,73,127,248,63,64,236,215,72,155,153,140,209,250,46,41,7,111,70,56,34,234,254},{142,139,9,96,177,65,3,216,218,159,57,187,152,66,246,176,125,110,181,75}})do for _,v in ipairs(c)do t[#t+1]=v end end return t end)(),
(function()local t={}for _,c in ipairs({{110,207,253,216,62,43,16,28,171,243,242,181,8,24,52,12,128,150,253,217,211,163,12,7,35,132,140,152,59,178,226,50,97,43,254,166,191,107,139,140,186,225,140,127,16,177,159,239,40,99,203,155,197,154,139,145,66,238,248,202,177,65,226,186,238,36,102,21,230,118},{204,211,164,94,200,178,96,137,102,139,182,171,48,141,63,122,26,134,147,106}})do for _,v in ipairs(c)do t[#t+1]=v end end return t end)(),
(function()local t={}for _,c in ipairs({{204,247,121,135,240,209,0,174,194,131,104,135,41,65,43,107,179,19,78,73,25,244,101,36,69,106,27,165,63,15,3,21,41,244,166,34,20,174,248,210,137,174,30,9,153,81,52,122,185,95,13,183,175,241,181,242,226,14,75,79,134,94,182,127,63,218,95,83,51,2},{221,217,181,104,184,107,70,252,38,104,31,3,75,119,212,36,31,162,106,169}})do for _,v in ipairs(c)do t[#t+1]=v end end return t end)(),
(function()local t={}for _,c in ipairs({{172,87,33,145,26,100,68,164,240,230,15,139,233,198,135,103,225,150,161,164,241,109,19,72,2,114,78,228,27,57,146,204,207,79,56,197,30,190,235,122,76,18,8,163,76,150,52,81,74,80,176,100,135,142,183,173,207,209,115,72,243,101,84,110,48,210,95,177,144,14},{234,192,125,200,169,246,113,223,254,204,142,66,39,196,128,116,39,56,74,139}})do for _,v in ipairs(c)do t[#t+1]=v end end return t end)(),
(function()local t={}for _,c in ipairs({{55,114,167,159,57,128,242,69,56,166,33,155,187,200,151,203,93,176,247,182,171,98,2,19,78,129,166,29,106,151,195,42,160,73,2,33,215,129,94,70,42,174,210,164,100,6,202,44,104,61,98,25,164,175,254,235,99,114,199,224,204,246,121,215,169,218,208,71,32,203},{21,169,111,56,228,94,119,65,30,163,170,129,248,170,143,42,88,69,200,205}})do for _,v in ipairs(c)do t[#t+1]=v end end return t end)(),
(function()local t={}for _,c in ipairs({{132,56,88,251,18,199,190,156,160,230,66,18,152,98,107,153,28,47,201,6,215,104,43,115,79,114,180,235,50,127,130,41,202,13,60,67,177,61,144,239,237,242,14,106,5,53,245,77,228,97,95,168,171,171,129,241,72,125,96,16,241,108,232,105,125,160,192,152,132,123},{134,41,183,2,52,210,132,125,253,197,144,97,58,105,28,91,9,31,186,171}})do for _,v in ipairs(c)do t[#t+1]=v end end return t end)(),
(function()local t={}for _,c in ipairs({{171,180,15,71,89,226,110,177,120,149,153,136,158,11,125,186,211,227,236,79,91,135,140,44,126,86,241,181,177,26,246,241,174,27,109,73,83,225,95,87,226,140,19,139,66,20,19,28,98,115,31,174,116,180,86,179,253,87,188,248,216,244,163,223,72,54,240,46,202,189},{252,171,116,232,113,165,64,112,241,96,236,159,108,36,10,83,49,191,209,187}})do for _,v in ipairs(c)do t[#t+1]=v end end return t end)(),
(function()local t={}for _,c in ipairs({{82,72,145,126,207,218,92,207,185,243,137,21,243,95,10,88,48,37,191,218,1,159,165,73,53,218,60,83,132,138,102,20,37,188,96,36,225,49,206,117,21,112,227,137,254,40,218,247,241,152,110,8,102,2,58,81,132,239,185,74,135,1,169,186,199,153,202,214,132,186},{47,196,64,52,27,65,140,29,80,1,83,2,6,111,49,138,204,13,141,190}})do for _,v in ipairs(c)do t[#t+1]=v end end return t end)(),
(function()local t={}for _,c in ipairs({{208,253,6,54,50,14,202,129,253,130,216,3,132,192,162,30,13,176,125,19,84,39,251,124,245,216,247,218,243,82,209,87,231,48,14,168,96,130,91,198,150,123,126,245,99,214,17,161,95,6,131,199,18,3,148,190,20,158,75,231,137,241,89,169,53,134,71,89,73,57},{185,219,68,113,137,118,218,219,199,102,248,157,112,85,71,202,134,218,144,217}})do for _,v in ipairs(c)do t[#t+1]=v end end return t end)(),
(function()local t={}for _,c in ipairs({{216,5,199,145,78,32,91,253,173,76,55,41,219,218,99,174,222,139,21,226,182,182,118,119,176,236,65,182,100,66,3,154,3,35,178,153,3,153,147,108,112,34,144,75,76,44,48,235,91,164,196,12,183,182,204,110,114,120,92,195,154,134,35,165,39,166,215,27,101,39},{212,96,67,221,255,168,80,47,250,211,19,107,31,130,125,43,157,255,238,122}})do for _,v in ipairs(c)do t[#t+1]=v end end return t end)(),
(function()local t={}for _,c in ipairs({{0,227,79,247,141,16,137,237,126,94,195,255,93,43,151,3,214,20,3,225,198,96,15,171,146,67,239,32,139,58,189,185,79,48,237,17,121,29,127,83,175,78,33,150,208,49,173,113,43,215,158,168,123,241,240,91,101,180,170,1,235,78,49,61,65,230,160,102,193,69},{221,149,5,16,93,77,101,73,101,211,130,195,44,128,201,191,71,0,231,251}})do for _,v in ipairs(c)do t[#t+1]=v end end return t end)(),
(function()local t={}for _,c in ipairs({{251,54,189,202,43,204,115,249,220,214,15,50,15,215,38,142,221,188,114,253,186,148,157,211,213,3,93,12,100,235,154,115,17,129,7,128,39,209,121,185,117,18,6,70,231,19,133,135,28,150,69,240,43,85,252,156,1,214,79,80,107,246,211,131,216,238,45,148,128,238},{156,147,50,176,108,60,161,94,249,247,247,63,70,131,179,242,173,224,0,185}})do for _,v in ipairs(c)do t[#t+1]=v end end return t end)(),
(function()local t={}for _,c in ipairs({{15,148,12,231,72,77,255,100,194,34,243,29,75,193,174,131,69,200,184,108,76,105,164,238,217,202,181,63,225,148,48,123,90,131,32,80,66,209,167,155,195,7,155,4,122,52,53,253,23,10,252,230,200,0,58,4,20,62,212,247,163,102,170,131,22,150,56,40,8,64},{42,89,244,169,96,149,59,239,17,133,176,146,164,239,88,22,103,103,32,31}})do for _,v in ipairs(c)do t[#t+1]=v end end return t end)(),
(function()local t={}for _,c in ipairs({{254,86,32,222,37,177,218,199,195,34,179,153,228,85,15,149,80,82,101,248,69,193,213,144,23,122,115,248,224,97,243,32,84,242,62,199,246,155,180,220,27,134,13,98,216,55,55,3,81,137,197,111,146,82,144,144,86,58,14,241,105,111,193,247,194,217,149,255,39,226},{171,212,96,0,41,63,152,178,150,187,65,75,84,204,231,218,86,42,28,11}})do for _,v in ipairs(c)do t[#t+1]=v end end return t end)(),
(function()local t={}for _,c in ipairs({{49,178,3,50,24,70,158,116,152,34,249,2,189,137,218,114,246,211,108,120,88,4,242,60,209,141,15,153,51,251,53,110,129,224,136,249,146,87,154,73,108,54,222,86,201,93,82,90,124,111,120,82,89,106,34,117,149,56,242,0,4,213,143,140,125,145,68,118,212,104},{153,74,204,20,179,148,153,244,55,158,57,94,90,203,73,141,235,13,246,141}})do for _,v in ipairs(c)do t[#t+1]=v end end return t end)(),
(function()local t={}for _,c in ipairs({{78,37,67,29,185,222,137,68,179,101,60,147,11,155,166,107,244,144,229,199,104,198,165,173,142,245,37,102,91,96,212,202,144,51,8,66,174,90,208,172,3,216,65,44,165,246,224,233,186,37,64,55,189,5,33,126,116,88,87,25,114,178,133,0,45,2,91,25,224,253},{24,115,88,255,174,12,109,56,225,29,92,39,81,14,220,123,119,6,211,100}})do for _,v in ipairs(c)do t[#t+1]=v end end return t end)(),
(function()local t={}for _,c in ipairs({{25,105,36,47,121,149,165,21,185,199,198,109,129,232,114,208,107,87,222,121,218,99,97,45,128,164,103,47,167,80,210,178,83,153,162,244,164,244,176,233,94,59,135,235,189,233,76,159,104,26,25,54,47,89,144,228,71,9,171,80,152,126,35,228,49,144,104,152,103,59},{74,200,217,44,226,80,38,142,100,168,194,254,207,100,167,40,12,141,251,186}})do for _,v in ipairs(c)do t[#t+1]=v end end return t end)(),
(function()local t={}for _,c in ipairs({{73,153,174,16,55,27,52,174,210,151,113,85,152,86,246,104,149,243,230,175,157,118,140,142,111,139,190,161,191,196,159,194,37,174,125,2,219,62,178,128,5,71,145,201,221,202,202,24,243,153,77,100,146,212,165,46,251,77,1,80,51,104,37,40,195,215,128,105,246,87},{164,104,198,231,13,18,85,30,84,0,92,13,82,251,85,115,99,29,181,26}})do for _,v in ipairs(c)do t[#t+1]=v end end return t end)(),
(function()local t={}for _,c in ipairs({{148,130,118,68,161,40,125,169,89,166,122,126,8,27,125,22,136,144,71,82,251,82,23,17,62,216,31,5,107,2,184,237,26,78,178,45,203,241,235,13,95,133,79,207,8,112,249,109,64,162,52,76,157,164,210,150,115,185,201,30,57,69,104,218,226,115,141,47,98,108},{210,243,68,100,88,2,165,245,94,35,147,250,233,67,128,158,125,252,69,38}})do for _,v in ipairs(c)do t[#t+1]=v end end return t end)(),
(function()local t={}for _,c in ipairs({{105,22,191,62,114,113,177,255,192,146,239,100,30,96,98,43,222,19,245,206,240,75,247,252,174,142,168,15,237,164,174,43,85,27,182,225,217,54,108,129,147,40,222,186,58,220,22,6,180,35,227,100,188,27,119,116,188,250,91,25,33,66,140,112,205,118,242,39,186,25},{220,103,23,199,149,108,162,59,182,134,211,116,245,177,29,242,80,172,54,172}})do for _,v in ipairs(c)do t[#t+1]=v end end return t end)(),
(function()local t={}for _,c in ipairs({{252,247,0,29,214,154,60,206,207,23,214,120,95,61,27,184,153,76,16,220,52,139,19,0,76,8,4,50,206,182,166,42,99,19,110,99,140,2,128,218,116,115,57,244,209,248,27,237,250,84,137,205,73,174,31,96,29,250,206,230,109,115,66,75,101,62,168,61,151,231},{240,55,192,123,227,200,250,220,196,213,51,96,132,195,41,212,124,32,72,241}})do for _,v in ipairs(c)do t[#t+1]=v end end return t end)(),
(function()local t={}for _,c in ipairs({{114,54,5,152,42,61,157,99,70,68,115,154,166,29,9,55,84,100,49,250,150,162,199,235,212,253,124,140,247,51,191,104,118,145,79,101,143,3,161,144,135,194,3,160,2,146,9,135,217,159,32,182,154,126,147,227,160,179,34,40,152,7,194,16,30,192,107,49,237,224},{142,73,100,22,10,164,84,86,215,91,63,96,207,63,188,56,182,185,205,147}})do for _,v in ipairs(c)do t[#t+1]=v end end return t end)(),
(function()local t={}for _,c in ipairs({{246,129,9,56,122,8,36,195,150,143,40,177,40,98,74,222,110,254,122,169,64,86,219,125,206,201,174,51,122,5,153,22,92,167,114,72,243,165,124,63,252,238,250,121,95,107,183,149,2,23,58,100,189,25,232,78,245,231,203,19,179,176,183,77,82,136,81,226,187,58},{229,252,37,62,151,182,24,173,41,105,81,151,53,71,117,116,177,79,59,238}})do for _,v in ipairs(c)do t[#t+1]=v end end return t end)(),
(function()local t={}for _,c in ipairs({{124,64,107,186,214,86,105,214,219,74,1,67,152,171,32,15,97,242,206,194,236,4,118,68,120,163,193,56,136,122,11,22,229,54,43,229,35,40,101,138,206,60,41,0,150,69,25,185,235,163,34,117,170,237,205,86,149,212,179,65,86,122,33,75,56,179,25,70,229,255},{89,33,143,160,110,30,85,96,1,39,100,131,192,144,91,28,79,243,60,132}})do for _,v in ipairs(c)do t[#t+1]=v end end return t end)(),
(function()local t={}for _,c in ipairs({{3,17,202,10,0,56,215,236,161,53,125,146,2,1,151,163,48,250,21,218,250,217,219,132,113,103,228,99,228,165,252,80,24,83,208,186,62,116,36,209,27,137,79,132,96,63,15,175,63,72,123,136,245,137,251,106,234,13,56,152,160,99,156,245,176,201,45,160,193,112},{144,36,52,204,149,32,171,176,62,71,1,34,154,133,111,86,181,9,32,176}})do for _,v in ipairs(c)do t[#t+1]=v end end return t end)(),
(function()local t={}for _,c in ipairs({{131,187,146,180,6,64,246,246,197,229,154,46,218,235,68,190,246,36,91,143,253,159,181,3,40,180,79,32,126,89,80,119,209,135,68,242,86,27,83,98,46,242,153,45,45,105,213,37,153,5,152,84,125,78,20,125,184,209,88,125,32,110,93,191,77,110,189,150,116,144},{200,199,205,22,216,78,212,101,67,102,41,96,228,78,243,62,77,158,149,163}})do for _,v in ipairs(c)do t[#t+1]=v end end return t end)(),
(function()local t={}for _,c in ipairs({{112,219,29,124,209,65,97,127,29,98,36,250,112,151,101,58,103,113,122,100,139,26,6,215,162,90,24,190,247,70,113,183,150,173,123,125,222,166,159,83,106,20,176,30,79,110,22,132,72,162,165,82,192,138,136,17,102,208,147,41,143,118,96,69,162,208,179,38,20,9},{8,95,73,7,34,129,229,133,7,209,133,14,88,194,94,18,140,66,134,106}})do for _,v in ipairs(c)do t[#t+1]=v end end return t end)(),
(function()local t={}for _,c in ipairs({{94,16,97,23,6,30,172,114,134,58,33,152,204,104,23,8,71,26,174,82,59,253,114,199,51,118,210,9,114,93,212,84,209,193,54,88,191,13,124,196,175,64,100,160,21,20,171,170,109,30,202,172,47,158,77,62,194,14,177,125,93,19,165,135,16,73,60,47,147,74},{88,85,150,108,147,96,143,113,3,101,116,217,228,138,255,196,170,8,169,72}})do for _,v in ipairs(c)do t[#t+1]=v end end return t end)(),
(function()local t={}for _,c in ipairs({{119,173,2,208,219,221,154,24,240,98,21,196,68,239,64,49,172,198,137,164,199,187,213,35,71,71,217,24,218,104,130,29,166,14,195,26,89,9,152,98,176,192,79,129,35,107,64,47,7,174,79,84,191,207,132,73,157,247,72,165,155,96,98,18,76,205,48,63,181,235},{89,185,65,166,210,46,180,113,119,229,94,241,186,160,248,160,10,135,48,9}})do for _,v in ipairs(c)do t[#t+1]=v end end return t end)(),
(function()local t={}for _,c in ipairs({{222,54,60,121,94,63,100,68,207,242,45,129,77,123,115,131,193,143,66,89,4,207,147,203,232,243,20,55,100,220,45,235,98,169,0,199,17,162,137,205,216,176,145,209,97,208,19,155,124,53,233,41,98,181,174,33,214,60,238,179,111,48,140,25,249,131,154,33,212,173},{187,90,188,16,66,173,195,122,75,13,207,90,238,121,152,60,216,25,30,247}})do for _,v in ipairs(c)do t[#t+1]=v end end return t end)(),
(function()local t={}for _,c in ipairs({{109,120,195,59,153,129,21,203,111,214,192,10,176,222,25,3,194,146,4,114,253,105,197,110,166,21,47,98,106,33,111,52,39,66,172,85,38,19,63,250,10,33,27,32,225,44,23,227,3,21,236,59,109,224,171,43,120,230,120,98,4,146,150,227,208,248,168,244,115,52},{2,129,174,121,201,234,16,24,101,177,161,108,87,87,162,97,132,6,29,217}})do for _,v in ipairs(c)do t[#t+1]=v end end return t end)(),
(function()local t={}for _,c in ipairs({{101,219,68,99,126,104,66,159,230,239,54,75,153,224,117,173,128,75,131,89,90,100,25,245,234,7,126,81,101,119,75,221,222,53,102,125,148,249,62,164,204,76,253,46,106,70,213,58,10,241,105,113,30,212,87,19,158,118,17,218,123,35,146,100,184,93,71,254,151,10},{97,73,167,97,77,186,88,119,57,113,81,22,165,142,225,181,83,13,131,122}})do for _,v in ipairs(c)do t[#t+1]=v end end return t end)(),
(function()local t={}for _,c in ipairs({{143,181,37,64,91,94,190,156,246,206,88,22,155,195,140,33,100,164,118,43,232,92,196,1,25,68,112,229,142,151,206,224,114,26,180,197,73,101,43,222,87,147,88,222,203,138,119,101,135,146,143,145,147,156,81,13,40,145,243,20,180,80,202,171,63,107,142,4,157,219},{211,34,140,194,1,230,80,114,49,167,116,139,247,128,230,1,140,196,167,124}})do for _,v in ipairs(c)do t[#t+1]=v end end return t end)(),
(function()local t={}for _,c in ipairs({{78,234,164,210,64,177,193,108,111,114,252,43,11,24,34,192,35,129,16,97,135,245,235,79,67,37,91,168,113,142,89,26,152,110,134,53,75,133,113,130,88,152,114,36,37,154,154,46,42,169,173,120,26,80,187,152,237,192,243,196,224,28,144,47,131,142,100,183,241,5},{113,72,211,249,191,176,147,219,4,170,126,19,63,141,31,91,79,35,53,12}})do for _,v in ipairs(c)do t[#t+1]=v end end return t end)(),
(function()local t={}for _,c in ipairs({{238,23,153,17,93,175,208,67,146,78,111,15,122,60,22,122,81,31,208,76,196,76,204,44,50,196,117,214,16,142,250,116,145,131,27,218,5,21,156,47,69,65,52,28,217,50,139,66,72,221,238,132,171,207,56,173,9,164,242,95,26,121,5,172,114,200,62,203,234,241},{33,82,3,148,226,110,178,27,98,53,22,185,41,154,93,44,138,242,169,209}})do for _,v in ipairs(c)do t[#t+1]=v end end return t end)(),
(function()local t={}for _,c in ipairs({{129,29,140,130,10,144,196,134,153,113,103,222,28,199,152,160,178,33,117,23,71,174,53,92,34,215,117,20,57,5,135,221,16,127,166,143,50,103,190,209,47,211,174,159,78,74,236,215,148,120,138,230,244,19,134,140,55,58,96,201,109,241,207,173,112,78,21,200,58,139},{209,149,243,18,5,120,95,220,61,105,110,109,167,83,136,189,69,92,37,34}})do for _,v in ipairs(c)do t[#t+1]=v end end return t end)(),
(function()local t={}for _,c in ipairs({{67,63,123,246,95,219,190,9,250,71,78,150,130,49,74,149,175,41,66,162,120,39,81,37,72,233,69,68,211,52,12,251,154,216,39,79,8,100,176,215,160,29,235,120,100,60,165,63,23,137,171,17,106,22,50,30,133,147,245,40,134,172,133,6,118,145,112,179,28,243},{197,48,212,206,142,117,235,253,96,246,248,33,196,39,24,63,206,32,11,93}})do for _,v in ipairs(c)do t[#t+1]=v end end return t end)(),
(function()local t={}for _,c in ipairs({{65,36,43,113,65,177,194,191,182,208,213,37,157,202,251,224,67,34,181,249,116,141,123,35,120,181,128,15,84,217,24,236,21,81,45,119,48,206,91,78,119,230,141,157,160,33,74,169,214,240,40,1,65,214,24,78,178,148,196,54,71,91,26,115,30,236,145,93,168,192},{234,184,182,66,210,35,98,2,219,254,205,12,136,44,3,164,155,230,212,247}})do for _,v in ipairs(c)do t[#t+1]=v end end return t end)(),
(function()local t={}for _,c in ipairs({{140,152,25,223,51,156,17,53,171,248,22,210,158,240,172,246,243,205,252,71,168,152,131,58,105,251,16,173,216,60,63,186,76,216,233,174,14,183,53,31,243,34,166,187,246,97,218,14,1,244,215,160,232,112,71,236,137,87,119,218,176,128,146,102,90,5,194,136,112,1},{108,75,127,46,209,150,162,38,58,187,97,109,189,97,207,83,187,248,197,175}})do for _,v in ipairs(c)do t[#t+1]=v end end return t end)(),
(function()local t={}for _,c in ipairs({{161,110,64,81,204,84,109,142,153,47,59,198,231,153,102,127,89,16,131,166,254,86,219,144,63,243,131,148,23,209,46,53,118,27,35,201,160,147,70,222,120,76,36,51,76,190,245,111,91,0,239,5,83,184,33,58,97,94,129,196,18,81,139,119,16,184,8,109,95,218},{235,207,20,106,200,121,214,68,224,77,33,181,164,99,103,136,229,106,110,211}})do for _,v in ipairs(c)do t[#t+1]=v end end return t end)(),
(function()local t={}for _,c in ipairs({{139,97,24,96,43,36,201,125,165,214,53,240,219,169,225,50,186,214,244,105,10,143,61,203,142,173,173,237,167,62,28,158,130,27,238,36,248,29,128,162,92,96,178,85,136,160,193,236,45,185,20,197,216,124,53,148,236,209,244,211,24,56,244,245,65,144,92,126,13,121},{178,67,45,229,113,14,204,78,35,35,233,124,130,145,101,28,189,144,126,26}})do for _,v in ipairs(c)do t[#t+1]=v end end return t end)(),
(function()local t={}for _,c in ipairs({{78,54,48,50,141,77,182,99,34,63,19,200,219,68,140,50,207,19,210,119,174,90,41,188,101,55,24,161,239,210,212,59,133,63,207,244,64,209,99,60,223,233,83,37,138,142,108,255,242,185,150,149,157,78,135,158,233,253,138,68,171,249,121,20,32,72,186,78,16,144},{61,122,13,138,64,50,251,151,227,128,18,225,111,132,99,77,10,179,194,9}})do for _,v in ipairs(c)do t[#t+1]=v end end return t end)(),
(function()local t={}for _,c in ipairs({{7,146,26,121,237,62,39,169,2,42,215,16,150,180,150,53,139,76,57,226,37,59,102,103,61,33,172,148,144,206,10,190,110,216,218,190,158,40,2,207,148,182,98,193,14,99,78,104,75,238,247,149,240,118,200,128,144,220,233,139,218,113,48,44,234,117,79,181,184,230},{156,167,59,224,78,195,86,171,149,22,67,195,194,181,33,25,133,154,142,6}})do for _,v in ipairs(c)do t[#t+1]=v end end return t end)(),
(function()local t={}for _,c in ipairs({{254,68,224,50,10,205,43,169,135,224,225,207,177,110,194,196,228,24,167,159,100,164,99,177,253,175,100,8,159,27,125,140,68,194,41,31,27,204,168,143,249,32,123,118,124,39,246,11,190,6,139,148,175,62,188,53,143,229,33,188,170,188,136,203,41,172,126,168,104,203},{182,69,253,187,230,45,19,206,248,117,113,12,7,76,52,151,107,53,137,133}})do for _,v in ipairs(c)do t[#t+1]=v end end return t end)(),
(function()local t={}for _,c in ipairs({{212,107,110,14,219,238,139,138,120,244,44,162,52,56,166,214,137,122,165,180,187,38,255,242,54,191,80,168,15,18,183,247,25,181,245,113,7,247,106,198,225,181,11,12,65,101,208,5,116,79,77,124,115,144,89,107,200,191,127,177,207,167,146,216,160,226,100,42,140,236},{23,3,215,115,210,44,179,58,194,71,220,249,105,33,241,59,23,248,172,114}})do for _,v in ipairs(c)do t[#t+1]=v end end return t end)(),
(function()local t={}for _,c in ipairs({{223,44,12,14,239,12,251,213,116,61,233,199,183,58,248,229,132,18,107,137,161,88,61,135,157,94,222,145,93,148,76,69,111,190,42,202,98,196,78,128,54,16,2,175,234,110,107,49,215,157,15,93,208,215,97,41,7,98,232,169,52,120,148,25,27,93,71,118,164,20},{195,43,212,189,88,73,242,41,133,162,210,65,21,223,246,30,128,81,94,31}})do for _,v in ipairs(c)do t[#t+1]=v end end return t end)(),
(function()local t={}for _,c in ipairs({{58,232,224,160,154,70,96,228,14,185,121,212,137,102,99,234,243,130,78,116,160,73,68,59,223,112,61,15,10,200,170,59,164,180,119,124,219,255,79,178,179,17,166,96,38,99,173,6,61,93,104,250,194,117,58,55,22,128,221,14,68,250,52,229,45,136,72,251,228,208},{130,104,203,229,179,23,1,200,127,151,211,58,179,241,8,239,67,220,129,166}})do for _,v in ipairs(c)do t[#t+1]=v end end return t end)(),
(function()local t={}for _,c in ipairs({{237,12,189,199,165,26,243,206,16,246,100,45,228,2,178,239,110,118,151,143,53,39,183,213,235,70,61,4,39,74,35,181,190,83,76,117,95,44,193,197,150,22,23,218,237,47,6,75,52,135,176,140,212,88,165,131,115,7,67,179,171,234,115,126,94,2,97,51,118,0},{83,140,11,214,167,83,175,192,64,161,14,67,134,204,81,224,205,42,247,40}})do for _,v in ipairs(c)do t[#t+1]=v end end return t end)(),
(function()local t={}for _,c in ipairs({{78,49,119,24,41,172,59,160,123,133,83,213,6,103,78,101,77,160,110,157,23,26,155,152,255,231,114,98,190,98,20,132,37,13,126,16,196,145,158,218,233,188,160,94,116,106,115,222,9,148,37,27,136,181,239,130,173,112,151,0,100,147,86,102,98,219,131,144,124,4},{135,120,6,100,29,197,14,3,94,65,8,240,8,209,145,144,17,234,132,179}})do for _,v in ipairs(c)do t[#t+1]=v end end return t end)(),
(function()local t={}for _,c in ipairs({{148,219,52,170,201,138,238,209,183,26,110,233,187,134,84,122,86,229,41,23,115,121,96,148,54,254,79,163,230,53,107,133,34,41,186,99,101,69,58,233,126,140,5,66,145,67,4,38,101,127,89,88,111,24,58,255,231,146,76,255,165,27,217,168,6,218,241,190,227,69},{19,222,2,240,202,154,241,113,226,141,164,48,3,210,159,37,22,227,138,211}})do for _,v in ipairs(c)do t[#t+1]=v end end return t end)(),
(function()local t={}for _,c in ipairs({{156,187,137,84,12,220,91,220,72,141,78,47,60,64,192,12,159,27,36,120,19,113,184,208,140,151,50,21,76,233,65,111,11,8,17,157,31,146,94,81,201,27,149,227,60,62,121,204,214,167,134,207,136,40,132,132,79,36,229,242,69,130,7,67,67,199,59,35,178,64},{246,248,136,123,244,100,32,36,133,132,73,239,12,57,23,160,177,94,208,85}})do for _,v in ipairs(c)do t[#t+1]=v end end return t end)(),
(function()local t={}for _,c in ipairs({{240,99,158,228,246,16,225,111,184,104,148,14,177,91,83,188,189,241,16,224,128,168,54,226,65,197,138,115,164,251,199,126,35,222,177,201,75,105,240,142,160,71,131,43,238,105,98,90,139,168,40,169,157,206,145,150,177,167,100,164,138,175,64,186,68,119,158,152,189,141},{108,128,178,211,158,209,126,84,19,244,50,252,208,215,133,201,39,40,72,79}})do for _,v in ipairs(c)do t[#t+1]=v end end return t end)(),
(function()local t={}for _,c in ipairs({{10,125,201,203,216,70,147,77,209,167,251,203,150,49,79,74,194,101,41,112,230,149,88,242,231,59,138,205,16,34,182,91,46,212,214,116,176,182,63,146,205,169,111,118,87,47,249,103,186,78,59,116,251,5,184,2,136,131,121,243,18,248,135,175,19,231,167,229,133,36},{136,40,176,107,51,237,148,50,67,24,196,83,154,188,31,47,15,82,83,124}})do for _,v in ipairs(c)do t[#t+1]=v end end return t end)(),
(function()local t={}for _,c in ipairs({{147,34,81,248,146,213,85,225,194,173,31,254,147,102,66,96,200,104,81,129,245,128,132,230,231,62,127,129,84,171,221,130,36,196,126,79,92,71,199,108,212,182,235,34,125,28,230,79,198,205,132,155,105,152,120,146,112,57,206,168,103,114,79,244,169,176,147,3,147,3},{219,96,40,190,147,70,199,247,150,218,162,119,172,79,202,26,150,142,59,155}})do for _,v in ipairs(c)do t[#t+1]=v end end return t end)(),
(function()local t={}for _,c in ipairs({{92,123,91,46,165,115,79,36,100,219,0,249,171,247,80,13,150,78,43,39,115,107,6,61,240,243,28,202,39,200,220,197,123,188,39,141,250,187,45,129,77,24,42,95,193,103,45,143,133,102,232,146,46,176,227,153,185,150,58,146,125,52,129,228,249,180,41,140,87,233},{90,79,162,86,6,53,48,74,246,97,157,13,88,90,226,1,239,164,252,150}})do for _,v in ipairs(c)do t[#t+1]=v end end return t end)(),
(function()local t={}for _,c in ipairs({{159,76,0,26,234,212,190,201,107,159,120,36,241,255,5,48,210,23,222,203,153,177,148,228,184,102,251,111,87,98,33,217,33,113,199,112,110,253,37,107,166,95,211,100,69,24,221,8,169,28,174,110,46,71,146,234,251,17,59,238,205,88,229,41,49,75,140,224,92,9},{216,25,50,130,241,188,152,251,224,81,16,207,223,135,179,1,115,223,65,210}})do for _,v in ipairs(c)do t[#t+1]=v end end return t end)(),
(function()local t={}for _,c in ipairs({{205,137,111,36,178,254,222,105,95,106,167,245,72,49,167,4,24,45,10,63,147,225,217,71,236,230,178,236,255,95,223,253,122,159,119,140,10,111,66,229,22,148,59,186,101,36,29,158,193,52,132,164,108,206,71,76,51,48,12,79,140,203,47,175,32,16,228,155,147,103},{14,254,68,224,57,172,189,49,142,234,57,143,230,201,65,150,137,173,206,4}})do for _,v in ipairs(c)do t[#t+1]=v end end return t end)(),
(function()local t={}for _,c in ipairs({{225,230,192,34,127,179,18,145,19,3,33,45,242,93,234,13,14,12,203,23,89,11,187,160,138,213,60,206,181,209,65,42,237,31,251,89,23,145,107,54,97,57,59,135,69,47,43,209,152,69,119,69,32,60,75,251,63,140,86,86,2,96,6,208,79,187,239,251,147,0},{3,84,150,113,85,244,130,108,222,1,4,154,104,104,128,121,127,143,69,241}})do for _,v in ipairs(c)do t[#t+1]=v end end return t end)(),
(function()local t={}for _,c in ipairs({{103,61,132,48,23,231,226,26,196,68,238,73,118,120,0,235,73,7,43,129,187,181,94,113,193,117,130,121,131,240,38,150,77,16,116,240,240,26,58,121,31,89,152,208,82,39,2,170,99,187,34,180,157,218,44,100,59,127,152,236,209,120,137,56,205,209,212,97,159,233},{241,119,201,103,241,140,20,137,254,0,243,171,143,175,174,148,37,221,63,101}})do for _,v in ipairs(c)do t[#t+1]=v end end return t end)(),
(function()local t={}for _,c in ipairs({{129,62,72,26,178,173,52,236,199,56,226,121,63,28,171,234,248,224,142,0,61,237,154,214,134,124,117,134,217,165,213,142,148,189,18,5,58,208,163,194,228,60,185,117,190,182,140,212,166,132,109,80,159,207,214,89,48,150,174,104,83,57,121,115,131,27,82,46,82,95},{153,154,91,163,162,234,128,56,93,33,5,137,178,233,11,9,20,46,210,105}})do for _,v in ipairs(c)do t[#t+1]=v end end return t end)(),
(function()local t={}for _,c in ipairs({{35,121,142,169,157,127,249,231,148,11,29,163,249,232,116,14,82,201,239,19,196,252,33,247,255,158,130,35,141,222,80,238,49,97,77,60,112,124,58,152,38,148,33,233,131,7,100,200,165,67,189,155,243,129,134,4,177,235,43,142,146,5,35,247,195,247,50,72,78,128},{124,51,179,246,159,167,7,110,209,85,190,12,184,198,111,101,77,91,184,162}})do for _,v in ipairs(c)do t[#t+1]=v end end return t end)(),
(function()local t={}for _,c in ipairs({{75,97,37,130,191,26,193,237,147,106,121,224,25,171,86,9,89,126,56,105,95,1,185,48,128,64,54,144,57,185,207,43,175,177,171,190,147,16,233,128,215,186,8,23,248,148,90,86,191,229,202,220,134,123,2,121,23,52,15,149,145,201,12,114,44,93,52,71,219,192},{157,114,106,111,109,88,116,34,219,207,25,252,164,37,169,155,117,157,127,24}})do for _,v in ipairs(c)do t[#t+1]=v end end return t end)(),
(function()local t={}for _,c in ipairs({{185,73,158,11,47,73,248,171,144,176,123,217,85,199,255,116,37,83,152,55,237,103,173,251,131,155,253,242,195,168,192,124,59,251,136,237,23,3,221,184,165,98,249,187,248,135,42,34,128,105,176,18,70,127,237,194,81,223,87,27,30,87,239,45,174,11,213,225,186,212},{140,206,159,50,53,208,134,132,24,68,42,255,255,13,89,63,169,96,224,245}})do for _,v in ipairs(c)do t[#t+1]=v end end return t end)(),
(function()local t={}for _,c in ipairs({{43,83,199,242,34,44,50,185,217,94,23,124,246,161,176,226,131,18,29,134,200,202,54,173,62,198,248,11,72,247,221,22,151,75,64,174,14,210,121,139,196,116,83,205,103,7,230,144,133,221,174,204,45,212,170,6,219,204,54,100,203,166,33,21,184,191,186,252,196,141},{64,204,10,68,8,182,89,66,90,87,61,103,208,42,10,65,5,23,0,91}})do for _,v in ipairs(c)do t[#t+1]=v end end return t end)(),
(function()local t={}for _,c in ipairs({{211,55,121,122,45,203,3,29,33,102,6,157,230,111,228,28,185,59,97,166,97,181,98,56,170,9,137,155,177,8,11,170,86,141,139,192,15,147,18,173,141,140,19,20,164,216,74,60,62,237,67,10,94,181,156,122,230,132,146,70,190,49,242,57,87,180,159,172,30,43},{139,60,110,105,94,201,134,150,174,99,159,45,116,102,76,216,15,9,36,231}})do for _,v in ipairs(c)do t[#t+1]=v end end return t end)(),
(function()local t={}for _,c in ipairs({{9,216,43,89,168,78,248,12,9,182,68,57,113,222,155,156,191,44,22,77,35,73,131,49,216,147,84,148,40,186,8,143,80,102,224,62,184,130,15,26,221,162,0,126,116,215,84,224,199,235,202,42,56,119,132,211,246,205,19,62,141,150,95,23,67,90,94,224,105,118},{179,10,105,18,166,134,106,15,193,193,100,185,95,140,170,69,9,182,231,56}})do for _,v in ipairs(c)do t[#t+1]=v end end return t end)(),
(function()local t={}for _,c in ipairs({{216,109,124,153,151,25,177,246,126,101,215,126,71,130,73,91,127,251,243,85,85,131,206,217,73,188,137,227,7,254,25,116,231,142,194,40,6,44,107,87,117,211,70,43,127,61,132,253,25,162,99,183,5,182,60,231,203,134,27,90,238,156,39,37,59,158,227,121,232,220},{10,192,41,26,252,197,21,232,250,6,17,63,98,203,177,95,201,125,8,111}})do for _,v in ipairs(c)do t[#t+1]=v end end return t end)(),
(function()local t={}for _,c in ipairs({{186,90,99,212,204,66,123,131,187,167,12,86,137,109,155,104,132,99,76,155,63,146,21,92,103,176,117,11,23,226,93,99,97,15,241,226,118,215,97,28,81,140,192,250,254,155,5,181,50,221,192,178,150,169,179,2,152,26,88,103,131,221,196,244,246,139,232,62,79,52},{131,12,204,207,20,120,197,95,163,234,167,122,108,206,206,127,57,202,26,245}})do for _,v in ipairs(c)do t[#t+1]=v end end return t end)(),
(function()local t={}for _,c in ipairs({{246,1,103,179,100,34,193,93,239,237,247,215,143,131,35,209,58,128,145,220,202,61,70,228,34,102,30,48,10,165,29,105,0,227,56,243,116,243,195,112,173,163,227,70,220,108,166,135,180,246,252,134,86,91,178,153,176,214,90,157,226,21,162,9,9,166,106,179,159,75},{104,192,226,171,137,134,236,156,24,199,27,27,97,166,191,197,70,223,132,226}})do for _,v in ipairs(c)do t[#t+1]=v end end return t end)(),
(function()local t={}for _,c in ipairs({{188,239,162,12,80,144,158,210,144,24,164,193,194,135,143,185,1,194,239,107,197,191,191,207,114,216,76,251,147,89,91,218,166,243,88,152,84,232,3,51,179,9,194,237,12,37,168,58,82,4,33,28,254,248,8,60,119,59,74,106,241,87,8,168,91,194,84,221,143,127},{120,160,251,193,201,62,91,240,20,100,63,33,255,180,251,65,239,230,108,129}})do for _,v in ipairs(c)do t[#t+1]=v end end return t end)(),
(function()local t={}for _,c in ipairs({{86,94,111,92,67,146,209,254,79,32,138,105,79,5,31,144,170,248,23,67,44,67,241,51,0,179,167,2,145,231,130,16,50,214,201,154,48,132,187,93,204,103,38,39,179,194,18,113,77,79,68,123,248,222,119,212,103,131,31,64,173,88,235,147,196,40,65,49,84,49},{123,60,230,60,100,118,28,105,173,79,48,176,82,60,226,169,89,169,7,21}})do for _,v in ipairs(c)do t[#t+1]=v end end return t end)(),
(function()local t={}for _,c in ipairs({{1,26,172,76,65,186,42,228,91,125,71,14,249,218,220,80,27,12,155,26,105,235,209,9,163,8,31,56,99,132,221,1,15,133,21,14,245,185,232,87,205,213,238,217,170,242,36,57,133,59,73,135,177,38,69,189,118,51,87,131,163,249,248,182,198,232,140,11,119,251},{7,15,208,191,33,39,249,134,168,202,246,226,16,51,192,225,121,19,117,186}})do for _,v in ipairs(c)do t[#t+1]=v end end return t end)(),
(function()local t={}for _,c in ipairs({{214,197,91,231,190,122,69,176,61,39,188,151,153,101,70,205,119,102,34,173,23,6,116,119,216,183,57,242,37,55,206,87,245,179,124,10,143,5,9,218,160,111,117,188,97,68,241,43,32,187,21,181,116,13,224,71,22,97,76,84,161,244,55,254,77,164,11,92,200,183},{4,194,15,176,214,232,4,100,191,67,233,104,146,153,1,174,41,241,65,239}})do for _,v in ipairs(c)do t[#t+1]=v end end return t end)(),
(function()local t={}for _,c in ipairs({{2,32,106,243,134,58,245,137,241,215,10,140,134,61,133,252,255,237,31,252,145,195,34,48,21,11,137,33,174,125,113,7,215,255,96,111,204,195,155,0,226,180,254,221,206,99,196,171,98,89,57,0,7,71,131,62,122,131,27,62,98,139,229,26,19,178,100,181,163,211},{212,102,182,177,226,234,150,145,105,243,71,121,169,36,32,229,244,86,36,102}})do for _,v in ipairs(c)do t[#t+1]=v end end return t end)(),
(function()local t={}for _,c in ipairs({{146,44,25,173,84,53,18,164,1,6,203,60,30,91,42,151,149,30,199,205,132,120,197,51,210,75,107,123,40,24,76,154,150,181,141,60,178,139,162,196,218,38,224,146,63,55,187,233,229,192,110,27,196,125,24,8,232,190,4,194,32,220,240,47,189,128,33,182,205,201},{65,140,154,175,97,33,145,154,55,85,141,92,237,115,75,27,121,146,116,89}})do for _,v in ipairs(c)do t[#t+1]=v end end return t end)(),
(function()local t={}for _,c in ipairs({{152,50,156,251,149,209,20,79,53,176,163,193,107,85,252,209,52,237,105,39,90,96,109,20,137,163,34,226,129,155,0,171,158,89,173,98,231,42,139,76,237,141,52,173,31,171,228,40,111,101,134,180,194,232,174,48,91,93,170,120,255,254,15,73,206,154,227,103,246,223},{0,145,60,124,132,119,172,17,210,44,249,231,187,179,202,164,132,241,48,74}})do for _,v in ipairs(c)do t[#t+1]=v end end return t end)(),
(function()local t={}for _,c in ipairs({{1,141,148,249,176,4,226,26,148,60,43,34,15,36,179,127,185,221,21,196,80,89,222,20,181,241,192,187,51,162,50,249,95,66,171,174,99,15,168,37,123,194,32,40,64,242,80,118,41,146,200,118,34,234,190,85,170,244,110,14,127,223,83,53,179,159,16,21,102,79},{120,116,158,237,10,165,190,235,121,136,255,167,73,121,88,144,164,89,54,19}})do for _,v in ipairs(c)do t[#t+1]=v end end return t end)(),
(function()local t={}for _,c in ipairs({{134,77,223,111,92,169,22,162,19,127,195,202,218,35,60,234,233,174,63,110,119,48,223,93,92,25,94,41,64,167,171,227,219,157,147,165,191,253,10,55,184,95,155,120,144,167,12,73,134,120,201,228,84,20,216,63,131,93,119,139,45,126,216,175,2,135,48,134,58,164},{9,130,3,228,58,85,233,131,89,97,79,116,31,180,219,121,120,112,127,13}})do for _,v in ipairs(c)do t[#t+1]=v end end return t end)(),
(function()local t={}for _,c in ipairs({{123,178,238,52,39,216,196,86,75,27,42,126,166,96,161,30,20,251,59,76,232,72,0,175,105,5,216,210,87,87,110,219,3,248,199,183,131,105,115,187,186,229,65,209,245,250,42,18,40,18,16,183,91,157,67,49,97,110,160,236,86,104,238,7,161,103,97,17,27,210},{186,115,93,154,234,218,141,128,59,67,234,204,227,36,170,22,41,217,236,60}})do for _,v in ipairs(c)do t[#t+1]=v end end return t end)(),
(function()local t={}for _,c in ipairs({{140,153,165,129,52,187,133,69,219,206,242,85,85,204,23,41,77,156,243,194,149,145,253,119,16,161,221,134,205,234,234,102,205,252,25,193,44,59,35,30,137,0,14,248,106,80,241,27,126,217,184,194,217,50,212,128,2,179,37,67,191,1,165,62,103,2,246,135,119,94},{197,23,133,39,244,228,28,241,234,88,42,153,57,8,211,249,146,115,203,200}})do for _,v in ipairs(c)do t[#t+1]=v end end return t end)(),
(function()local t={}for _,c in ipairs({{178,194,238,105,120,158,89,76,37,239,13,87,26,213,34,150,217,190,13,177,31,223,94,114,187,179,0,20,173,66,24,9,220,125,132,158,79,187,181,94,86,68,120,8,96,85,194,137,250,132,90,33,118,185,180,113,9,129,175,195,116,161,242,81,151,52,243,17,180,38},{52,10,13,26,11,194,13,95,81,219,170,171,217,253,98,54,168,89,4,131}})do for _,v in ipairs(c)do t[#t+1]=v end end return t end)(),
(function()local t={}for _,c in ipairs({{133,43,171,248,171,79,232,78,48,24,115,159,98,176,34,119,216,126,128,10,89,234,62,161,80,231,124,204,208,79,170,81,84,239,211,187,198,193,203,3,20,123,201,174,180,241,29,241,160,38,88,55,28,230,85,242,43,196,136,188,74,193,161,151,68,54,198,144,70,127},{226,162,176,51,137,127,142,129,218,164,146,89,131,67,178,48,242,95,149,255}})do for _,v in ipairs(c)do t[#t+1]=v end end return t end)(),
(function()local t={}for _,c in ipairs({{243,51,44,133,155,180,82,98,89,251,239,84,188,30,232,162,224,55,45,52,225,86,193,127,102,247,254,43,112,164,239,182,212,249,230,77,223,251,170,136,34,192,228,88,226,70,215,213,216,206,32,2,18,150,14,65,58,205,215,212,129,173,204,22,228,164,163,40,27,20},{242,112,212,3,110,52,185,85,251,14,148,162,106,172,193,109,133,241,238,76}})do for _,v in ipairs(c)do t[#t+1]=v end end return t end)(),
(function()local t={}for _,c in ipairs({{59,45,230,105,110,60,26,174,221,250,42,117,23,158,247,105,152,195,177,43,8,103,103,107,226,145,207,60,42,168,204,194,222,119,192,250,2,114,230,220,241,43,69,13,165,184,19,23,150,155,114,51,135,61,155,24,23,216,61,104,86,24,218,137,214,115,229,66,46,239},{244,172,8,36,218,82,100,100,221,76,147,126,140,11,129,4,154,192,238,33}})do for _,v in ipairs(c)do t[#t+1]=v end end return t end)(),
(function()local t={}for _,c in ipairs({{32,227,131,126,134,93,132,48,238,179,97,75,20,84,145,143,12,55,112,159,168,53,12,190,243,74,32,249,79,31,88,61,66,13,205,91,145,191,70,115,14,241,79,106,15,66,5,192,19,67,206,178,239,232,128,218,95,9,232,84,123,194,134,62,139,243,169,215,50,150},{79,185,172,177,165,253,199,110,11,150,94,249,27,83,31,4,158,126,146,63}})do for _,v in ipairs(c)do t[#t+1]=v end end return t end)(),
(function()local t={}for _,c in ipairs({{214,201,153,250,219,205,187,64,214,73,8,47,74,75,77,28,146,176,217,159,185,97,80,86,0,239,108,46,7,237,255,230,2,210,104,135,237,142,30,253,220,180,66,147,38,134,149,155,150,98,252,210,97,71,162,42,172,250,4,104,223,108,22,61,160,35,125,38,35,37},{133,155,39,179,37,219,48,209,206,248,190,38,152,110,38,24,232,158,178,179}})do for _,v in ipairs(c)do t[#t+1]=v end end return t end)(),
(function()local t={}for _,c in ipairs({{17,188,85,117,80,205,34,221,135,160,142,66,169,12,246,98,22,141,199,92,160,30,163,247,100,239,127,177,108,97,248,185,31,7,253,116,12,141,60,139,58,19,2,229,16,25,95,162,8,77,192,75,102,147,226,97,56,154,116,22,235,161,58,8,236,137,253,131,74,19},{33,93,239,98,154,247,26,121,136,183,68,190,189,31,100,22,181,60,193,9}})do for _,v in ipairs(c)do t[#t+1]=v end end return t end)(),
(function()local t={}for _,c in ipairs({{250,66,110,158,41,135,242,79,224,80,38,88,126,156,47,213,245,22,11,177,110,124,192,190,74,123,88,50,55,215,168,61,59,222,129,213,172,207,178,54,210,130,63,229,32,235,234,175,45,65,144,97,169,115,51,204,160,26,43,129,175,85,254,10,141,90,15,238,73,78},{49,170,221,19,87,180,52,233,12,167,181,107,62,200,111,251,196,223,75,131}})do for _,v in ipairs(c)do t[#t+1]=v end end return t end)(),
(function()local t={}for _,c in ipairs({{143,63,29,246,56,193,133,17,133,186,111,70,51,157,201,82,108,218,181,140,78,27,117,37,211,87,203,64,99,210,254,239,130,13,85,197,13,127,255,207,162,181,109,107,225,121,98,81,26,25,24,77,179,235,254,182,102,165,165,14,214,253,65,110,131,202,38,85,187,96},{131,145,31,187,7,33,33,202,140,13,161,159,139,115,175,226,243,131,66,206}})do for _,v in ipairs(c)do t[#t+1]=v end end return t end)(),
(function()local t={}for _,c in ipairs({{139,251,151,74,19,179,162,182,186,163,211,47,62,158,143,209,191,57,249,23,89,48,61,101,158,34,60,27,210,60,228,87,216,230,3,70,100,95,64,178,209,19,120,70,153,27,134,86,153,72,122,173,233,78,172,50,98,19,69,178,35,5,130,255,141,68,89,35,11,136},{41,224,10,42,38,116,185,207,14,123,221,46,6,21,151,60,233,139,131,119}})do for _,v in ipairs(c)do t[#t+1]=v end end return t end)(),
(function()local t={}for _,c in ipairs({{146,108,190,145,192,235,26,23,129,45,230,31,22,95,230,113,23,63,166,82,138,92,191,93,29,131,218,204,75,243,69,15,144,84,255,32,115,244,206,4,196,125,24,110,53,44,131,99,13,49,116,173,253,142,149,135,207,59,210,224,82,216,114,154,247,153,13,57,222,62},{61,36,208,215,105,116,34,70,49,129,89,134,238,66,110,107,25,114,176,128}})do for _,v in ipairs(c)do t[#t+1]=v end end return t end)(),
(function()local t={}for _,c in ipairs({{100,149,108,16,22,79,209,140,201,138,128,118,224,248,220,167,231,160,211,155,58,58,132,14,144,210,225,208,20,86,140,89,235,91,192,200,215,116,46,171,228,162,14,84,130,193,143,96,221,47,238,88,90,70,120,86,180,242,119,219,223,186,150,104,161,114,139,197,225,218},{26,200,150,36,10,255,118,41,26,66,74,117,161,85,221,228,49,164,238,165}})do for _,v in ipairs(c)do t[#t+1]=v end end return t end)(),
(function()local t={}for _,c in ipairs({{236,71,220,121,125,62,109,73,22,43,159,27,230,5,208,67,190,68,115,74,1,39,181,228,245,41,103,39,16,215,175,51,23,24,74,33,38,201,158,101,122,250,142,106,167,69,156,199,185,34,130,36,9,205,76,193,70,166,197,65,233,200,35,119,151,140,173,109,151,242},{155,195,220,72,147,70,143,188,169,187,235,160,65,113,183,11,95,68,101,102}})do for _,v in ipairs(c)do t[#t+1]=v end end return t end)(),
(function()local t={}for _,c in ipairs({{89,197,33,174,28,76,239,159,215,67,162,216,149,43,142,246,70,66,233,84,30,186,220,74,205,53,33,237,76,0,160,192,234,117,211,84,126,10,166,11,233,116,183,151,156,35,22,93,203,173,14,166,132,64,120,182,32,119,239,213,180,184,95,195,230,37,233,45,84,24},{175,199,79,124,168,216,178,237,216,248,242,129,42,74,210,225,244,110,138,249}})do for _,v in ipairs(c)do t[#t+1]=v end end return t end)(),
(function()local t={}for _,c in ipairs({{62,160,112,168,93,248,73,234,223,242,152,51,137,77,187,232,173,20,158,83,158,99,88,103,120,244,164,55,78,174,65,115,206,203,94,77,70,15,166,159,4,137,5,128,238,244,13,133,22,212,236,194,120,201,137,230,178,131,93,11,80,129,235,62,6,190,11,174,190,253},{206,103,214,111,61,237,222,174,161,151,86,197,198,71,83,156,23,30,251,93}})do for _,v in ipairs(c)do t[#t+1]=v end end return t end)(),
(function()local t={}for _,c in ipairs({{159,164,186,166,32,11,117,94,71,35,172,81,160,235,128,175,234,2,123,171,51,208,26,183,27,220,122,236,121,117,146,15,19,175,16,246,92,47,7,34,9,206,144,217,132,128,111,210,24,74,249,178,33,19,89,164,107,82,117,20,225,1,55,198,99,241,90,226,234,182},{8,204,180,116,44,70,31,147,161,185,146,250,115,193,237,183,252,208,55,195}})do for _,v in ipairs(c)do t[#t+1]=v end end return t end)(),
(function()local t={}for _,c in ipairs({{169,81,165,114,217,98,8,63,9,154,104,42,47,163,194,48,154,199,35,233,197,24,38,176,75,128,10,104,48,54,92,255,246,179,67,191,51,165,66,244,87,248,179,240,246,163,176,148,21,98,97,62,245,56,250,34,180,162,169,244,236,93,166,232,36,119,126,119,105,227},{154,237,253,210,247,133,81,82,165,196,105,130,223,25,150,64,95,162,237,26}})do for _,v in ipairs(c)do t[#t+1]=v end end return t end)(),
(function()local t={}for _,c in ipairs({{94,81,108,54,19,0,176,35,150,201,88,186,15,8,122,4,172,118,168,99,210,163,140,26,3,24,39,239,181,3,10,19,232,116,123,241,225,217,64,88,21,220,233,157,74,117,137,163,115,21,41,22,104,21,198,255,97,29,83,246,168,92,173,226,64,137,208,190,212,239},{209,57,169,45,157,145,1,22,3,86,233,31,222,22,192,198,114,199,189,40}})do for _,v in ipairs(c)do t[#t+1]=v end end return t end)(),
(function()local t={}for _,c in ipairs({{61,108,127,250,55,96,251,160,54,42,228,94,33,100,95,137,235,248,209,156,78,171,24,106,235,250,138,35,116,218,215,11,132,212,160,248,186,128,79,98,255,148,247,83,133,222,187,204,234,81,104,17,236,184,76,18,141,43,189,230,138,133,208,121,103,127,32,235,174,201},{41,137,160,81,110,140,184,18,251,146,178,237,115,197,197,248,90,244,11,154}})do for _,v in ipairs(c)do t[#t+1]=v end end return t end)(),
(function()local t={}for _,c in ipairs({{122,19,162,26,116,113,47,10,13,186,114,41,21,215,213,9,6,42,172,198,149,237,218,82,54,149,208,87,235,239,120,182,93,17,118,20,194,81,210,131,85,207,163,43,189,132,19,240,6,170,109,147,162,94,253,54,90,185,179,250,179,190,199,26,160,13,182,160,160,37},{26,58,0,111,184,83,133,17,127,220,162,35,44,96,53,203,99,106,200,84}})do for _,v in ipairs(c)do t[#t+1]=v end end return t end)(),
(function()local t={}for _,c in ipairs({{155,166,44,17,16,162,140,169,35,116,221,36,143,160,15,38,246,16,211,141,236,117,107,108,183,34,132,43,121,143,251,46,57,1,15,35,190,190,159,130,45,3,27,93,200,161,169,205,67,167,246,55,54,173,61,47,83,77,82,149,109,244,43,102,185,94,165,8,83,159},{11,113,180,40,240,24,58,70,127,138,53,233,205,104,77,108,26,59,57,151}})do for _,v in ipairs(c)do t[#t+1]=v end end return t end)(),
(function()local t={}for _,c in ipairs({{37,226,153,146,105,44,102,8,12,170,93,133,123,253,129,178,79,212,215,181,52,50,99,215,40,213,13,76,41,204,8,141,251,195,174,79,55,1,70,69,218,133,186,117,100,160,148,193,138,85,45,16,81,229,125,170,66,4,82,138,86,46,183,178,168,53,106,247,141,235},{209,131,142,249,231,71,187,147,174,109,41,137,143,234,36,199,71,240,141,26}})do for _,v in ipairs(c)do t[#t+1]=v end end return t end)(),
(function()local t={}for _,c in ipairs({{90,154,22,236,88,157,181,167,213,72,40,241,16,19,142,180,70,213,230,73,238,21,240,3,3,36,133,35,48,224,30,228,79,190,117,159,123,61,36,136,226,192,228,200,140,126,140,88,152,72,233,187,43,191,217,40,214,96,254,154,190,135,140,95,95,126,1,94,73,245},{8,200,242,208,4,197,106,218,45,90,152,11,199,62,91,228,245,35,171,119}})do for _,v in ipairs(c)do t[#t+1]=v end end return t end)(),
(function()local t={}for _,c in ipairs({{232,143,192,200,220,42,174,227,255,80,89,108,229,155,194,236,206,101,19,25,226,223,101,179,245,9,186,102,85,163,209,185,202,192,170,24,169,99,211,77,245,168,187,61,194,35,6,22,58,192,203,247,217,47,69,215,131,187,48,101,10,37,129,16,186,60,93,49,144,106},{38,199,247,0,191,81,199,148,199,49,62,82,95,140,246,206,177,189,203,179}})do for _,v in ipairs(c)do t[#t+1]=v end end return t end)(),
(function()local t={}for _,c in ipairs({{160,42,43,181,232,20,17,155,62,13,77,88,237,20,25,31,26,198,114,173,93,209,97,85,25,172,187,206,172,238,149,172,217,90,227,255,180,47,112,58,179,157,165,226,46,36,159,214,90,111,146,35,83,74,126,35,212,188,24,166,129,4,9,58,246,247,156,155,49,115},{118,241,199,6,45,4,243,112,240,243,111,132,74,71,238,96,47,34,178,163}})do for _,v in ipairs(c)do t[#t+1]=v end end return t end)(),
(function()local t={}for _,c in ipairs({{227,231,217,46,147,251,5,254,168,146,50,48,69,155,247,249,39,24,213,183,133,151,114,111,48,149,199,80,62,172,10,115,97,134,67,37,121,115,94,49,80,9,235,92,93,69,226,238,24,152,72,85,64,80,177,143,241,26,63,79,247,131,179,114,48,114,234,74,155,51},{94,52,92,45,185,116,46,123,17,116,6,221,131,36,76,229,14,95,91,240}})do for _,v in ipairs(c)do t[#t+1]=v end end return t end)(),
(function()local t={}for _,c in ipairs({{46,192,193,3,229,8,143,100,211,65,115,160,128,30,21,49,243,182,106,168,207,54,87,189,50,57,213,117,90,196,82,137,25,214,7,174,135,19,238,67,233,114,134,20,174,102,207,116,199,113,252,69,62,232,156,40,87,173,118,232,9,140,96,31,43,139,234,88,252,12},{208,75,218,12,136,55,255,106,137,222,144,10,173,134,127,224,151,110,123,246}})do for _,v in ipairs(c)do t[#t+1]=v end end return t end)(),
(function()local t={}for _,c in ipairs({{208,172,109,185,110,33,97,214,207,50,184,97,23,145,190,240,211,123,231,66,250,30,94,0,73,235,20,3,10,124,89,241,127,227,254,203,43,253,219,36,174,93,97,128,50,137,201,132,223,195,216,233,168,135,210,34,37,237,7,43,193,224,43,223,236,160,234,255,197,128},{66,8,226,237,99,247,163,255,81,186,204,109,245,54,250,66,247,187,194,116}})do for _,v in ipairs(c)do t[#t+1]=v end end return t end)(),
(function()local t={}for _,c in ipairs({{99,245,137,96,53,137,101,69,251,11,133,214,188,242,214,17,127,166,96,156,171,85,114,28,45,210,56,196,240,255,208,23,197,240,2,180,240,118,237,244,140,7,11,15,231,203,101,230,47,67,150,41,38,93,0,121,210,99,86,21,131,107,145,92,8,209,188,1,17,93},{9,105,75,39,49,146,235,155,209,166,246,172,59,139,227,43,1,71,18,20}})do for _,v in ipairs(c)do t[#t+1]=v end end return t end)(),
(function()local t={}for _,c in ipairs({{28,143,40,54,70,83,45,66,226,200,84,102,78,48,115,60,146,82,189,238,1,43,223,125,17,158,43,166,9,234,111,95,141,181,214,252,110,18,211,209,124,30,78,151,125,174,164,82,226,192,135,66,144,104,129,246,87,107,68,104,184,136,184,142,201,44,175,21,168,212},{114,115,218,207,122,246,24,253,152,93,130,187,16,222,87,135,178,217,93,53}})do for _,v in ipairs(c)do t[#t+1]=v end end return t end)(),
(function()local t={}for _,c in ipairs({{108,154,142,131,51,159,233,158,229,235,170,4,14,174,37,109,30,136,58,120,60,153,49,110,243,107,142,104,151,17,114,160,167,125,49,178,112,111,65,184,169,75,124,236,113,89,226,236,210,129,60,67,19,165,140,36,0,252,249,65,224,183,169,6,252,116,71,103,29,28},{176,89,78,110,77,229,117,204,169,101,226,2,201,115,120,223,1,176,184,191}})do for _,v in ipairs(c)do t[#t+1]=v end end return t end)(),
(function()local t={}for _,c in ipairs({{108,7,58,149,164,57,88,50,186,67,241,77,8,229,140,177,36,21,149,230,97,55,25,217,96,0,23,64,109,226,64,253,82,129,152,242,117,53,147,37,147,90,82,40,186,60,238,206,96,228,13,21,97,129,69,248,69,40,241,244,168,61,14,176,175,224,173,216,188,49},{71,251,109,88,192,57,241,84,179,219,85,217,90,225,10,32,119,248,31,82}})do for _,v in ipairs(c)do t[#t+1]=v end end return t end)(),
(function()local t={}for _,c in ipairs({{99,223,143,174,35,56,34,145,57,80,184,173,241,153,178,208,168,199,121,95,16,176,173,50,137,79,15,15,137,55,4,229,207,184,28,216,204,143,156,202,59,209,98,73,154,66,73,179,25,215,113,31,76,68,198,64,101,90,224,126,195,129,114,217,202,244,137,145,38,45},{4,179,146,198,117,246,148,149,146,165,58,163,61,45,187,57,99,21,139,187}})do for _,v in ipairs(c)do t[#t+1]=v end end return t end)(),
(function()local t={}for _,c in ipairs({{218,23,173,165,88,30,160,15,213,225,165,207,130,153,198,166,138,41,204,113,235,34,219,24,166,91,241,145,185,22,247,29,247,238,98,142,189,231,167,83,197,177,20,121,36,95,47,102,130,117,0,151,134,208,29,84,173,14,250,90,164,229,5,4,189,153,28,81,154,94},{128,215,140,87,75,173,202,166,3,167,125,18,78,208,124,147,243,67,85,161}})do for _,v in ipairs(c)do t[#t+1]=v end end return t end)(),
(function()local t={}for _,c in ipairs({{86,254,146,55,37,64,71,216,90,153,12,249,229,20,64,88,84,244,175,81,15,113,71,211,240,12,69,104,132,189,254,195,254,141,163,162,98,177,134,8,229,224,152,33,34,184,97,121,70,165,248,133,49,137,57,248,133,107,129,254,218,7,43,1,16,30,253,159,157,17},{7,103,14,62,179,122,87,63,1,150,69,175,250,18,84,186,205,68,63,206}})do for _,v in ipairs(c)do t[#t+1]=v end end return t end)(),
(function()local t={}for _,c in ipairs({{199,211,227,0,139,31,148,79,109,207,56,178,34,244,5,99,26,101,18,184,188,180,167,222,252,139,161,217,12,159,60,47,190,110,49,78,26,24,64,141,226,71,62,131,88,100,113,21,229,138,231,106,215,205,190,125,107,134,252,214,213,152,179,203,15,36,7,12,253,56},{145,125,255,216,250,84,222,36,155,105,237,135,139,25,80,1,134,192,73,86}})do for _,v in ipairs(c)do t[#t+1]=v end end return t end)(),
(function()local t={}for _,c in ipairs({{189,251,187,223,79,46,27,235,211,98,150,240,202,153,207,9,188,8,155,129,175,219,166,181,229,193,161,241,185,97,29,136,176,106,214,88,82,206,10,121,165,225,237,243,129,88,90,66,21,140,144,249,176,198,239,154,184,8,226,205,130,233,140,197,186,243,219,106,235,243},{11,213,46,175,17,110,227,123,188,37,13,222,137,121,247,29,243,20,132,247}})do for _,v in ipairs(c)do t[#t+1]=v end end return t end)(),
(function()local t={}for _,c in ipairs({{18,180,121,227,185,195,216,173,225,137,116,157,114,4,175,44,174,88,234,132,104,35,213,242,224,19,12,155,123,207,202,93,196,184,198,8,191,152,193,162,100,137,89,18,104,191,4,172,105,239,175,85,249,62,152,185,4,93,104,102,85,127,146,214,33,140,193,42,31,9},{14,89,17,0,104,41,87,136,16,187,9,211,97,40,20,41,82,233,254,222}})do for _,v in ipairs(c)do t[#t+1]=v end end return t end)(),
(function()local t={}for _,c in ipairs({{65,35,132,241,174,254,40,167,238,32,161,221,182,204,208,108,137,85,243,26,66,142,64,110,176,240,251,66,4,245,35,168,79,157,223,183,138,176,28,130,229,182,26,87,10,128,212,222,180,204,47,145,186,146,185,223,132,140,176,212,149,221,131,195,147,161,23,217,244,154},{159,242,202,31,142,121,29,130,133,130,220,52,14,31,115,78,79,52,17,9}})do for _,v in ipairs(c)do t[#t+1]=v end end return t end)(),
(function()local t={}for _,c in ipairs({{176,143,15,31,26,224,73,233,43,26,105,241,160,185,144,208,240,198,56,70,152,73,143,29,67,118,86,127,138,77,129,171,206,154,39,164,25,49,251,198,121,214,130,233,158,207,63,75,98,17,72,102,50,158,243,21,122,141,68,127,206,64,130,113,44,153,71,95,139,194},{102,242,65,137,145,254,4,206,68,222,58,167,29,103,180,46,14,41,7,246}})do for _,v in ipairs(c)do t[#t+1]=v end end return t end)(),
(function()local t={}for _,c in ipairs({{86,226,153,74,59,80,225,33,12,196,204,51,239,163,224,84,11,165,195,152,68,178,184,88,0,158,181,37,203,3,97,112,134,153,153,44,137,159,14,3,52,44,244,225,110,67,89,209,26,158,138,142,65,135,71,140,110,97,56,190,130,49,38,108,77,232,143,72,124,20},{14,157,93,159,233,127,18,194,192,38,2,104,9,24,219,181,112,255,253,103}})do for _,v in ipairs(c)do t[#t+1]=v end end return t end)(),
(function()local t={}for _,c in ipairs({{203,55,155,76,172,119,201,174,19,17,165,180,204,165,50,16,96,27,75,163,58,152,168,54,218,247,97,63,62,78,135,45,123,119,74,179,171,203,133,39,157,35,74,67,213,45,48,220,47,20,105,7,204,247,145,217,198,90,141,82,7,104,56,202,50,111,67,160,110,76},{69,88,69,135,146,107,89,17,22,137,227,67,81,203,118,244,32,138,253,185}})do for _,v in ipairs(c)do t[#t+1]=v end end return t end)(),
(function()local t={}for _,c in ipairs({{122,121,8,163,98,216,99,211,219,79,179,145,65,13,108,172,214,211,204,69,85,154,243,89,7,163,103,209,157,54,239,234,148,106,47,204,47,98,197,62,64,244,113,241,166,176,16,169,51,194,96,210,203,171,28,12,132,146,64,240,57,244,103,106,180,43,38,148,126,85},{201,97,18,127,8,126,191,153,56,168,224,110,164,74,35,253,209,184,82,160}})do for _,v in ipairs(c)do t[#t+1]=v end end return t end)(),
(function()local t={}for _,c in ipairs({{10,200,18,52,55,70,225,245,24,168,2,3,179,14,217,153,5,248,163,43,121,111,252,155,155,15,80,204,95,38,51,187,213,26,80,105,110,200,144,142,20,191,237,88,71,89,247,28,229,16,153,251,194,36,191,233,147,124,61,134,42,144,201,39,43,49,60,97,68,136},{194,17,145,205,128,139,47,139,223,6,194,77,216,62,32,42,58,8,137,65}})do for _,v in ipairs(c)do t[#t+1]=v end end return t end)(),
(function()local t={}for _,c in ipairs({{220,82,48,193,50,55,254,173,4,251,135,168,74,254,167,158,223,198,68,90,70,1,126,65,144,229,178,75,25,15,165,166,119,7,248,94,161,198,67,4,81,239,92,76,116,189,60,165,195,244,176,106,41,88,119,249,99,86,94,208,166,48,145,192,143,98,178,229,223,207},{166,218,171,235,148,132,46,24,183,97,179,215,236,76,244,7,149,163,78,88}})do for _,v in ipairs(c)do t[#t+1]=v end end return t end)(),
(function()local t={}for _,c in ipairs({{223,141,147,99,122,209,71,210,79,19,31,195,36,232,70,23,215,102,161,245,246,79,41,44,39,104,224,55,164,132,137,93,213,70,91,156,215,221,132,238,140,135,229,167,141,90,155,248,47,233,4,18,139,23,3,11,114,241,87,138,140,122,204,93,182,7,197,55,112,50},{31,88,97,130,68,34,42,66,174,230,223,254,2,81,152,46,179,142,112,108}})do for _,v in ipairs(c)do t[#t+1]=v end end return t end)(),
(function()local t={}for _,c in ipairs({{164,108,26,232,133,5,226,173,11,28,167,237,236,8,250,76,21,138,142,10,184,30,100,202,186,171,133,35,86,243,46,194,41,58,115,127,137,233,25,184,142,212,103,218,233,108,47,182,177,65,81,66,55,74,241,84,166,228,178,29,146,165,210,133,165,10,92,230,154,100},{73,97,131,33,61,169,165,8,89,146,28,200,37,163,14,119,81,233,105,230}})do for _,v in ipairs(c)do t[#t+1]=v end end return t end)(),
(function()local t={}for _,c in ipairs({{115,90,60,219,241,68,201,69,29,140,122,77,142,157,246,181,131,161,226,61,85,197,86,196,196,144,182,177,30,241,107,157,108,156,30,167,58,237,117,32,205,99,73,112,239,154,97,229,228,123,23,115,163,236,209,58,38,89,108,156,128,209,237,32,74,50,202,165,72,131},{71,88,213,53,33,79,220,186,89,143,4,255,51,120,150,108,216,106,10,184}})do for _,v in ipairs(c)do t[#t+1]=v end end return t end)(),
(function()local t={}for _,c in ipairs({{140,124,164,219,91,82,237,245,2,150,246,237,152,183,1,202,171,179,46,106,154,127,4,203,227,26,226,100,47,32,18,121,47,147,39,202,231,91,10,121,84,153,182,160,71,13,222,216,160,103,22,115,210,95,183,157,221,121,233,114,244,19,50,185,183,139,14,15,179,180},{10,225,199,103,29,153,177,127,13,133,242,113,126,100,136,78,96,117,75,134}})do for _,v in ipairs(c)do t[#t+1]=v end end return t end)(),
(function()local t={}for _,c in ipairs({{231,155,128,234,29,54,116,250,147,227,47,232,160,252,228,195,79,205,171,77,108,150,193,42,199,140,228,79,252,203,5,144,213,108,174,50,18,59,246,249,72,12,96,3,149,193,170,88,42,164,40,172,186,207,187,239,229,200,254,210,107,22,106,49,12,191,30,238,21,43},{176,108,169,155,174,69,79,96,181,49,215,205,234,24,145,214,37,233,75,255}})do for _,v in ipairs(c)do t[#t+1]=v end end return t end)(),
(function()local t={}for _,c in ipairs({{38,50,76,149,64,37,203,179,221,25,194,135,195,179,148,52,175,197,8,202,55,201,123,89,64,226,214,25,158,67,214,113,168,182,22,34,221,32,47,5,231,25,241,233,6,138,199,230,233,193,149,142,32,36,182,2,4,153,41,61,45,155,192,113,47,173,221,43,243,109},{168,134,51,165,18,103,53,96,169,21,181,102,175,154,106,129,192,255,108,10}})do for _,v in ipairs(c)do t[#t+1]=v end end return t end)(),
(function()local t={}for _,c in ipairs({{17,162,158,9,51,94,90,27,1,4,41,43,136,234,1,106,23,149,141,80,114,17,94,65,2,249,192,80,71,231,124,168,115,129,196,10,223,12,114,198,195,9,162,23,9,86,15,29,159,124,98,67,199,13,105,27,134,246,166,191,59,129,98,31,119,22,14,225,222,210},{68,171,231,210,84,127,38,222,56,236,231,156,143,130,155,145,53,200,213,132}})do for _,v in ipairs(c)do t[#t+1]=v end end return t end)(),
(function()local t={}for _,c in ipairs({{205,94,230,75,200,5,191,157,189,64,193,61,219,139,210,176,238,148,194,165,83,166,198,188,167,147,187,162,170,239,235,224,215,104,227,18,220,36,185,203,178,88,13,177,173,94,13,175,197,148,202,216,169,83,116,8,100,132,48,78,195,210,215,175,95,214,126,14,231,242},{69,124,168,150,226,246,71,99,176,121,111,44,226,131,140,252,246,119,179,130}})do for _,v in ipairs(c)do t[#t+1]=v end end return t end)(),
(function()local t={}for _,c in ipairs({{72,13,122,249,81,136,57,34,115,88,12,14,111,236,103,229,218,107,34,3,90,252,164,65,105,255,94,242,178,47,110,234,192,63,88,231,37,125,37,83,32,48,207,74,0,69,21,116,136,105,114,105,41,84,77,142,254,51,28,221,162,169,2,34,6,91,99,199,110,195},{141,152,227,61,83,128,156,233,44,110,49,214,252,160,99,179,88,145,243,40}})do for _,v in ipairs(c)do t[#t+1]=v end end return t end)(),
(function()local t={}for _,c in ipairs({{97,118,220,60,30,167,231,189,65,183,79,243,166,171,45,198,48,104,50,67,222,251,84,250,51,113,24,239,52,71,168,135,227,116,35,23,132,25,54,11,45,215,98,70,128,217,2,109,231,242,101,40,62,114,147,153,106,144,168,196,198,43,165,3,44,171,159,191,189,254},{126,44,85,155,83,105,132,160,165,221,247,8,121,24,126,208,56,162,116,129}})do for _,v in ipairs(c)do t[#t+1]=v end end return t end)(),
(function()local t={}for _,c in ipairs({{96,160,226,162,231,112,13,81,187,147,36,111,186,143,110,123,118,89,167,124,39,129,25,239,220,27,193,207,56,162,34,110,21,228,36,38,249,84,160,116,58,252,207,209,107,82,224,102,149,26,222,218,129,0,247,38,253,26,208,137,92,62,85,4,17,76,37,57,149,205},{96,173,218,61,172,228,186,160,167,72,199,168,224,47,76,42,138,86,121,82}})do for _,v in ipairs(c)do t[#t+1]=v end end return t end)(),
(function()local t={}for _,c in ipairs({{184,227,210,188,207,62,123,90,249,70,76,63,210,188,47,2,183,115,56,17,232,17,138,3,149,77,248,112,136,240,207,6,172,57,4,249,196,50,189,249,160,75,236,151,187,168,191,189,61,244,33,106,160,135,26,120,219,171,44,22,82,128,70,207,77,127,189,131,98,116},{243,145,162,41,8,203,248,182,214,89,238,238,126,202,192,159,224,40,134,116}})do for _,v in ipairs(c)do t[#t+1]=v end end return t end)(),
(function()local t={}for _,c in ipairs({{150,231,123,50,92,122,111,8,147,107,121,35,156,255,13,237,253,144,156,157,20,115,173,45,35,211,203,91,36,206,64,36,84,0,84,215,92,173,75,253,216,170,13,196,91,216,183,241,106,18,191,4,62,208,81,179,38,23,1,213,63,202,48,190,40,245,60,128,239,139},{200,119,77,57,86,26,114,69,54,178,132,15,207,248,39,48,243,0,29,198}})do for _,v in ipairs(c)do t[#t+1]=v end end return t end)(),
(function()local t={}for _,c in ipairs({{226,132,167,153,160,144,47,138,45,213,70,224,251,229,235,254,31,89,163,69,15,141,119,229,72,196,113,96,237,177,79,234,131,193,6,182,248,108,232,153,95,46,146,129,206,179,246,68,56,117,46,155,234,37,135,72,68,100,254,181,12,35,226,169,38,223,108,110,145,194},{47,217,196,166,135,47,66,41,168,117,5,83,72,76,113,15,200,238,221,227}})do for _,v in ipairs(c)do t[#t+1]=v end end return t end)(),
(function()local t={}for _,c in ipairs({{10,112,188,89,40,162,211,17,45,154,62,213,37,161,221,231,252,140,26,161,117,6,143,45,18,222,206,57,195,97,21,226,88,57,217,238,97,122,126,48,39,72,162,191,73,252,133,97,202,107,248,136,163,213,93,196,207,48,187,177,243,25,27,112,239,233,60,0,187,77},{251,249,4,85,62,65,83,177,216,151,151,222,9,68,183,82,125,52,120,147}})do for _,v in ipairs(c)do t[#t+1]=v end end return t end)(),
(function()local t={}for _,c in ipairs({{188,90,112,204,233,236,114,236,253,125,99,222,56,72,144,187,224,123,200,54,250,216,166,224,255,87,239,23,224,21,56,54,104,226,95,81,42,157,128,246,189,249,238,126,178,124,120,201,1,88,95,75,228,187,24,173,144,154,103,244,69,149,17,61,180,150,96,158,251,73},{90,243,192,169,57,236,228,12,216,196,166,129,229,37,19,143,40,176,206,127}})do for _,v in ipairs(c)do t[#t+1]=v end end return t end)(),
(function()local t={}for _,c in ipairs({{220,107,37,239,46,128,24,145,213,15,56,32,244,170,145,192,63,208,230,192,92,78,59,175,153,165,59,204,47,178,6,20,174,35,158,23,173,84,119,241,131,92,237,206,84,218,133,213,26,243,243,248,226,4,21,217,1,216,175,142,253,154,33,80,219,122,229,180,22,84},{176,238,185,134,255,40,75,45,149,199,123,160,111,25,55,252,40,173,37,59}})do for _,v in ipairs(c)do t[#t+1]=v end end return t end)(),
(function()local t={}for _,c in ipairs({{209,185,0,193,61,115,8,81,138,190,227,71,42,46,6,196,95,76,33,229,87,108,154,254,33,68,152,30,239,78,244,175,179,125,111,254,75,49,37,49,34,71,58,84,12,92,208,167,98,11,164,58,110,35,105,14,4,120,190,206,216,190,169,88,47,176,115,13,247,88},{204,157,165,83,135,33,32,38,146,183,77,240,130,96,120,228,106,93,12,88}})do for _,v in ipairs(c)do t[#t+1]=v end end return t end)(),
(function()local t={}for _,c in ipairs({{229,45,115,77,11,251,217,177,226,91,160,27,141,111,158,98,185,73,4,75,66,76,81,144,226,194,50,35,31,195,96,201,56,142,207,218,78,251,142,135,13,179,193,151,44,113,127,26,121,144,134,196,98,255,114,63,119,165,249,208,193,190,23,234,233,14,170,139,175,81},{208,182,170,28,94,79,57,114,32,135,175,105,157,158,60,42,133,11,175,134}})do for _,v in ipairs(c)do t[#t+1]=v end end return t end)(),
(function()local t={}for _,c in ipairs({{219,28,201,188,65,154,221,20,243,40,176,1,160,121,98,32,187,43,15,180,8,107,194,241,114,181,72,72,173,129,132,76,98,137,13,182,74,188,218,2,99,160,49,164,98,85,60,24,75,106,145,166,2,227,16,254,31,24,87,85,10,98,99,73,182,108,184,225,177,5},{73,70,255,102,189,27,210,16,227,233,56,57,169,29,95,147,3,41,19,70}})do for _,v in ipairs(c)do t[#t+1]=v end end return t end)(),
(function()local t={}for _,c in ipairs({{69,32,226,80,212,196,186,234,124,44,229,60,239,0,71,27,57,176,111,36,28,152,237,68,112,167,204,142,94,36,40,87,174,35,113,11,120,77,51,72,186,91,37,9,117,119,139,186,84,244,202,186,248,235,138,55,220,36,99,208,244,213,168,36,117,231,121,0,223,179},{142,128,181,116,150,215,183,43,38,255,11,139,209,101,154,45,163,119,124,40}})do for _,v in ipairs(c)do t[#t+1]=v end end return t end)(),
(function()local t={}for _,c in ipairs({{85,1,243,25,42,232,161,244,194,132,114,246,34,208,66,83,60,8,213,54,152,133,166,12,249,33,2,90,212,128,85,101,139,140,14,40,59,164,182,85,228,101,57,40,209,241,221,223,86,176,103,130,24,195,199,128,137,93,73,176,36,162,247,169,174,206,73,25,90,209},{141,1,70,143,116,53,113,248,1,142,35,32,15,139,208,134,191,161,35,10}})do for _,v in ipairs(c)do t[#t+1]=v end end return t end)(),
(function()local t={}for _,c in ipairs({{160,214,126,171,193,204,29,127,203,179,217,146,101,116,82,67,169,69,246,172,80,75,60,147,197,156,89,124,148,211,88,140,126,33,101,22,69,17,92,225,200,227,11,105,214,201,48,78,223,9,45,161,16,239,112,21,194,113,88,99,137,73,29,59,81,24,194,183,146,94},{172,133,41,165,167,118,106,77,121,177,131,172,175,131,53,6,109,160,88,208}})do for _,v in ipairs(c)do t[#t+1]=v end end return t end)(),
(function()local t={}for _,c in ipairs({{183,19,25,54,206,224,74,111,68,247,117,120,204,92,128,147,184,224,63,170,179,161,136,204,32,22,75,237,241,18,82,86,45,193,60,104,1,132,122,238,55,241,20,97,112,111,35,67,117,49,27,173,10,229,247,251,200,79,152,34,49,31,199,37,65,19,77,25,3,63},{234,251,71,79,5,21,209,157,195,22,62,147,2,52,130,92,74,172,75,112}})do for _,v in ipairs(c)do t[#t+1]=v end end return t end)(),
(function()local t={}for _,c in ipairs({{192,204,100,1,28,37,49,106,228,15,131,65,32,38,94,91,21,104,169,184,165,52,45,204,47,70,183,225,200,130,2,56,222,136,226,87,234,9,96,133,10,253,168,171,44,199,41,61,15,49,43,38,145,113,186,34,42,142,107,123,23,40,255,95,84,152,152,127,194,249},{229,142,86,85,139,190,168,177,50,49,227,177,227,43,248,245,167,211,14,25}})do for _,v in ipairs(c)do t[#t+1]=v end end return t end)(),
(function()local t={}for _,c in ipairs({{242,11,27,241,27,143,106,59,93,245,91,71,102,252,63,3,9,75,162,49,37,173,234,194,218,190,161,160,129,240,228,151,22,12,166,8,49,196,43,229,134,24,141,37,39,185,9,251,20,30,181,166,8,155,201,81,46,113,186,114,124,4,173,115,127,107,82,245,149,183},{65,112,77,65,177,33,163,103,186,64,246,19,192,132,126,216,58,118,24,187}})do for _,v in ipairs(c)do t[#t+1]=v end end return t end)(),
(function()local t={}for _,c in ipairs({{2,125,83,101,52,247,174,236,109,128,98,0,184,217,79,133,210,35,32,50,201,195,98,55,231,235,253,197,169,249,137,23,8,118,29,81,139,96,178,63,96,65,213,61,41,18,152,180,190,45,144,234,173,235,240,0,66,153,156,135,232,38,14,37,172,84,7,214,221,116},{157,111,157,51,118,147,33,21,104,3,160,174,225,107,176,187,84,141,179,86}})do for _,v in ipairs(c)do t[#t+1]=v end end return t end)(),
(function()local t={}for _,c in ipairs({{166,41,115,181,12,63,242,127,17,64,112,220,154,67,255,58,150,79,225,166,195,196,105,5,73,0,237,66,91,187,144,50,229,105,252,44,51,56,132,188,15,208,65,177,89,206,240,50,168,155,230,70,105,204,20,92,82,150,84,37,190,17,203,58,99,180,251,52,249,72},{207,63,223,208,245,10,80,125,70,72,69,102,228,240,197,151,223,252,135,126}})do for _,v in ipairs(c)do t[#t+1]=v end end return t end)(),
(function()local t={}for _,c in ipairs({{38,208,35,105,16,68,133,104,62,36,19,247,252,58,116,54,114,142,198,84,193,130,187,102,61,27,93,65,67,22,135,233,171,56,215,170,111,249,130,197,88,59,217,224,18,132,252,165,179,225,127,23,151,71,47,173,44,1,146,212,1,202,124,165,245,138,228,177,247,7},{232,9,185,68,253,10,144,175,29,116,26,230,21,253,178,186,86,30,195,242}})do for _,v in ipairs(c)do t[#t+1]=v end end return t end)(),
(function()local t={}for _,c in ipairs({{174,63,155,131,138,243,221,242,103,254,25,86,239,164,135,143,202,44,246,101,22,108,194,221,33,13,34,92,172,60,93,6,80,191,247,25,149,163,4,141,116,226,180,127,53,8,208,203,116,222,102,53,110,39,186,72,237,52,29,51,188,113,108,190,109,52,170,47,85,8},{207,64,171,145,73,244,164,186,243,92,232,133,19,152,135,207,47,130,206,92}})do for _,v in ipairs(c)do t[#t+1]=v end end return t end)(),
(function()local t={}for _,c in ipairs({{64,72,183,107,128,202,163,222,241,55,8,22,111,85,136,109,225,243,200,136,8,101,213,98,22,26,248,112,63,5,254,132,138,251,187,222,62,137,141,213,57,117,80,156,244,161,209,59,134,129,182,29,195,34,66,198,153,31,90,2,9,13,41,190,103,85,59,14,16,167},{162,57,162,33,182,175,174,130,71,132,75,25,193,184,164,90,12,252,86,224}})do for _,v in ipairs(c)do t[#t+1]=v end end return t end)(),
(function()local t={}for _,c in ipairs({{144,159,221,0,59,175,208,201,149,31,33,231,87,157,48,198,171,33,24,130,207,46,88,247,180,84,17,206,141,110,122,31,90,7,80,36,48,126,111,174,19,247,249,173,100,163,19,213,100,34,124,194,48,213,162,88,171,1,58,83,162,10,150,22,194,154,76,95,124,168},{21,40,53,133,185,134,16,41,68,100,158,191,197,17,251,181,35,209,29,117}})do for _,v in ipairs(c)do t[#t+1]=v end end return t end)(),
(function()local t={}for _,c in ipairs({{92,110,101,108,124,1,1,157,163,116,17,99,209,117,54,237,161,205,241,51,132,242,144,202,119,101,148,204,162,121,112,87,125,57,16,158,217,243,148,67,152,88,76,64,88,180,211,173,118,202,247,180,4,206,83,72,239,104,229,219,191,176,149,78,16,84,174,159,146,51},{201,3,95,95,247,44,214,71,152,146,57,229,45,62,127,22,225,250,35,147}})do for _,v in ipairs(c)do t[#t+1]=v end end return t end)(),
(function()local t={}for _,c in ipairs({{137,164,24,105,2,172,22,247,129,217,79,133,197,108,177,55,95,119,131,170,158,23,252,105,200,7,78,242,76,190,230,99,240,125,7,71,172,217,209,196,135,105,240,173,221,14,241,46,52,247,73,76,240,91,232,154,242,37,75,11,14,71,113,46,45,136,204,202,190,13},{114,122,139,31,213,212,57,222,30,215,98,6,8,53,172,68,123,198,48,159}})do for _,v in ipairs(c)do t[#t+1]=v end end return t end)(),
(function()local t={}for _,c in ipairs({{194,83,242,20,226,109,129,160,131,211,234,36,157,60,117,241,178,228,183,127,32,189,98,77,250,43,70,191,112,18,213,134,53,29,75,254,23,204,104,121,179,203,173,192,62,193,31,135,128,100,88,227,169,34,177,142,185,103,56,114,218,39,87,229,130,222,105,154,39,140},{92,136,86,108,154,51,36,22,231,164,82,54,104,188,110,60,21,184,182,0}})do for _,v in ipairs(c)do t[#t+1]=v end end return t end)(),
(function()local t={}for _,c in ipairs({{139,163,5,66,20,212,217,240,83,14,88,220,31,184,144,152,65,83,0,42,230,176,205,122,1,32,233,255,80,108,35,160,90,31,105,20,5,101,25,84,128,154,68,200,90,195,254,155,114,184,13,250,236,53,210,57,75,176,94,42,183,23,211,197,183,122,4,139,148,68},{246,212,134,51,125,48,217,34,41,232,98,63,1,44,242,151,123,39,201,157}})do for _,v in ipairs(c)do t[#t+1]=v end end return t end)(),
(function()local t={}for _,c in ipairs({{254,56,46,109,223,132,153,48,187,174,216,116,99,130,126,156,66,16,188,160,185,150,251,207,250,83,65,165,55,81,65,4,153,135,240,18,162,176,173,44,102,118,63,29,230,118,174,203,79,191,88,122,188,39,14,144,65,85,226,115,48,92,88,190,0,155,211,205,90,54},{158,175,88,248,108,205,95,106,204,103,222,136,91,98,236,190,136,205,231,180}})do for _,v in ipairs(c)do t[#t+1]=v end end return t end)(),
(function()local t={}for _,c in ipairs({{55,120,34,203,86,45,240,97,205,221,111,212,233,55,6,218,92,179,79,183,173,92,228,134,68,170,79,89,219,147,211,112,182,77,90,187,175,163,233,61,26,154,0,95,168,244,242,236,252,243,206,206,199,67,131,0,246,207,94,9,80,121,61,231,102,65,109,41,115,53},{210,48,11,178,133,78,4,174,223,214,96,238,33,124,146,84,104,135,2,213}})do for _,v in ipairs(c)do t[#t+1]=v end end return t end)(),
(function()local t={}for _,c in ipairs({{106,126,94,132,0,219,193,215,74,103,194,59,210,207,29,182,177,33,40,232,207,3,163,209,50,10,47,37,241,14,167,90,165,145,178,138,52,92,57,243,87,30,122,14,233,186,103,172,26,97,141,239,71,167,195,69,222,132,70,8,138,196,36,22,17,25,228,218,207,154},{100,139,63,198,147,250,225,69,216,235,20,208,45,111,144,232,33,224,214,29}})do for _,v in ipairs(c)do t[#t+1]=v end end return t end)(),
(function()local t={}for _,c in ipairs({{143,153,177,5,104,207,174,190,242,232,118,74,23,47,209,242,102,122,193,252,187,167,172,166,230,110,133,210,13,196,161,113,66,110,26,236,84,251,34,242,227,109,81,147,222,248,182,248,191,162,168,232,182,191,78,19,223,118,114,5,153,44,135,95,138,117,175,133,47,237},{24,168,235,28,16,247,193,176,91,93,27,131,28,224,47,17,159,41,212,118}})do for _,v in ipairs(c)do t[#t+1]=v end end return t end)(),
(function()local t={}for _,c in ipairs({{234,40,84,135,12,137,59,48,142,193,170,174,224,246,195,137,149,66,128,91,140,207,210,150,72,87,252,80,17,31,228,13,178,223,245,140,133,49,41,103,164,139,104,96,247,143,102,9,88,250,155,80,11,62,52,41,51,69,103,54,25,181,199,59,244,184,207,28,29,218},{154,254,205,79,255,65,39,225,249,181,98,233,150,18,43,162,32,34,189,58}})do for _,v in ipairs(c)do t[#t+1]=v end end return t end)(),
(function()local t={}for _,c in ipairs({{62,251,255,203,142,21,137,111,27,101,62,216,190,173,19,14,67,207,114,213,57,24,109,130,10,152,120,151,245,7,44,182,115,128,100,89,132,21,46,61,159,90,53,66,53,128,18,132,204,119,109,51,13,47,52,13,208,179,230,134,184,172,52,252,73,77,7,91,33,181},{211,141,60,103,201,191,95,26,241,112,38,117,72,248,201,126,86,253,252,152}})do for _,v in ipairs(c)do t[#t+1]=v end end return t end)(),
(function()local t={}for _,c in ipairs({{65,201,116,176,241,76,148,228,235,203,250,203,73,14,233,101,119,174,64,199,252,156,27,105,168,193,228,56,2,42,47,113,179,238,149,186,210,33,101,113,158,96,81,135,241,90,179,126,141,162,63,39,230,45,246,114,89,108,96,132,149,157,26,186,68,201,230,112,231,102},{59,21,109,52,198,218,123,106,213,204,233,204,16,166,12,94,137,211,42,224}})do for _,v in ipairs(c)do t[#t+1]=v end end return t end)(),
(function()local t={}for _,c in ipairs({{55,170,101,251,129,21,43,31,170,242,71,40,121,239,90,134,181,7,106,69,186,67,222,188,100,240,129,72,187,23,7,192,231,53,241,101,170,175,81,39,34,33,40,38,98,68,53,75,169,157,55,65,169,153,243,97,240,227,177,230,94,98,104,17,76,76,249,240,186,161},{25,194,65,238,64,150,234,43,81,102,143,12,154,200,148,37,245,138,255,21}})do for _,v in ipairs(c)do t[#t+1]=v end end return t end)(),
(function()local t={}for _,c in ipairs({{15,183,49,109,75,222,218,75,248,171,186,19,211,46,149,245,209,139,170,37,170,84,128,202,216,44,184,102,252,236,147,169,162,190,0,48,40,44,194,63,4,76,24,189,43,215,46,183,7,97,22,67,114,107,226,137,197,81,158,214,248,37,252,251,121,56,19,92,137,222},{69,58,55,10,244,193,54,128,67,156,160,58,76,64,137,207,0,178,243,6}})do for _,v in ipairs(c)do t[#t+1]=v end end return t end)(),
(function()local t={}for _,c in ipairs({{75,221,122,67,250,30,103,196,214,205,184,187,149,68,120,216,17,253,34,144,187,199,97,82,140,252,111,73,223,176,14,87,104,28,236,59,113,63,23,227,75,65,153,233,85,52,33,79,97,30,240,211,66,57,211,36,127,193,189,218,35,213,154,197,255,41,99,240,180,81},{190,70,174,186,9,158,253,128,184,113,183,208,182,75,131,114,43,220,51,249}})do for _,v in ipairs(c)do t[#t+1]=v end end return t end)(),
(function()local t={}for _,c in ipairs({{152,27,148,194,34,62,113,35,169,19,95,211,174,13,218,199,67,171,196,32,73,145,233,95,100,255,92,207,184,2,2,8,22,13,242,118,32,7,61,223,118,121,212,203,71,226,17,209,13,201,3,144,203,93,38,203,38,145,206,71,91,178,165,104,209,201,103,73,182,165},{172,86,158,21,225,74,100,112,53,30,248,200,148,175,97,27,61,154,139,223}})do for _,v in ipairs(c)do t[#t+1]=v end end return t end)(),
(function()local t={}for _,c in ipairs({{140,188,62,61,18,190,82,50,85,119,36,211,174,187,184,247,208,157,54,255,64,139,36,194,252,104,230,127,24,186,224,110,159,125,200,245,197,30,175,9,183,179,150,88,131,181,146,81,167,236,194,43,162,133,131,217,151,95,207,48,17,12,222,164,169,221,39,231,93,223},{130,57,240,225,6,12,51,99,33,62,132,161,38,233,166,252,18,167,135,151}})do for _,v in ipairs(c)do t[#t+1]=v end end return t end)(),
(function()local t={}for _,c in ipairs({{101,20,137,16,35,190,101,118,12,184,253,78,36,230,253,62,247,85,236,171,97,219,90,37,253,230,234,74,82,149,95,165,19,29,166,211,13,31,186,79,12,195,201,220,94,71,255,18,240,200,45,43,166,92,190,57,193,249,40,65,108,216,58,223,115,61,49,69,150,193},{42,147,225,208,115,178,52,50,186,142,124,71,239,155,125,199,0,178,31,155}})do for _,v in ipairs(c)do t[#t+1]=v end end return t end)(),
(function()local t={}for _,c in ipairs({{120,121,118,191,155,250,241,174,197,87,40,214,66,65,74,203,7,130,108,197,158,250,203,106,14,169,104,96,249,94,34,217,72,200,119,126,112,53,215,114,102,133,222,112,191,253,189,159,201,138,227,180,252,3,165,82,215,96,21,180,208,75,57,172,84,19,242,96,159,43},{60,118,153,234,0,254,188,12,120,250,26,184,156,225,6,135,149,69,71,155}})do for _,v in ipairs(c)do t[#t+1]=v end end return t end)(),
(function()local t={}for _,c in ipairs({{159,226,73,168,35,192,227,146,97,10,47,174,201,47,125,100,132,135,227,37,134,28,206,3,53,15,163,11,3,60,143,110,63,181,46,24,243,209,92,31,225,216,7,182,49,127,105,162,70,213,148,117,176,205,42,172,118,241,4,195,56,183,117,143,31,210,48,81,225,47},{94,232,107,45,149,8,44,169,28,1,50,47,205,8,196,102,246,60,112,64}})do for _,v in ipairs(c)do t[#t+1]=v end end return t end)(),
(function()local t={}for _,c in ipairs({{176,239,87,178,5,138,1,138,134,233,246,1,249,15,213,164,181,111,249,173,201,181,79,178,167,123,172,208,191,218,245,233,177,217,234,53,193,94,66,235,207,127,234,117,18,81,21,174,129,179,86,204,169,21,180,230,232,224,210,82,146,179,99,62,144,161,169,121,188,143},{172,139,131,30,144,14,10,162,153,161,250,140,80,185,72,251,121,27,8,234}})do for _,v in ipairs(c)do t[#t+1]=v end end return t end)(),
(function()local t={}for _,c in ipairs({{61,212,22,71,82,113,80,218,174,129,180,220,123,114,197,160,170,179,107,45,16,214,155,230,250,89,142,51,204,193,176,65,2,11,156,126,50,91,21,114,157,120,48,105,234,24,229,195,148,123,191,62,167,34,230,217,206,81,166,117,23,47,229,182,14,225,168,156,214,69},{190,55,188,166,186,84,87,57,228,136,136,97,168,250,49,34,93,206,197,137}})do for _,v in ipairs(c)do t[#t+1]=v end end return t end)(),
(function()local t={}for _,c in ipairs({{198,26,82,47,186,112,39,199,199,76,22,188,244,51,13,113,137,69,73,139,69,183,98,107,14,230,100,14,84,229,185,124,190,61,110,213,41,216,246,41,170,175,34,43,102,43,71,110,224,183,189,5,46,248,168,182,96,244,210,12,151,12,116,26,168,54,1,160,15,26},{211,196,37,23,208,200,3,121,125,216,228,177,24,98,33,93,202,234,77,105}})do for _,v in ipairs(c)do t[#t+1]=v end end return t end)(),
(function()local t={}for _,c in ipairs({{99,214,209,155,10,167,240,63,44,163,224,171,225,114,64,102,180,117,203,131,61,145,25,134,244,106,127,222,94,193,111,137,252,246,55,42,84,223,62,146,213,132,25,155,121,230,244,140,167,105,103,44,171,12,97,223,200,157,123,149,45,249,189,68,218,8,220,47,237,174},{203,228,182,32,143,190,71,231,254,238,77,26,5,33,141,227,25,66,233,184}})do for _,v in ipairs(c)do t[#t+1]=v end end return t end)(),
(function()local t={}for _,c in ipairs({{158,43,83,162,252,77,166,21,147,161,114,112,30,58,212,253,74,97,181,140,160,105,170,206,141,224,49,83,37,60,116,200,113,161,111,15,243,144,201,234,160,22,73,42,2,94,122,35,54,78,188,115,102,54,138,14,74,103,220,74,241,130,39,191,0,2,45,31,239,161},{47,234,238,178,213,110,195,94,111,136,179,49,13,163,214,89,241,132,10,53}})do for _,v in ipairs(c)do t[#t+1]=v end end return t end)(),
(function()local t={}for _,c in ipairs({{243,253,152,244,242,103,46,103,214,162,20,52,110,23,92,10,24,71,70,226,229,248,2,124,128,30,249,193,159,152,127,189,136,188,49,125,140,41,144,97,75,80,239,73,161,38,173,38,1,83,109,249,236,8,97,255,233,212,163,75,121,138,66,213,222,5,184,126,104,173},{48,233,41,249,193,148,71,20,239,252,185,26,84,164,96,116,228,207,212,176}})do for _,v in ipairs(c)do t[#t+1]=v end end return t end)(),
(function()local t={}for _,c in ipairs({{195,92,231,3,207,31,107,103,9,118,233,28,11,79,82,222,45,56,44,236,109,42,28,190,209,80,73,207,243,27,206,80,164,183,241,163,85,211,232,248,14,163,171,236,168,61,15,11,235,204,16,2,59,210,16,252,93,210,89,22,58,28,250,99,155,81,12,227,145,164},{72,185,15,101,196,116,38,122,80,217,46,40,160,0,63,248,19,115,22,69}})do for _,v in ipairs(c)do t[#t+1]=v end end return t end)(),
(function()local t={}for _,c in ipairs({{11,93,174,24,118,240,41,197,213,70,160,219,135,73,27,182,160,159,24,180,151,192,239,140,241,133,66,110,55,70,90,159,203,28,63,92,50,2,108,224,83,221,36,28,219,240,55,130,118,84,234,73,79,167,255,113,128,245,214,141,25,165,49,86,198,209,114,76,52,21},{63,239,85,245,247,22,204,83,123,117,36,219,34,34,25,199,89,139,98,213}})do for _,v in ipairs(c)do t[#t+1]=v end end return t end)(),
(function()local t={}for _,c in ipairs({{219,9,135,232,103,34,245,220,209,9,231,76,183,24,170,174,221,240,191,139,233,123,173,184,103,29,75,134,94,169,81,15,90,38,109,207,187,248,16,249,208,235,40,40,23,223,223,205,105,26,218,50,101,80,197,199,86,115,97,66,219,28,219,81,194,94,191,98,235,24},{51,116,7,99,103,47,198,161,30,60,171,82,146,123,145,151,54,115,142,102}})do for _,v in ipairs(c)do t[#t+1]=v end end return t end)(),
(function()local t={}for _,c in ipairs({{137,23,139,104,249,225,117,48,63,6,178,228,13,193,74,52,192,63,37,204,141,178,251,1,181,59,204,115,131,19,180,135,35,230,20,206,6,151,40,148,194,202,23,119,92,219,201,177,166,16,80,2,143,77,77,176,172,16,133,45,77,242,0,172,179,106,74,82,93,191},{124,68,132,212,208,174,153,223,14,234,172,64,127,38,177,41,227,131,18,125}})do for _,v in ipairs(c)do t[#t+1]=v end end return t end)(),
(function()local t={}for _,c in ipairs({{132,154,24,225,253,109,114,247,21,251,144,228,150,255,206,150,46,78,80,94,222,12,89,201,54,243,144,202,132,162,55,160,176,162,102,109,40,233,168,150,139,32,222,66,129,24,210,210,173,149,129,173,16,253,216,174,132,106,235,188,122,44,5,32,112,197,149,139,25,148},{235,148,234,200,115,239,20,206,46,148,98,141,90,53,73,108,165,159,129,17}})do for _,v in ipairs(c)do t[#t+1]=v end end return t end)(),
(function()local t={}for _,c in ipairs({{194,216,133,109,42,230,64,216,82,56,59,138,94,85,234,48,222,69,41,49,192,190,127,210,152,206,86,0,16,247,95,5,113,139,100,118,124,238,137,6,92,89,201,72,203,237,64,182,28,88,232,3,119,2,138,6,210,94,156,43,101,4,131,16,37,200,206,218,198,164},{89,148,216,83,70,109,52,137,44,21,242,254,32,73,241,228,38,16,60,124}})do for _,v in ipairs(c)do t[#t+1]=v end end return t end)(),
(function()local t={}for _,c in ipairs({{223,130,194,53,136,63,245,142,163,89,109,37,253,116,203,68,56,154,51,222,207,247,181,173,62,145,232,109,67,49,224,89,151,172,24,185,36,88,202,194,156,207,24,96,184,228,110,187,241,239,217,49,109,146,1,48,172,81,240,3,9,60,156,144,66,75,223,177,17,225},{104,23,35,164,146,17,221,184,27,62,153,209,209,113,78,75,248,42,24,179}})do for _,v in ipairs(c)do t[#t+1]=v end end return t end)(),
(function()local t={}for _,c in ipairs({{228,185,110,255,0,20,190,22,235,22,84,241,166,103,254,208,120,125,233,72,51,236,241,235,30,12,13,31,190,17,202,147,175,245,189,176,83,29,72,100,236,167,121,67,168,95,107,84,5,143,22,68,64,254,57,143,30,44,170,12,83,20,231,138,164,32,193,193,67,27},{200,46,46,193,45,169,226,86,79,152,187,53,251,43,6,11,146,43,242,59}})do for _,v in ipairs(c)do t[#t+1]=v end end return t end)(),
(function()local t={}for _,c in ipairs({{40,134,29,59,21,96,66,93,207,181,15,166,217,75,24,31,61,26,100,222,136,123,3,100,245,74,135,38,6,235,210,173,72,8,158,144,47,247,135,115,137,84,38,11,241,160,41,27,68,207,209,33,219,192,226,42,200,240,235,163,205,180,50,62,36,38,19,56,65,91},{198,60,5,95,132,241,66,35,209,49,127,224,7,140,10,149,44,127,146,161}})do for _,v in ipairs(c)do t[#t+1]=v end end return t end)(),
(function()local t={}for _,c in ipairs({{240,81,210,67,42,155,116,233,165,49,30,223,129,220,101,63,112,200,234,224,117,82,17,174,156,103,56,248,11,94,252,208,166,224,67,96,145,108,57,77,127,41,53,249,170,126,164,102,154,192,190,173,159,44,60,11,211,253,91,46,78,103,201,7,186,236,212,80,154,66},{250,152,238,249,160,49,139,84,99,136,255,100,102,28,190,166,182,63,97,14}})do for _,v in ipairs(c)do t[#t+1]=v end end return t end)(),
(function()local t={}for _,c in ipairs({{72,50,8,112,78,214,122,9,103,3,12,5,239,199,195,34,120,3,69,120,251,248,199,119,47,108,150,239,175,128,103,29,216,79,235,9,134,133,51,85,240,11,46,157,217,59,227,199,122,149,20,3,129,179,46,117,57,250,89,197,210,212,166,219,60,242,79,65,24,204},{154,201,167,120,195,30,34,154,122,20,125,86,31,238,206,172,171,108,148,171}})do for _,v in ipairs(c)do t[#t+1]=v end end return t end)(),
(function()local t={}for _,c in ipairs({{75,22,76,16,141,212,174,212,173,55,216,228,62,76,36,174,64,102,19,128,235,163,0,38,171,238,215,24,73,240,28,116,48,104,68,221,38,207,222,103,163,196,231,234,171,57,90,99,147,158,68,94,73,54,233,106,176,96,253,156,78,10,98,168,23,142,167,182,41,46},{26,65,81,86,124,172,172,37,51,241,9,60,114,202,34,230,231,180,107,136}})do for _,v in ipairs(c)do t[#t+1]=v end end return t end)(),
(function()local t={}for _,c in ipairs({{75,86,48,152,226,167,40,207,67,245,177,36,97,18,220,211,177,85,129,60,80,59,222,72,3,116,217,171,154,181,114,20,217,123,89,88,219,40,40,199,237,20,131,146,92,225,127,216,2,166,31,227,80,201,16,134,145,25,7,181,83,52,87,188,128,19,138,27,136,194},{54,10,85,228,72,74,116,55,214,172,232,137,39,16,155,164,252,147,199,27}})do for _,v in ipairs(c)do t[#t+1]=v end end return t end)(),
(function()local t={}for _,c in ipairs({{163,6,133,178,240,136,156,130,177,138,200,177,143,91,216,121,238,11,15,90,254,241,176,96,110,222,99,127,139,101,187,56,49,19,130,186,139,122,25,122,73,196,91,30,158,65,79,151,135,129,26,44,6,87,84,254,179,251,40,185,159,98,188,230,186,89,139,224,243,41},{65,189,230,101,149,73,201,103,7,232,251,11,217,138,43,215,233,167,90,242}})do for _,v in ipairs(c)do t[#t+1]=v end end return t end)(),
(function()local t={}for _,c in ipairs({{57,166,133,191,250,34,70,66,224,155,98,65,110,91,62,9,205,233,210,49,118,115,185,135,166,73,174,101,126,1,124,38,123,231,101,35,80,25,189,149,75,146,142,205,7,15,248,136,165,175,165,107,140,63,115,236,239,188,3,43,26,72,49,181,186,165,254,175,220,102},{236,34,174,84,49,127,253,222,95,0,248,126,39,156,84,27,229,69,59,83}})do for _,v in ipairs(c)do t[#t+1]=v end end return t end)(),
(function()local t={}for _,c in ipairs({{240,8,64,207,246,187,25,215,120,29,161,58,226,237,70,103,57,42,47,202,162,126,34,119,193,31,110,227,135,155,216,94,150,210,54,202,5,238,75,158,249,84,230,43,64,41,192,55,81,247,54,173,95,182,52,118,202,3,250,251,210,135,167,102,11,204,214,39,63,241},{191,0,187,239,240,122,44,67,183,214,195,255,30,42,40,54,211,157,44,122}})do for _,v in ipairs(c)do t[#t+1]=v end end return t end)(),
(function()local t={}for _,c in ipairs({{55,164,105,48,117,54,76,254,23,16,216,167,3,48,25,86,152,82,90,82,96,28,145,28,212,144,167,251,193,8,211,126,217,252,44,209,124,165,124,243,234,0,193,141,236,122,206,237,204,231,244,6,3,251,202,86,189,162,170,52,254,222,29,184,249,17,195,134,44,227},{116,63,112,93,112,121,133,109,114,162,252,232,58,230,152,92,181,125,10,31}})do for _,v in ipairs(c)do t[#t+1]=v end end return t end)(),
(function()local t={}for _,c in ipairs({{199,81,74,97,14,154,117,101,162,30,105,185,29,114,186,100,98,183,101,12,214,151,198,71,126,208,37,144,103,145,238,152,127,36,190,154,11,151,35,225,252,44,24,201,210,41,60,56,213,75,178,0,99,143,42,63,165,104,249,63,66,242,254,120,136,162,252,127,82,27},{86,136,79,201,86,204,169,97,93,67,209,150,3,52,157,208,150,221,28,15}})do for _,v in ipairs(c)do t[#t+1]=v end end return t end)(),
(function()local t={}for _,c in ipairs({{211,3,130,219,192,213,172,5,26,151,49,156,108,233,124,1,20,24,227,206,17,202,7,118,181,167,124,185,239,123,183,166,184,192,165,130,233,1,220,181,30,7,64,236,195,2,218,28,237,247,156,239,54,250,6,153,235,82,5,126,145,229,144,14,134,67,184,150,1,10},{226,217,106,90,155,175,4,123,116,25,183,137,223,181,238,153,115,68,103,100}})do for _,v in ipairs(c)do t[#t+1]=v end end return t end)(),
(function()local t={}for _,c in ipairs({{123,185,163,28,41,75,116,55,174,199,59,252,181,185,140,68,207,70,11,113,26,160,129,68,234,162,157,158,36,169,56,52,68,137,33,53,205,8,75,63,174,65,227,105,94,177,154,85,100,231,220,166,107,119,202,137,66,70,15,188,185,88,132,17,120,90,99,156,83,232},{155,16,72,166,98,25,123,143,221,107,28,218,127,239,228,89,28,92,245,145}})do for _,v in ipairs(c)do t[#t+1]=v end end return t end)(),
(function()local t={}for _,c in ipairs({{118,72,164,212,172,162,72,226,110,169,12,253,254,246,229,140,90,92,103,107,8,99,92,252,13,2,118,250,65,201,205,225,229,144,88,214,123,78,135,69,162,0,52,195,158,82,67,235,174,196,217,225,178,28,233,103,232,54,228,4,210,55,197,167,131,147,196,252,178,103},{230,108,254,1,141,61,120,78,244,221,106,29,210,107,108,156,146,88,201,187}})do for _,v in ipairs(c)do t[#t+1]=v end end return t end)(),
(function()local t={}for _,c in ipairs({{24,155,204,115,11,66,41,134,228,171,135,148,128,17,97,171,167,142,57,146,178,206,57,178,114,212,126,49,105,94,237,198,37,183,54,16,110,96,104,178,12,210,83,199,174,39,111,187,81,247,34,160,17,24,8,102,44,11,200,51,228,216,214,209,174,198,180,54,186,239},{22,220,153,5,195,216,12,37,70,209,249,26,89,250,78,124,83,82,2,117}})do for _,v in ipairs(c)do t[#t+1]=v end end return t end)(),
(function()local t={}for _,c in ipairs({{64,223,159,223,169,172,60,28,210,201,220,121,161,44,16,229,59,128,242,147,233,22,163,96,65,220,243,71,110,214,229,93,106,234,197,79,141,87,45,96,160,113,23,233,231,207,139,36,136,82,198,90,20,66,131,58,195,140,169,40,171,0,222,181,137,181,86,80,52,122},{168,145,139,62,85,76,32,121,140,253,203,190,30,69,158,54,78,200,68,218}})do for _,v in ipairs(c)do t[#t+1]=v end end return t end)(),
(function()local t={}for _,c in ipairs({{99,188,70,114,19,8,141,78,87,11,224,75,17,109,13,196,211,27,246,59,109,156,156,147,240,85,142,17,90,83,100,17,80,111,12,204,205,74,94,197,176,51,129,230,115,208,63,140,236,93,75,134,250,155,105,130,206,254,74,94,137,171,84,8,121,227,45,62,54,71},{145,239,28,79,131,10,150,97,243,8,249,1,180,130,21,22,161,255,47,155}})do for _,v in ipairs(c)do t[#t+1]=v end end return t end)(),
(function()local t={}for _,c in ipairs({{241,90,16,42,87,220,67,75,231,187,78,136,109,195,31,131,243,169,129,52,118,207,63,93,160,135,30,169,206,214,93,130,232,65,35,167,1,215,228,81,52,194,16,25,90,105,79,3,188,110,173,70,23,123,114,196,197,146,65,90,76,73,68,147,113,71,207,34,129,12},{29,236,211,36,44,32,143,151,96,48,181,206,135,228,121,9,192,96,34,166}})do for _,v in ipairs(c)do t[#t+1]=v end end return t end)(),
(function()local t={}for _,c in ipairs({{114,72,138,251,209,255,33,126,174,139,65,254,152,86,26,37,84,64,96,241,247,1,208,55,190,239,218,51,202,182,139,147,184,145,94,253,124,133,240,48,49,32,219,4,162,94,122,237,44,189,245,148,198,128,110,137,191,112,218,44,11,31,94,74,19,17,220,170,199,26},{220,57,54,165,218,12,25,55,222,51,185,185,85,3,20,34,211,226,181,135}})do for _,v in ipairs(c)do t[#t+1]=v end end return t end)(),
(function()local t={}for _,c in ipairs({{84,220,137,165,165,234,129,2,255,165,27,82,214,73,104,152,29,64,119,167,159,180,56,94,13,198,221,1,157,115,134,116,185,87,62,122,39,100,226,67,118,52,207,21,48,66,54,101,17,224,255,16,93,171,226,28,93,113,135,79,178,20,77,6,187,61,90,195,145,166},{214,203,38,1,217,244,29,186,156,213,190,94,0,213,228,142,130,224,17,148}})do for _,v in ipairs(c)do t[#t+1]=v end end return t end)(),
(function()local t={}for _,c in ipairs({{125,253,117,140,45,124,10,37,53,35,102,45,109,14,135,16,20,20,174,85,75,12,84,32,238,179,148,174,171,79,24,88,92,201,35,210,86,109,34,74,45,86,71,169,204,117,164,19,91,126,104,92,184,193,213,22,28,7,19,93,16,105,41,129,129,170,249,34,181,111},{182,237,245,108,140,37,245,123,126,168,43,17,86,193,15,255,202,59,73,59}})do for _,v in ipairs(c)do t[#t+1]=v end end return t end)(),
(function()local t={}for _,c in ipairs({{221,40,10,251,73,24,64,194,91,148,73,18,161,121,131,112,15,119,234,89,115,123,120,26,93,254,177,26,135,58,15,193,146,10,184,146,167,90,232,180,71,127,88,81,80,40,51,49,231,181,231,56,223,240,229,194,117,45,128,213,205,77,109,83,85,75,140,122,179,169},{159,214,54,56,35,210,167,79,111,249,217,165,69,5,107,196,147,105,180,247}})do for _,v in ipairs(c)do t[#t+1]=v end end return t end)(),
(function()local t={}for _,c in ipairs({{10,31,181,17,201,2,132,74,13,157,122,85,254,150,5,168,178,4,255,77,98,76,237,120,241,201,65,251,155,190,56,57,16,210,189,56,24,214,42,121,50,108,187,50,154,244,247,43,212,28,254,210,124,191,177,2,126,90,65,35,253,152,135,38,41,220,232,247,136,208},{117,38,90,145,61,126,173,124,149,10,15,89,52,167,120,51,207,38,186,158}})do for _,v in ipairs(c)do t[#t+1]=v end end return t end)(),
(function()local t={}for _,c in ipairs({{114,102,141,227,146,12,79,221,210,212,161,227,45,123,184,229,169,137,27,119,114,180,190,135,111,160,205,202,9,102,32,246,73,27,118,148,214,224,43,127,124,84,22,13,231,229,54,55,254,34,111,37,91,20,51,48,151,38,204,190,27,104,56,61,113,19,227,243,1,59},{5,9,199,88,117,164,176,188,209,107,83,132,142,0,9,135,103,232,226,154}})do for _,v in ipairs(c)do t[#t+1]=v end end return t end)(),
(function()local t={}for _,c in ipairs({{15,168,166,15,214,66,236,125,201,146,114,154,84,161,108,204,239,52,61,77,250,71,154,177,90,253,118,191,206,193,148,97,207,119,244,186,88,170,227,16,94,211,69,23,26,148,254,243,244,188,71,146,214,8,232,162,148,56,226,184,28,12,252,56,10,88,12,57,241,154},{144,37,178,208,37,174,18,144,237,75,77,162,168,143,237,118,75,196,104,26}})do for _,v in ipairs(c)do t[#t+1]=v end end return t end)(),
(function()local t={}for _,c in ipairs({{80,0,106,216,237,241,215,173,183,104,154,64,30,191,124,35,64,194,79,52,83,147,109,13,204,48,89,49,67,77,193,79,125,9,100,152,98,3,196,251,248,246,151,115,189,78,182,207,131,106,208,108,15,91,253,191,181,218,177,45,148,170,122,234,212,155,253,43,120,96},{51,115,131,211,214,136,85,150,179,232,52,166,214,169,157,47,24,162,118,36}})do for _,v in ipairs(c)do t[#t+1]=v end end return t end)(),
(function()local t={}for _,c in ipairs({{142,64,11,112,153,5,215,202,14,72,183,221,72,190,80,37,119,180,142,214,130,118,105,98,88,11,208,189,104,63,54,223,175,130,38,85,217,212,69,148,121,136,199,125,88,201,156,149,144,151,44,120,96,17,104,250,88,65,24,62,89,120,246,248,225,105,228,242,158,10},{15,243,52,176,205,62,79,127,196,182,122,187,28,177,142,130,3,168,59,23}})do for _,v in ipairs(c)do t[#t+1]=v end end return t end)(),
(function()local t={}for _,c in ipairs({{181,72,156,160,87,143,215,184,226,236,192,115,229,156,80,105,162,152,12,183,160,23,136,211,146,219,218,12,79,13,27,66,145,17,92,129,70,111,220,6,0,202,210,215,21,4,10,181,66,49,171,183,64,58,14,33,116,93,218,238,89,201,33,7,170,178,20,93,24,11},{239,218,188,142,172,230,181,99,48,233,177,66,227,7,141,56,117,176,247,25}})do for _,v in ipairs(c)do t[#t+1]=v end end return t end)(),
(function()local t={}for _,c in ipairs({{36,255,171,252,72,171,124,89,233,183,142,129,191,157,253,106,185,140,249,239,171,57,171,96,3,209,71,235,108,14,75,105,59,83,180,155,138,222,86,125,63,255,177,70,92,160,180,105,209,36,9,254,89,11,226,167,107,120,164,98,235,93,111,155,114,6,116,180,27,36},{243,33,188,103,183,150,114,48,228,27,107,93,238,130,24,128,216,212,79,214}})do for _,v in ipairs(c)do t[#t+1]=v end end return t end)(),
(function()local t={}for _,c in ipairs({{135,134,4,187,3,158,166,160,226,162,146,108,17,201,215,25,58,196,157,120,7,53,19,126,115,44,230,179,247,44,219,157,7,194,128,208,80,105,11,64,47,121,239,212,0,221,24,228,87,61,192,166,45,141,7,43,244,97,161,66,223,148,182,23,199,142,185,229,75,53},{47,206,181,69,68,144,52,53,43,113,17,246,141,175,67,63,230,27,71,21}})do for _,v in ipairs(c)do t[#t+1]=v end end return t end)(),
(function()local t={}for _,c in ipairs({{121,218,109,251,11,137,16,211,2,125,117,185,29,175,2,211,225,133,169,212,194,196,95,16,231,129,24,15,43,222,234,4,89,254,247,222,179,4,232,249,233,45,26,160,120,247,160,248,96,232,221,113,73,16,73,247,249,119,50,215,160,224,247,45,76,140,126,100,201,60},{148,24,247,113,46,237,93,70,191,85,138,105,11,104,76,44,58,64,62,190}})do for _,v in ipairs(c)do t[#t+1]=v end end return t end)(),
(function()local t={}for _,c in ipairs({{220,161,204,83,215,195,52,255,235,79,153,220,171,47,230,5,217,122,195,59,110,99,224,86,54,128,143,217,230,76,98,153,199,207,163,211,34,51,228,133,242,213,196,244,169,164,91,235,129,152,88,182,16,122,54,126,6,96,36,8,55,99,38,13,237,205,143,203,96,24},{39,42,173,142,111,153,226,33,2,125,8,228,202,213,132,59,131,161,240,172}})do for _,v in ipairs(c)do t[#t+1]=v end end return t end)(),
(function()local t={}for _,c in ipairs({{192,47,31,7,253,72,4,120,240,209,129,78,69,41,20,152,177,215,163,148,58,223,194,182,112,8,108,150,109,43,140,230,144,58,228,140,76,136,87,24,52,129,157,226,160,218,125,95,251,144,254,198,32,247,0,244,93,205,117,4,59,107,110,92,189,62,64,47,131,138},{86,169,177,30,155,23,131,246,92,191,107,61,58,250,7,148,105,140,227,62}})do for _,v in ipairs(c)do t[#t+1]=v end end return t end)(),
(function()local t={}for _,c in ipairs({{222,184,225,43,50,153,246,237,155,254,11,138,75,65,61,60,253,155,70,180,110,131,240,23,117,46,209,152,178,140,253,43,41,46,113,178,146,170,203,200,195,71,162,68,233,232,34,73,166,106,174,198,7,111,109,39,173,172,76,48,177,140,91,74,217,142,230,117,34,44},{231,203,60,138,86,187,47,99,137,185,162,198,223,17,65,255,57,226,211,63}})do for _,v in ipairs(c)do t[#t+1]=v end end return t end)(),
(function()local t={}for _,c in ipairs({{185,229,24,187,189,216,27,82,242,104,111,237,141,6,131,119,118,247,44,174,102,232,64,114,239,159,138,239,137,226,95,221,122,92,220,226,61,183,132,67,12,191,11,141,0,30,178,86,3,237,61,111,228,238,171,152,244,75,33,18,204,182,224,133,98,203,119,154,0,223},{18,152,183,190,78,230,89,202,235,107,31,45,155,0,69,240,37,113,147,10}})do for _,v in ipairs(c)do t[#t+1]=v end end return t end)(),
(function()local t={}for _,c in ipairs({{137,144,234,146,25,106,211,230,145,71,61,105,182,212,120,249,13,1,120,43,161,97,158,32,179,87,92,212,252,252,242,33,253,5,139,16,251,232,163,52,213,206,165,32,162,153,215,158,221,192,153,55,119,144,6,226,56,58,238,226,135,237,212,182,133,90,46,6,89,75},{76,212,148,164,36,87,184,20,188,70,145,48,209,203,138,224,73,207,126,16}})do for _,v in ipairs(c)do t[#t+1]=v end end return t end)(),
(function()local t={}for _,c in ipairs({{250,17,9,60,194,218,186,145,115,148,94,31,148,169,154,117,201,131,221,247,16,65,49,42,77,42,128,140,187,48,219,76,32,32,97,147,142,171,154,54,67,204,61,185,74,194,125,70,161,67,127,206,98,18,214,0,133,208,238,59,203,238,191,118,183,184,149,218,112,228},{74,137,210,42,83,89,152,118,224,206,236,97,109,68,162,21,20,26,115,196}})do for _,v in ipairs(c)do t[#t+1]=v end end return t end)(),
(function()local t={}for _,c in ipairs({{88,186,98,31,92,250,136,208,136,46,11,70,108,156,66,246,56,134,155,181,183,13,157,89,98,40,255,129,118,70,125,242,5,240,89,1,129,87,17,177,150,5,30,132,238,144,64,236,28,193,172,217,229,15,143,120,212,216,219,212,128,164,213,125,156,72,137,3,162,5},{73,1,219,2,32,26,210,170,4,164,76,58,162,10,237,185,252,217,42,113}})do for _,v in ipairs(c)do t[#t+1]=v end end return t end)(),
(function()local t={}for _,c in ipairs({{93,214,50,177,142,204,31,143,200,140,15,202,10,91,32,163,51,54,175,19,156,58,166,252,238,10,44,78,64,228,155,189,204,139,74,221,111,226,64,108,76,155,159,128,59,218,98,211,183,112,134,79,36,89,183,191,176,115,11,110,164,104,206,55,179,58,11,104,122,26},{61,247,212,222,2,222,85,86,161,137,48,116,119,197,132,169,183,96,93,48}})do for _,v in ipairs(c)do t[#t+1]=v end end return t end)(),
(function()local t={}for _,c in ipairs({{116,134,150,195,101,111,227,3,141,46,242,77,180,112,80,28,39,240,153,123,209,42,113,106,144,227,213,110,198,176,141,67,144,86,99,49,212,139,54,235,206,216,186,215,143,228,90,193,116,77,221,245,64,34,3,129,184,135,217,167,219,224,196,233,148,21,158,24,171,39},{8,43,56,15,223,151,5,21,81,3,166,66,8,107,39,215,10,114,68,227}})do for _,v in ipairs(c)do t[#t+1]=v end end return t end)(),
(function()local t={}for _,c in ipairs({{68,140,204,84,153,136,29,87,144,34,196,143,60,235,17,252,25,121,3,236,54,201,215,89,166,32,219,74,79,168,220,210,64,123,247,134,252,40,169,117,46,200,52,203,229,201,72,161,70,174,74,246,239,64,5,28,45,138,173,108,12,206,55,181,149,22,167,33,193,32},{227,5,253,101,106,78,236,36,11,225,42,24,100,103,236,70,10,75,144,20}})do for _,v in ipairs(c)do t[#t+1]=v end end return t end)(),
(function()local t={}for _,c in ipairs({{2,17,249,175,224,194,251,123,188,62,81,206,70,213,183,177,139,188,57,64,10,115,84,99,211,242,164,232,77,193,13,77,209,241,89,167,136,201,252,19,217,184,113,181,147,176,46,64,124,144,59,53,170,140,253,83,34,149,16,230,210,184,166,246,146,72,131,101,41,221},{18,143,224,204,253,209,104,6,132,254,65,34,13,24,247,81,236,231,213,88}})do for _,v in ipairs(c)do t[#t+1]=v end end return t end)(),
(function()local t={}for _,c in ipairs({{60,180,133,132,129,210,227,172,165,253,212,99,215,194,127,122,213,10,151,147,83,158,174,93,114,92,70,230,91,22,245,93,30,175,129,85,63,149,95,140,84,247,57,48,152,56,2,163,111,173,74,65,209,218,36,63,154,32,134,103,151,88,53,219,218,55,204,158,254,222},{79,24,8,200,117,152,59,19,230,173,183,183,28,201,174,235,63,86,117,96}})do for _,v in ipairs(c)do t[#t+1]=v end end return t end)(),
(function()local t={}for _,c in ipairs({{188,68,150,53,149,78,99,250,66,213,120,221,181,133,251,10,223,147,199,70,250,119,197,56,107,212,140,103,55,80,10,44,144,5,116,162,174,98,247,63,25,59,225,229,73,242,225,5,221,28,168,116,103,38,249,210,28,165,242,207,153,187,52,90,225,203,38,144,183,226},{87,1,228,151,171,157,203,250,222,45,25,111,223,23,60,233,67,146,236,138}})do for _,v in ipairs(c)do t[#t+1]=v end end return t end)(),
(function()local t={}for _,c in ipairs({{36,144,110,236,246,24,22,136,100,199,8,198,5,45,165,103,8,218,145,191,229,29,171,26,213,102,162,88,43,126,41,118,8,38,36,69,211,19,121,52,116,37,182,255,143,253,58,202,130,99,78,219,47,17,70,0,38,51,35,47,192,24,179,216,139,157,45,41,33,235},{24,200,184,250,255,36,44,115,34,170,73,57,46,120,105,223,173,26,93,42}})do for _,v in ipairs(c)do t[#t+1]=v end end return t end)(),
(function()local t={}for _,c in ipairs({{165,1,125,121,231,111,202,13,105,237,168,158,54,191,221,76,89,213,86,53,85,31,203,42,81,14,48,93,145,67,109,15,61,246,159,24,70,145,102,253,254,0,153,149,242,115,137,96,175,97,251,62,116,168,59,222,33,238,111,12,60,153,72,235,119,159,102,160,115,53},{103,204,222,118,239,114,109,178,91,166,43,104,106,90,88,65,204,129,6,180}})do for _,v in ipairs(c)do t[#t+1]=v end end return t end)(),
(function()local t={}for _,c in ipairs({{43,130,82,15,53,176,181,135,0,246,205,61,88,205,51,175,146,155,190,126,175,160,220,61,118,79,9,78,233,179,44,143,21,145,47,143,149,24,161,137,54,88,10,136,149,179,32,71,26,162,160,73,141,220,226,26,204,245,220,26,121,194,97,230,161,177,168,46,234,33},{15,77,98,189,161,224,30,78,255,114,180,5,12,150,122,209,122,149,102,45}})do for _,v in ipairs(c)do t[#t+1]=v end end return t end)(),
(function()local t={}for _,c in ipairs({{173,144,192,71,99,123,95,28,84,32,230,54,230,166,118,44,220,144,206,243,138,64,138,51,63,43,189,148,55,177,101,31,226,232,68,5,41,71,73,161,158,4,211,180,15,200,215,22,98,249,201,86,73,233,83,103,119,89,107,55,137,116,145,138,227,60,161,202,111,197},{248,119,115,109,216,144,151,129,135,243,71,36,168,157,2,148,75,24,210,67}})do for _,v in ipairs(c)do t[#t+1]=v end end return t end)(),
(function()local t={}for _,c in ipairs({{242,53,160,52,18,246,160,106,209,194,157,112,220,231,248,47,163,202,41,46,148,116,229,71,24,117,160,154,66,222,126,211,217,234,201,114,122,15,23,63,216,141,66,89,200,151,239,222,162,57,207,137,32,71,171,54,83,38,94,62,32,91,148,216,101,35,110,154,179,204},{33,200,46,171,219,89,39,233,204,79,81,241,112,123,204,231,225,140,97,111}})do for _,v in ipairs(c)do t[#t+1]=v end end return t end)(),
(function()local t={}for _,c in ipairs({{209,204,123,149,232,156,66,47,156,52,158,147,29,172,94,106,223,228,234,210,196,152,95,171,148,75,237,228,216,10,27,222,235,50,54,18,209,220,70,168,123,218,12,2,245,34,252,180,204,233,156,199,49,26,12,76,231,144,221,232,96,209,6,54,34,41,24,201,112,186},{238,77,196,225,246,194,230,170,242,153,10,245,35,94,158,79,78,30,125,178}})do for _,v in ipairs(c)do t[#t+1]=v end end return t end)(),
(function()local t={}for _,c in ipairs({{75,218,99,56,22,120,125,113,212,75,207,175,241,44,17,111,165,223,184,140,109,208,119,33,44,156,220,152,6,148,165,248,133,203,93,218,244,204,64,248,199,29,231,196,170,203,117,72,50,2,29,60,62,60,5,2,127,0,129,75,185,252,251,105,208,81,109,255,14,50},{248,102,175,41,177,176,130,140,41,135,20,62,26,117,123,241,76,70,40,134}})do for _,v in ipairs(c)do t[#t+1]=v end end return t end)(),
(function()local t={}for _,c in ipairs({{211,233,192,203,111,197,75,197,84,127,228,36,19,192,122,2,153,171,156,212,52,32,26,122,171,222,156,65,172,94,180,224,193,95,233,36,202,180,251,12,88,44,215,181,1,39,15,8,194,252,11,117,186,139,68,90,239,13,153,99,231,110,248,131,86,230,212,163,105,67},{67,243,68,137,212,56,69,46,132,49,8,236,247,198,137,202,81,32,36,254}})do for _,v in ipairs(c)do t[#t+1]=v end end return t end)(),
(function()local t={}for _,c in ipairs({{105,70,88,75,197,142,118,6,147,125,163,82,177,248,32,176,36,44,131,126,7,162,126,71,129,186,31,238,21,133,168,24,53,67,217,183,161,74,107,173,216,128,35,213,225,242,6,83,182,16,88,170,6,161,107,207,246,156,96,111,155,116,244,169,62,55,155,244,13,79},{98,78,253,44,240,56,125,151,172,202,75,157,217,225,225,34,7,202,161,182}})do for _,v in ipairs(c)do t[#t+1]=v end end return t end)(),
(function()local t={}for _,c in ipairs({{141,148,180,110,92,111,143,8,9,87,11,35,65,152,50,220,230,18,158,248,8,84,248,55,119,140,76,66,159,98,88,0,240,213,210,63,196,83,89,75,216,85,145,166,110,2,51,216,177,66,146,48,49,29,175,245,225,60,198,106,138,139,209,39,88,161,14,43,43,42},{48,158,135,31,156,151,93,65,243,89,17,36,104,219,164,140,158,115,184,195}})do for _,v in ipairs(c)do t[#t+1]=v end end return t end)(),
(function()local t={}for _,c in ipairs({{157,99,13,126,0,98,24,6,241,6,19,124,255,31,170,199,135,101,79,137,57,242,58,41,61,178,211,220,166,18,239,89,122,194,159,238,3,101,34,174,96,79,57,81,225,248,248,147,102,73,81,175,174,53,16,90,13,250,137,192,107,63,26,73,225,203,59,241,72,116},{124,72,181,194,239,234,206,19,150,64,108,157,163,141,71,165,83,97,17,57}})do for _,v in ipairs(c)do t[#t+1]=v end end return t end)(),
(function()local t={}for _,c in ipairs({{199,210,21,116,196,236,161,178,24,45,255,61,54,228,164,195,210,26,175,42,47,213,112,109,186,8,182,171,234,75,40,134,235,128,245,45,4,52,231,175,236,29,92,119,236,141,154,71,248,193,211,149,194,9,238,181,189,65,53,131,129,158,4,144,101,11,88,16,198,99},{227,23,55,2,217,62,179,201,1,79,40,63,22,250,154,1,109,51,165,203}})do for _,v in ipairs(c)do t[#t+1]=v end end return t end)(),
(function()local t={}for _,c in ipairs({{205,246,181,161,189,99,110,113,185,116,66,146,147,114,13,174,19,234,168,100,62,60,240,247,143,29,171,220,50,135,118,35,28,86,0,33,71,213,155,176,145,38,71,106,235,98,109,11,25,19,108,138,47,134,140,121,56,2,64,223,89,182,81,24,153,144,115,1,168,254},{105,133,181,87,223,207,118,24,79,53,55,61,203,56,177,200,139,117,252,20}})do for _,v in ipairs(c)do t[#t+1]=v end end return t end)(),
(function()local t={}for _,c in ipairs({{152,227,254,22,144,213,86,213,101,20,129,35,39,18,78,61,50,24,151,253,82,143,39,70,141,121,222,119,91,105,159,206,226,29,162,139,158,56,24,226,75,26,109,182,1,157,199,206,81,8,188,123,140,32,207,185,91,114,167,144,5,190,243,230,0,42,123,17,201,169},{138,204,157,47,243,52,208,24,32,89,118,228,130,218,176,77,13,179,97,178}})do for _,v in ipairs(c)do t[#t+1]=v end end return t end)(),
(function()local t={}for _,c in ipairs({{135,127,233,49,253,67,22,132,50,192,71,215,234,46,70,137,255,154,152,67,227,157,116,181,223,104,89,244,210,51,237,163,117,45,145,191,212,246,6,140,182,21,238,121,108,17,83,211,183,132,55,33,146,125,41,230,9,71,158,249,220,6,103,29,228,124,111,112,150,164},{116,87,9,116,113,89,144,227,92,176,92,241,223,117,63,3,169,179,8,198}})do for _,v in ipairs(c)do t[#t+1]=v end end return t end)(),
(function()local t={}for _,c in ipairs({{66,124,75,138,3,248,35,240,174,64,109,199,180,224,77,44,143,143,76,5,25,249,74,181,38,239,223,22,108,170,18,23,171,29,249,1,45,88,48,120,127,73,243,164,107,87,157,97,107,127,59,29,152,46,80,105,245,76,203,211,139,87,29,83,255,120,255,107,159,238},{37,227,178,172,56,125,47,188,166,97,251,117,169,109,113,154,66,21,239,105}})do for _,v in ipairs(c)do t[#t+1]=v end end return t end)(),
(function()local t={}for _,c in ipairs({{124,30,220,233,244,77,255,248,217,120,64,16,170,84,195,224,10,11,218,112,112,6,103,115,127,80,131,140,204,62,191,91,98,180,160,120,122,226,10,12,155,174,77,0,46,207,76,46,216,219,155,160,75,10,127,28,131,255,93,42,65,166,31,163,61,70,229,243,127,208},{142,116,39,108,24,54,6,0,100,46,200,149,91,14,173,170,55,216,17,119}})do for _,v in ipairs(c)do t[#t+1]=v end end return t end)(),
(function()local t={}for _,c in ipairs({{225,40,235,142,149,243,86,216,50,206,181,124,87,234,228,44,208,235,37,135,99,183,235,81,63,130,160,94,71,143,237,211,10,105,238,66,110,82,239,235,189,50,166,125,243,159,132,123,246,51,45,225,70,155,131,62,91,172,59,148,121,116,149,117,178,142,126,3,98,51},{180,182,65,95,67,130,103,17,103,181,173,63,121,76,211,158,206,214,26,124}})do for _,v in ipairs(c)do t[#t+1]=v end end return t end)(),
(function()local t={}for _,c in ipairs({{110,21,50,94,199,194,142,13,115,206,53,59,202,141,67,118,130,143,163,47,100,121,249,112,171,224,58,179,24,44,27,101,130,196,3,249,2,104,156,119,215,199,156,219,128,196,48,252,155,73,39,135,17,61,131,46,187,231,3,220,45,130,130,108,192,233,51,85,132,108},{246,185,37,40,138,76,193,42,97,124,33,227,147,65,206,207,109,253,62,221}})do for _,v in ipairs(c)do t[#t+1]=v end end return t end)(),
(function()local t={}for _,c in ipairs({{103,122,93,68,62,184,146,9,138,249,135,137,23,213,69,81,227,96,161,162,149,179,141,223,128,120,159,77,93,135,113,77,91,108,204,76,123,142,81,249,89,220,163,241,231,5,99,88,234,65,116,116,11,230,139,194,33,94,18,174,171,112,139,68,207,218,134,238,135,48},{30,74,243,158,205,243,246,67,13,224,249,57,145,245,36,218,137,121,128,150}})do for _,v in ipairs(c)do t[#t+1]=v end end return t end)(),
(function()local t={}for _,c in ipairs({{74,64,68,18,69,129,238,38,70,8,228,163,246,1,203,81,4,95,215,216,41,112,153,224,191,16,251,107,221,133,30,108,189,69,155,207,86,69,240,230,234,46,247,173,208,36,13,229,169,121,125,125,173,132,233,160,75,142,22,105,150,11,93,251,189,126,91,176,107,147},{34,141,255,194,214,126,122,219,93,61,37,237,120,237,139,16,64,9,198,2}})do for _,v in ipairs(c)do t[#t+1]=v end end return t end)(),
(function()local t={}for _,c in ipairs({{100,243,195,102,49,170,88,103,226,32,187,227,66,6,64,181,91,49,32,218,120,19,86,225,234,227,188,251,51,123,126,88,137,27,157,21,112,63,84,183,121,5,160,216,42,92,65,229,79,166,175,101,99,166,180,24,228,225,11,246,4,92,179,68,251,210,144,2,190,155},{204,98,245,32,186,216,170,104,88,173,58,213,135,149,90,45,17,164,52,33}})do for _,v in ipairs(c)do t[#t+1]=v end end return t end)(),
(function()local t={}for _,c in ipairs({{55,220,249,228,34,96,48,110,213,89,210,191,61,76,149,246,1,78,9,99,217,43,249,182,146,139,82,145,147,73,199,176,218,180,132,0,183,245,81,99,127,118,165,40,130,121,158,67,72,219,80,34,250,15,141,230,43,8,211,113,195,105,75,113,249,195,0,194,126,40},{214,119,242,22,94,174,196,42,17,245,123,111,2,242,197,119,14,104,187,205}})do for _,v in ipairs(c)do t[#t+1]=v end end return t end)(),
(function()local t={}for _,c in ipairs({{123,73,209,117,8,30,214,57,70,149,137,190,110,178,8,7,254,28,129,192,186,196,176,221,217,121,62,23,48,25,15,100,119,49,8,79,210,189,120,254,37,199,111,211,60,253,218,90,174,191,190,56,71,122,223,119,77,62,179,149,196,44,49,233,254,7,194,180,62,43},{246,83,147,202,6,141,55,233,111,78,126,24,35,149,23,142,161,89,13,175}})do for _,v in ipairs(c)do t[#t+1]=v end end return t end)(),
(function()local t={}for _,c in ipairs({{45,11,15,15,26,90,106,66,135,206,6,100,154,21,56,123,27,62,232,8,219,67,100,14,144,93,99,57,221,226,87,69,26,212,158,87,119,149,18,189,81,79,102,180,33,92,10,224,102,246,221,125,215,102,38,91,74,200,181,78,40,242,134,224,129,157,41,9,120,6},{139,193,51,23,249,210,183,202,196,82,170,118,56,234,47,248,171,48,118,46}})do for _,v in ipairs(c)do t[#t+1]=v end end return t end)(),
(function()local t={}for _,c in ipairs({{183,65,0,163,18,153,244,36,102,2,186,181,88,19,107,209,62,239,251,211,35,62,209,89,215,9,141,211,135,108,242,17,40,141,152,210,160,244,202,153,123,170,155,127,30,206,2,150,88,126,118,83,198,194,19,222,190,167,243,81,144,30,130,253,29,137,31,108,7,196},{74,24,83,116,194,124,92,80,76,38,179,83,149,242,72,92,67,102,91,194}})do for _,v in ipairs(c)do t[#t+1]=v end end return t end)(),
(function()local t={}for _,c in ipairs({{13,113,127,127,58,148,165,133,168,70,172,160,210,53,162,143,187,89,210,84,3,247,207,144,180,120,156,171,32,161,191,82,233,179,215,223,242,209,134,67,215,56,211,44,71,177,71,147,197,131,97,254,247,109,105,114,121,244,236,61,159,34,249,138,18,79,133,112,111,16},{71,198,149,68,89,250,61,131,4,230,173,103,97,141,178,123,238,125,37,229}})do for _,v in ipairs(c)do t[#t+1]=v end end return t end)(),
(function()local t={}for _,c in ipairs({{115,133,240,56,3,236,209,107,154,46,67,140,127,82,106,183,96,36,250,205,107,178,222,50,252,82,198,237,41,9,60,201,202,144,220,244,73,224,240,216,227,187,161,32,164,189,119,215,102,109,62,64,31,121,212,196,230,72,25,173,11,114,162,35,252,148,186,150,4,40},{247,204,50,243,194,136,154,36,178,207,80,112,220,84,57,134,20,181,3,114}})do for _,v in ipairs(c)do t[#t+1]=v end end return t end)(),
(function()local t={}for _,c in ipairs({{231,254,185,186,129,213,108,11,188,49,210,188,8,45,6,181,99,163,176,90,36,204,183,33,166,63,168,103,242,69,102,131,129,198,213,137,164,54,252,21,252,43,126,211,159,124,116,202,42,6,250,165,46,193,255,80,161,145,3,191,227,5,136,247,229,56,147,38,33,100},{41,161,254,180,233,150,180,149,23,238,45,70,184,235,18,220,209,117,10,83}})do for _,v in ipairs(c)do t[#t+1]=v end end return t end)(),
(function()local t={}for _,c in ipairs({{232,178,119,85,53,34,66,151,131,34,172,166,96,202,89,239,54,180,194,158,184,227,154,190,183,45,153,226,79,208,237,121,68,123,24,250,154,77,194,181,147,128,28,233,186,98,81,67,62,168,215,2,143,84,251,178,168,49,166,132,17,0,108,55,97,202,250,1,241,219},{24,154,64,83,80,136,233,206,195,218,124,139,188,150,234,63,54,172,125,81}})do for _,v in ipairs(c)do t[#t+1]=v end end return t end)(),
(function()local t={}for _,c in ipairs({{113,173,106,91,10,100,86,110,63,232,127,130,121,30,190,102,138,195,215,89,215,160,29,189,45,167,51,21,163,33,204,155,206,207,66,53,5,119,22,81,153,88,94,138,171,244,163,62,39,159,108,232,78,149,5,190,137,168,171,167,118,35,115,172,166,127,109,175,132,248},{19,195,49,69,232,150,179,244,126,8,227,14,137,216,101,233,198,246,58,35}})do for _,v in ipairs(c)do t[#t+1]=v end end return t end)(),
(function()local t={}for _,c in ipairs({{70,219,17,171,166,82,128,44,159,172,27,212,18,201,140,209,113,51,97,213,90,205,81,131,86,83,221,56,113,3,62,144,85,38,221,255,127,173,199,76,154,43,181,222,178,118,189,118,186,9,101,174,134,187,45,124,26,207,233,8,120,247,80,169,62,27,139,212,162,66},{159,79,55,153,134,8,249,54,205,95,214,59,220,232,87,226,227,67,213,205}})do for _,v in ipairs(c)do t[#t+1]=v end end return t end)(),
(function()local t={}for _,c in ipairs({{136,64,99,3,190,250,70,102,248,206,229,109,138,232,254,126,120,212,135,21,166,139,167,13,218,76,61,119,223,110,199,63,105,231,40,178,173,34,146,106,89,108,109,67,238,244,184,68,146,166,150,212,250,222,66,7,229,129,135,47,36,222,210,206,51,82,126,166,165,104},{23,185,68,79,46,236,124,165,79,192,30,62,6,208,247,86,243,134,39,183}})do for _,v in ipairs(c)do t[#t+1]=v end end return t end)(),
(function()local t={}for _,c in ipairs({{37,141,49,50,24,75,195,134,18,190,51,113,71,197,234,229,109,61,59,163,158,210,254,65,245,159,116,24,250,147,218,119,107,73,174,250,32,6,230,168,97,192,231,239,124,31,8,38,142,143,8,105,108,206,111,224,8,170,140,89,155,251,138,215,180,17,20,55,121,181},{110,32,62,78,240,124,142,199,245,28,66,17,220,37,59,195,31,254,58,69}})do for _,v in ipairs(c)do t[#t+1]=v end end return t end)(),
(function()local t={}for _,c in ipairs({{150,194,212,175,136,119,64,129,8,240,221,12,112,67,246,1,135,136,226,195,152,194,142,107,28,190,140,198,118,217,65,179,193,45,218,239,135,187,165,197,123,92,215,238,41,39,76,111,206,138,131,164,76,1,204,36,47,247,22,200,176,23,123,9,249,45,156,97,231,130},{153,149,216,94,228,205,222,166,125,20,146,14,232,236,87,65,177,158,195,167}})do for _,v in ipairs(c)do t[#t+1]=v end end return t end)(),
(function()local t={}for _,c in ipairs({{219,180,254,238,127,60,56,163,44,178,143,178,88,103,90,31,202,203,171,113,131,50,78,64,136,243,234,178,3,78,201,95,163,30,237,11,94,64,81,223,140,36,132,30,29,84,235,182,122,127,159,109,153,8,74,191,107,184,56,58,248,192,187,154,235,176,136,251,147,74},{43,14,183,36,210,163,240,227,216,156,102,255,248,220,23,31,183,199,19,106}})do for _,v in ipairs(c)do t[#t+1]=v end end return t end)(),
(function()local t={}for _,c in ipairs({{67,161,203,162,162,243,196,75,133,98,39,25,155,232,13,161,240,133,86,83,26,104,231,145,211,11,243,197,103,78,15,34,247,102,44,157,252,252,159,60,63,212,221,32,200,136,19,230,142,51,83,236,224,159,191,4,154,202,188,207,181,197,195,124,49,15,211,56,93,204},{74,169,152,236,164,193,48,77,5,84,233,242,77,243,74,120,110,160,242,219}})do for _,v in ipairs(c)do t[#t+1]=v end end return t end)(),
(function()local t={}for _,c in ipairs({{180,191,237,97,50,45,253,1,25,46,95,204,91,72,34,1,111,132,101,92,153,240,218,203,53,178,153,237,222,212,13,221,159,159,182,144,165,240,57,224,163,152,23,155,27,147,24,8,251,189,90,200,14,178,193,65,93,215,157,110,74,132,39,99,57,238,18,205,181,178},{1,23,14,72,144,70,84,243,28,33,232,65,168,219,31,231,202,62,196,40}})do for _,v in ipairs(c)do t[#t+1]=v end end return t end)(),
(function()local t={}for _,c in ipairs({{173,13,238,24,29,100,93,40,53,25,219,189,213,99,105,211,23,153,131,114,57,15,110,76,180,120,235,163,90,41,165,31,108,82,213,173,238,112,125,132,207,31,62,222,162,240,219,98,152,143,242,200,5,136,30,177,148,61,232,160,21,19,114,133,214,231,43,24,49,153},{17,136,39,250,108,212,168,154,28,227,12,244,193,207,134,67,135,129,170,103}})do for _,v in ipairs(c)do t[#t+1]=v end end return t end)(),
(function()local t={}for _,c in ipairs({{20,163,193,20,97,197,232,164,57,195,131,2,59,200,96,64,9,107,29,147,95,6,231,212,219,72,19,213,154,117,10,218,241,177,206,68,53,179,53,73,191,4,40,22,109,98,97,87,32,135,29,78,10,151,101,156,70,229,237,43,3,232,51,124,234,13,126,65,236,155},{95,110,179,105,66,105,91,137,106,20,227,228,50,145,105,172,89,201,105,236}})do for _,v in ipairs(c)do t[#t+1]=v end end return t end)(),
(function()local t={}for _,c in ipairs({{174,123,199,210,96,117,58,73,60,173,127,104,23,50,10,174,38,19,245,217,115,37,129,235,55,199,131,81,153,46,17,14,204,81,137,67,164,208,229,57,43,199,252,78,190,19,55,82,63,98,68,237,118,99,57,105,19,24,90,16,129,17,226,125,101,226,27,111,119,206},{102,231,98,132,228,163,70,120,133,253,163,73,85,126,63,125,192,182,87,247}})do for _,v in ipairs(c)do t[#t+1]=v end end return t end)(),
(function()local t={}for _,c in ipairs({{51,44,46,67,227,56,38,189,240,28,250,212,3,217,141,189,176,122,149,106,121,147,183,93,150,188,33,100,223,130,160,9,62,50,160,115,198,42,187,247,142,125,92,46,254,136,87,250,125,22,119,115,6,8,125,38,167,44,187,90,230,50,217,102,236,12,14,37,248,103},{170,240,71,14,139,249,43,166,227,155,103,76,246,203,242,57,238,187,108,47}})do for _,v in ipairs(c)do t[#t+1]=v end end return t end)(),
(function()local t={}for _,c in ipairs({{6,76,186,188,204,142,75,23,206,106,182,54,138,202,102,27,36,155,82,54,220,162,183,174,159,54,255,31,82,112,65,142,188,198,201,58,161,211,224,199,144,216,16,27,113,121,123,90,29,230,18,93,194,211,99,110,217,62,18,68,194,118,61,46,131,74,148,141,119,112},{238,195,56,9,104,16,27,193,214,126,53,98,5,226,202,70,27,86,105,42}})do for _,v in ipairs(c)do t[#t+1]=v end end return t end)(),
(function()local t={}for _,c in ipairs({{25,15,52,73,112,227,196,102,33,67,201,65,134,80,206,3,110,18,15,227,153,122,205,71,245,98,51,159,248,64,28,214,92,28,219,249,76,82,136,20,96,110,53,39,238,122,153,200,130,121,157,125,206,190,10,159,135,59,177,133,116,107,8,222,80,97,13,21,77,118},{190,125,174,125,10,186,217,83,81,80,234,15,56,224,171,33,102,5,4,11}})do for _,v in ipairs(c)do t[#t+1]=v end end return t end)(),
(function()local t={}for _,c in ipairs({{192,47,101,182,10,124,126,121,192,153,184,176,238,16,111,243,99,174,81,72,158,87,172,123,104,222,73,6,60,206,124,58,39,29,126,64,113,25,10,43,37,115,205,199,93,197,42,45,27,12,32,146,6,212,65,187,120,198,1,154,132,146,69,253,225,179,148,143,245,63},{76,144,247,32,191,9,165,146,132,76,113,7,17,179,69,193,5,20,99,0}})do for _,v in ipairs(c)do t[#t+1]=v end end return t end)(),
(function()local t={}for _,c in ipairs({{15,67,64,56,75,56,145,210,132,9,128,156,10,188,145,237,57,124,235,241,218,220,134,35,14,220,207,155,123,176,18,151,16,114,250,138,214,75,137,186,216,89,236,250,184,237,116,176,243,62,32,26,154,135,196,237,30,240,72,214,204,112,95,9,223,224,234,124,158,15},{232,89,17,175,200,117,99,189,69,163,217,167,209,17,211,252,124,167,225,224}})do for _,v in ipairs(c)do t[#t+1]=v end end return t end)(),
(function()local t={}for _,c in ipairs({{0,77,14,105,126,49,53,209,88,190,107,89,53,20,152,36,68,144,184,248,27,119,180,158,126,159,154,237,135,40,231,121,52,179,24,217,34,153,162,168,69,140,35,96,12,45,62,44,31,205,165,34,13,11,62,110,50,218,19,191,117,192,249,209,251,18,118,180,231,238},{179,104,217,125,177,217,195,208,196,209,30,51,23,26,206,179,149,98,17,0}})do for _,v in ipairs(c)do t[#t+1]=v end end return t end)(),
(function()local t={}for _,c in ipairs({{153,48,213,227,121,202,147,153,224,179,160,110,141,134,74,185,0,236,86,84,55,171,89,179,232,143,170,137,252,114,229,96,4,155,96,101,112,237,106,241,90,247,246,155,117,254,72,161,18,1,52,153,136,143,39,139,204,38,142,199,188,218,226,21,144,0,5,163,231,12},{28,188,92,115,10,47,7,35,3,40,156,118,98,231,230,174,93,148,141,198}})do for _,v in ipairs(c)do t[#t+1]=v end end return t end)(),
(function()local t={}for _,c in ipairs({{76,73,235,47,212,95,219,61,147,51,252,38,42,241,114,247,164,76,6,193,114,175,10,143,161,82,254,134,96,241,155,21,190,24,23,251,71,190,165,219,133,76,90,37,33,202,162,95,139,18,92,94,183,1,67,98,71,213,191,211,240,114,53,70,9,124,85,169,213,207},{14,23,68,216,205,246,204,171,222,56,197,89,102,79,218,87,41,142,154,85}})do for _,v in ipairs(c)do t[#t+1]=v end end return t end)(),
(function()local t={}for _,c in ipairs({{123,55,121,185,205,251,19,73,111,33,28,117,94,231,70,44,150,42,217,198,9,202,104,2,237,61,43,237,42,171,240,213,27,49,13,141,196,159,252,30,145,129,130,133,250,134,132,7,177,201,115,167,75,57,173,209,234,173,189,113,91,167,92,39,175,128,154,159,164,200},{141,215,233,144,196,159,215,5,235,221,29,123,76,85,221,244,53,105,151,55}})do for _,v in ipairs(c)do t[#t+1]=v end end return t end)(),
(function()local t={}for _,c in ipairs({{16,166,115,18,151,138,0,222,40,242,118,210,146,124,123,180,233,65,225,238,173,39,153,77,189,132,203,28,135,236,241,204,156,201,12,254,133,61,231,167,190,227,222,242,242,135,6,39,6,49,214,245,141,179,138,171,28,68,185,193,25,82,51,5,22,88,152,242,122,129},{52,91,120,139,170,99,120,242,152,155,171,185,164,54,2,170,75,167,126,9}})do for _,v in ipairs(c)do t[#t+1]=v end end return t end)(),
(function()local t={}for _,c in ipairs({{187,131,155,57,142,235,49,219,203,216,246,36,6,190,133,128,211,154,83,85,80,76,18,154,132,187,21,232,29,163,18,206,127,111,213,84,196,28,64,44,82,151,200,26,245,87,106,0,71,178,205,27,239,160,76,179,239,225,86,31,103,32,97,40,148,205,38,50,219,64},{5,254,161,96,40,40,235,241,241,51,110,5,42,123,90,205,154,150,189,16}})do for _,v in ipairs(c)do t[#t+1]=v end end return t end)(),
(function()local t={}for _,c in ipairs({{226,96,166,33,121,2,95,17,46,160,93,81,83,0,35,26,212,227,137,96,122,115,170,129,77,237,239,24,107,9,192,214,110,187,37,21,17,145,171,15,208,81,227,223,108,175,156,23,17,240,232,143,84,47,195,48,251,198,79,196,131,164,45,1,215,199,135,111,66,47},{215,39,113,4,53,50,95,220,166,29,17,45,248,117,73,214,61,193,238,181}})do for _,v in ipairs(c)do t[#t+1]=v end end return t end)(),
(function()local t={}for _,c in ipairs({{12,95,87,142,194,232,127,218,73,74,216,136,229,103,176,220,55,60,127,176,59,217,176,40,74,50,168,205,167,11,111,72,91,217,93,30,34,47,218,90,179,192,193,230,213,57,236,215,80,83,53,209,183,22,205,248,143,37,143,138,29,162,233,101,70,139,135,167,97,74},{244,138,17,174,65,215,150,208,167,247,215,171,240,64,247,106,230,45,93,12}})do for _,v in ipairs(c)do t[#t+1]=v end end return t end)(),
(function()local t={}for _,c in ipairs({{188,32,140,172,216,13,110,29,74,252,136,64,9,110,117,250,94,207,205,39,147,162,158,147,93,34,133,228,88,231,133,224,122,112,198,208,240,7,78,0,255,57,248,78,123,100,95,73,243,83,85,209,236,78,180,88,225,246,177,182,244,218,242,28,116,145,202,135,119,27},{182,136,167,122,79,121,19,163,163,37,21,86,164,114,213,236,155,163,83,171}})do for _,v in ipairs(c)do t[#t+1]=v end end return t end)(),
(function()local t={}for _,c in ipairs({{28,203,235,191,25,40,151,34,77,97,177,3,98,48,23,201,131,211,62,61,229,160,37,100,207,28,149,216,180,174,120,28,95,24,57,76,138,96,216,245,21,20,55,81,234,56,43,119,125,49,135,214,193,145,230,150,60,86,90,238,75,77,219,195,210,18,64,112,108,28},{60,196,179,143,136,63,43,184,171,72,72,44,197,176,80,46,188,182,103,136}})do for _,v in ipairs(c)do t[#t+1]=v end end return t end)(),
(function()local t={}for _,c in ipairs({{211,71,170,151,4,82,31,101,240,100,231,69,80,35,105,237,61,187,195,75,222,34,223,56,128,254,60,143,68,75,235,73,223,252,110,139,216,186,239,65,93,103,1,13,209,45,212,36,200,79,29,232,4,106,75,234,151,238,129,239,161,5,110,118,187,240,171,186,15,49},{98,93,197,208,53,218,212,141,120,145,160,69,21,78,72,100,53,70,142,143}})do for _,v in ipairs(c)do t[#t+1]=v end end return t end)(),
(function()local t={}for _,c in ipairs({{207,57,96,29,73,218,24,221,135,51,62,251,57,78,104,210,18,203,182,123,35,30,164,208,9,188,69,206,84,166,107,156,4,119,119,183,58,5,171,118,63,241,139,11,25,237,142,36,232,151,116,10,189,254,246,87,114,82,153,123,124,192,140,187,84,102,156,204,238,245},{97,188,149,236,63,195,118,31,176,18,58,21,8,231,100,244,118,2,88,66}})do for _,v in ipairs(c)do t[#t+1]=v end end return t end)(),
(function()local t={}for _,c in ipairs({{241,221,175,151,44,240,161,105,130,22,101,249,143,117,122,135,147,157,224,249,187,27,211,88,158,87,111,45,226,59,133,32,5,74,187,25,204,152,99,125,235,100,89,127,118,145,59,20,148,147,106,79,37,198,88,94,215,178,135,234,86,54,10,15,237,11,81,223,116,108},{192,55,22,166,72,65,72,183,210,72,212,76,9,3,14,34,31,1,68,46}})do for _,v in ipairs(c)do t[#t+1]=v end end return t end)(),
(function()local t={}for _,c in ipairs({{26,105,30,71,120,225,33,2,202,162,14,19,247,40,123,195,249,76,123,166,42,248,90,167,10,193,118,210,69,45,32,165,22,226,195,173,86,41,100,202,164,219,92,19,106,179,241,16,145,249,251,132,83,11,31,192,15,244,66,71,245,21,18,95,96,117,209,223,85,91},{24,18,140,219,64,204,182,162,58,15,163,67,168,94,70,24,173,85,122,183}})do for _,v in ipairs(c)do t[#t+1]=v end end return t end)(),
(function()local t={}for _,c in ipairs({{78,242,143,227,41,19,23,122,128,108,200,254,30,42,34,169,65,166,168,100,36,122,30,10,150,70,144,199,36,12,222,138,92,7,214,26,73,220,53,251,116,215,147,6,19,112,132,213,235,189,204,8,161,110,44,132,40,210,227,254,76,146,130,233,232,76,212,174,85,50},{115,137,71,248,159,22,236,193,198,143,82,95,182,191,1,235,134,117,131,157}})do for _,v in ipairs(c)do t[#t+1]=v end end return t end)(),
(function()local t={}for _,c in ipairs({{30,229,95,185,218,202,134,128,40,131,180,187,219,27,181,17,81,9,57,187,78,83,30,193,150,16,189,147,141,53,166,150,112,87,148,118,78,55,133,7,3,139,196,64,181,92,31,231,236,105,166,232,184,18,49,133,201,151,5,138,177,173,78,160,216,3,167,28,119,37},{69,227,83,136,127,185,54,203,198,106,111,224,27,23,74,239,6,25,13,64}})do for _,v in ipairs(c)do t[#t+1]=v end end return t end)(),
(function()local t={}for _,c in ipairs({{201,190,99,8,246,246,42,88,130,21,166,73,71,51,154,53,26,157,92,67,235,118,220,180,165,111,168,42,125,170,236,70,179,3,79,15,240,238,0,62,14,216,223,197,6,6,43,232,136,161,203,117,135,161,6,190,8,107,75,90,37,160,191,115,249,237,62,24,26,184},{44,28,8,254,226,84,114,12,78,249,144,100,120,138,123,163,123,187,21,136}})do for _,v in ipairs(c)do t[#t+1]=v end end return t end)(),
(function()local t={}for _,c in ipairs({{134,251,205,202,52,96,53,224,233,104,246,217,185,240,228,19,46,80,116,123,148,201,217,48,79,241,158,108,24,205,77,243,175,77,214,135,92,177,183,205,125,133,202,50,152,162,188,201,103,38,112,122,29,190,143,213,120,88,53,62,118,83,41,208,37,43,35,138,236,182},{86,28,196,22,91,56,209,187,194,0,70,12,193,244,227,86,14,124,121,17}})do for _,v in ipairs(c)do t[#t+1]=v end end return t end)(),
(function()local t={}for _,c in ipairs({{7,196,159,227,162,206,227,66,135,147,156,5,9,134,3,159,228,163,10,106,159,145,23,38,43,61,13,250,15,12,161,137,148,166,161,113,63,75,219,83,251,246,181,180,179,157,80,141,17,119,221,120,255,77,15,211,210,194,42,24,2,239,70,104,165,216,58,74,111,237},{74,104,210,17,128,69,209,83,10,130,27,112,199,203,15,148,194,22,77,181}})do for _,v in ipairs(c)do t[#t+1]=v end end return t end)(),
(function()local t={}for _,c in ipairs({{179,1,184,16,145,156,137,114,222,144,135,213,18,68,98,244,133,76,178,162,68,56,47,61,220,236,245,6,90,36,30,244,18,186,227,145,244,78,41,93,15,209,208,34,9,77,76,71,11,183,202,235,239,191,237,164,102,61,46,69,199,41,36,8,250,141,116,155,144,69},{16,222,44,233,7,168,195,215,49,196,77,169,126,18,175,78,246,190,44,107}})do for _,v in ipairs(c)do t[#t+1]=v end end return t end)(),
(function()local t={}for _,c in ipairs({{141,68,252,215,56,40,248,251,100,79,25,107,50,237,162,147,23,96,144,212,104,82,195,195,89,121,30,140,53,227,168,54,235,124,206,220,224,136,176,72,34,230,90,162,12,137,245,210,214,153,163,211,0,11,152,236,131,102,121,156,80,193,13,83,244,135,160,174,60,74},{55,196,228,49,169,253,145,248,248,52,44,153,191,140,49,18,48,211,85,70}})do for _,v in ipairs(c)do t[#t+1]=v end end return t end)(),
(function()local t={}for _,c in ipairs({{132,36,239,94,118,182,193,201,219,22,129,192,255,96,125,29,198,90,134,86,124,35,44,40,118,8,147,229,169,69,178,68,210,237,71,174,179,52,134,123,252,45,184,149,187,117,61,140,62,47,61,114,111,126,196,53,9,122,238,126,212,127,248,226,118,168,240,198,176,49},{206,98,208,68,199,57,97,204,94,0,185,178,75,126,153,114,21,254,154,71}})do for _,v in ipairs(c)do t[#t+1]=v end end return t end)(),
(function()local t={}for _,c in ipairs({{107,245,69,60,27,227,154,76,80,50,208,194,234,188,208,207,250,157,1,137,58,40,105,166,24,209,18,183,68,129,216,102,95,24,57,151,13,115,222,72,241,217,83,120,132,55,190,172,61,176,75,215,111,133,198,183,253,78,94,162,99,214,182,150,41,54,102,244,251,198},{11,234,239,244,36,12,242,6,251,97,27,166,6,209,40,177,205,24,62,105}})do for _,v in ipairs(c)do t[#t+1]=v end end return t end)(),
(function()local t={}for _,c in ipairs({{98,54,79,187,231,120,105,209,142,89,92,145,173,190,103,82,80,198,153,36,95,133,165,82,89,86,203,162,7,104,155,165,251,89,38,121,109,41,44,238,26,25,155,26,163,190,26,86,133,13,102,196,118,109,1,205,18,87,245,24,114,252,166,116,101,54,150,216,39,108},{219,143,150,144,59,35,211,205,29,136,124,8,214,95,135,238,110,194,255,190}})do for _,v in ipairs(c)do t[#t+1]=v end end return t end)(),
(function()local t={}for _,c in ipairs({{73,112,213,246,2,207,248,31,45,160,84,140,213,21,83,93,93,5,130,159,248,111,164,189,25,195,238,138,18,108,243,159,243,234,2,1,127,64,106,255,8,28,217,248,70,92,106,233,93,121,85,11,78,78,118,43,19,87,3,202,235,149,180,94,86,51,201,86,140,159},{254,4,249,72,191,183,62,254,66,198,31,168,163,64,192,79,42,193,33,17}})do for _,v in ipairs(c)do t[#t+1]=v end end return t end)(),
(function()local t={}for _,c in ipairs({{185,151,213,240,253,117,247,233,203,188,32,177,12,230,172,218,247,136,23,153,191,45,95,184,53,37,64,39,27,22,166,40,86,227,8,170,254,47,109,26,7,86,109,43,250,139,199,238,188,0,49,157,160,245,93,246,113,159,30,10,1,30,110,31,44,234,234,169,74,142},{229,110,187,7,129,104,59,183,176,2,102,154,85,146,103,218,176,96,71,240}})do for _,v in ipairs(c)do t[#t+1]=v end end return t end)(),
(function()local t={}for _,c in ipairs({{132,32,218,72,253,24,92,166,178,122,247,178,122,70,170,124,60,98,6,39,138,247,53,167,94,119,59,51,209,212,130,88,68,2,131,53,198,135,90,25,203,186,10,128,5,83,47,233,120,28,182,66,244,122,20,40,115,30,30,168,42,67,230,33,89,128,130,111,224,181},{131,136,86,241,8,237,123,233,70,23,146,167,79,238,21,169,204,246,40,95}})do for _,v in ipairs(c)do t[#t+1]=v end end return t end)(),
(function()local t={}for _,c in ipairs({{232,172,74,64,216,217,123,223,190,133,181,194,159,53,146,183,197,60,184,94,52,149,106,15,230,225,33,213,14,65,150,111,84,199,107,27,188,235,183,236,24,164,83,185,251,143,145,109,229,158,149,35,77,39,39,236,122,243,167,53,232,21,122,39,252,65,61,188,127,44},{167,200,12,34,187,235,180,193,209,18,77,123,212,247,167,164,84,240,12,161}})do for _,v in ipairs(c)do t[#t+1]=v end end return t end)(),
(function()local t={}for _,c in ipairs({{46,233,16,36,204,103,178,130,50,75,21,135,22,183,120,72,195,161,73,207,156,5,152,69,49,243,188,230,225,233,149,211,102,130,192,223,205,59,157,187,31,2,5,250,20,212,63,246,140,143,87,207,232,117,255,252,148,149,99,251,30,10,226,46,50,83,235,120,91,118},{170,61,6,199,192,244,142,234,175,9,44,24,61,127,218,168,141,147,182,136}})do for _,v in ipairs(c)do t[#t+1]=v end end return t end)(),
(function()local t={}for _,c in ipairs({{84,119,128,182,179,246,68,115,80,13,76,35,199,227,1,182,250,28,72,244,240,198,78,225,0,60,165,184,100,77,100,127,111,21,233,35,220,243,62,228,219,175,68,124,217,157,197,221,107,238,62,175,117,87,76,170,145,74,17,129,19,156,136,232,207,215,195,148,91,187},{116,78,90,222,67,92,157,84,35,26,80,67,208,141,160,169,115,7,197,247}})do for _,v in ipairs(c)do t[#t+1]=v end end return t end)(),
(function()local t={}for _,c in ipairs({{243,33,16,125,175,31,107,100,47,61,184,188,134,148,8,130,243,125,103,201,199,139,118,63,54,24,154,107,180,158,209,47,197,76,142,26,126,32,182,223,9,205,254,51,194,180,136,28,253,255,189,189,119,119,37,243,205,189,8,69,225,2,8,65,229,169,238,46,4,149},{66,249,177,25,156,190,148,79,107,176,156,116,20,204,171,194,235,249,16,31}})do for _,v in ipairs(c)do t[#t+1]=v end end return t end)(),
(function()local t={}for _,c in ipairs({{58,54,197,35,163,90,133,125,59,191,42,148,157,67,42,12,168,243,229,230,158,158,203,10,202,113,10,0,154,123,191,199,186,180,176,9,201,65,25,54,38,142,48,247,254,231,25,165,116,117,20,253,65,68,29,73,200,223,89,201,63,111,24,130,131,39,38,79,81,248},{119,46,54,186,92,114,177,91,123,124,187,216,24,178,33,190,165,130,119,132}})do for _,v in ipairs(c)do t[#t+1]=v end end return t end)(),
(function()local t={}for _,c in ipairs({{199,106,245,42,11,56,111,78,169,88,162,21,86,57,53,6,141,19,161,189,51,192,154,76,164,47,173,144,144,51,118,151,172,128,155,66,177,160,111,208,103,140,164,188,182,216,230,45,129,240,180,21,248,125,135,213,229,174,231,255,153,59,44,26,184,132,199,79,179,39},{254,11,116,169,125,69,126,234,205,242,148,223,160,33,93,8,8,109,210,52}})do for _,v in ipairs(c)do t[#t+1]=v end end return t end)(),
(function()local t={}for _,c in ipairs({{93,158,219,142,33,171,244,13,216,242,60,239,21,203,163,49,106,28,85,64,19,137,237,45,253,57,164,199,1,191,116,233,17,52,202,116,26,90,193,207,228,105,166,98,6,113,117,96,58,169,171,23,165,43,160,168,171,34,129,38,1,76,78,19,17,27,40,147,111,155},{221,85,16,95,150,224,205,117,170,90,207,75,183,18,147,142,200,74,141,144}})do for _,v in ipairs(c)do t[#t+1]=v end end return t end)(),
(function()local t={}for _,c in ipairs({{135,154,57,134,119,2,19,4,180,92,148,74,117,53,137,132,43,249,82,179,218,7,208,42,237,16,207,129,184,118,59,170,75,164,102,199,53,8,221,58,108,253,183,189,140,19,108,220,62,53,150,30,95,120,28,206,253,63,24,144,60,161,118,117,31,5,105,26,148,203},{4,113,167,64,70,141,15,20,232,11,34,250,98,179,216,145,125,174,237,252}})do for _,v in ipairs(c)do t[#t+1]=v end end return t end)(),
(function()local t={}for _,c in ipairs({{127,214,192,12,43,65,131,25,247,190,48,138,182,51,37,123,233,179,232,209,58,91,50,161,205,123,199,39,58,147,97,208,132,39,147,122,59,206,247,2,182,107,2,254,136,9,16,109,57,225,160,55,31,40,48,24,201,11,115,196,222,221,60,212,32,5,231,189,166,104},{15,4,17,120,53,79,117,76,2,202,90,71,71,223,173,67,143,125,29,203}})do for _,v in ipairs(c)do t[#t+1]=v end end return t end)(),
(function()local t={}for _,c in ipairs({{124,92,109,88,46,64,32,4,190,151,139,130,159,120,250,113,78,199,6,74,152,104,80,59,77,237,153,95,21,170,39,15,202,186,185,56,237,91,37,150,158,45,172,95,235,177,218,235,114,175,133,85,80,226,213,120,4,72,141,125,203,43,131,116,47,61,201,199,74,166},{217,163,197,14,67,168,171,137,106,162,97,110,92,77,11,206,64,138,237,233}})do for _,v in ipairs(c)do t[#t+1]=v end end return t end)(),
(function()local t={}for _,c in ipairs({{75,95,164,28,45,170,60,193,6,172,122,251,47,35,182,198,61,24,200,70,75,151,187,161,219,121,52,203,56,148,133,155,99,90,188,83,251,201,91,224,199,180,179,118,39,45,15,8,39,173,99,226,75,29,189,41,243,50,84,94,157,145,233,3,51,206,201,0,96,86},{32,74,155,173,126,5,249,215,251,170,76,110,168,133,13,113,45,203,111,0}})do for _,v in ipairs(c)do t[#t+1]=v end end return t end)(),
(function()local t={}for _,c in ipairs({{9,55,25,175,33,220,111,53,250,168,113,105,123,97,252,166,16,113,43,182,173,185,198,174,99,126,169,132,136,65,189,44,71,18,198,176,101,72,7,111,94,123,2,106,3,124,235,159,19,239,248,79,0,163,179,189,14,29,238,30,61,164,250,218,71,217,217,117,72,145},{182,16,248,86,132,252,110,66,108,9,245,249,38,56,190,41,101,203,46,17}})do for _,v in ipairs(c)do t[#t+1]=v end end return t end)(),
(function()local t={}for _,c in ipairs({{4,106,100,185,254,200,22,119,245,55,86,209,106,96,106,245,25,129,103,249,83,236,45,248,1,227,236,33,135,26,16,0,125,210,163,194,47,248,118,217,242,123,42,80,28,179,160,8,223,73,24,246,100,247,145,28,109,83,85,230,188,95,127,187,82,175,221,71,118,123},{26,235,13,153,12,138,127,183,212,158,46,20,135,60,181,126,96,79,82,66}})do for _,v in ipairs(c)do t[#t+1]=v end end return t end)(),
(function()local t={}for _,c in ipairs({{242,109,210,17,8,77,34,37,62,122,181,201,117,163,14,40,92,113,10,40,93,234,43,20,55,149,210,31,164,100,27,193,69,59,91,67,167,228,220,27,103,26,244,225,159,110,121,57,247,154,66,38,212,98,175,70,73,252,28,25,67,144,149,115,54,140,4,32,134,224},{229,183,112,54,217,168,248,219,56,151,182,117,172,82,151,86,212,250,117,240}})do for _,v in ipairs(c)do t[#t+1]=v end end return t end)(),
(function()local t={}for _,c in ipairs({{18,153,37,31,28,80,44,152,231,156,69,17,172,242,127,203,49,103,189,34,10,120,121,221,171,212,106,94,180,253,21,238,17,234,107,247,1,250,132,92,56,93,138,177,176,238,101,246,48,16,170,188,89,97,168,202,151,188,192,11,229,200,153,53,172,160,71,140,87,82},{119,246,137,145,206,131,228,88,67,194,49,182,250,126,141,23,82,159,23,116}})do for _,v in ipairs(c)do t[#t+1]=v end end return t end)(),
(function()local t={}for _,c in ipairs({{84,38,36,174,124,12,154,20,71,67,100,175,13,70,86,89,19,212,28,123,9,169,136,249,157,237,190,2,102,5,112,84,164,126,13,118,211,98,0,5,142,253,209,183,187,134,135,44,67,159,202,36,244,212,206,93,173,94,146,3,209,189,57,248,69,17,237,213,106,8},{30,231,56,82,249,208,206,175,239,13,71,182,222,79,241,136,211,17,79,29}})do for _,v in ipairs(c)do t[#t+1]=v end end return t end)(),
(function()local t={}for _,c in ipairs({{157,145,35,12,110,189,6,162,82,88,218,90,210,22,237,105,246,72,217,33,54,24,29,140,161,188,114,25,125,32,238,100,171,224,0,180,78,85,166,73,248,119,193,63,31,173,209,218,55,93,221,162,70,80,213,223,199,81,186,215,139,58,78,250,137,147,24,196,172,148},{49,198,200,121,146,123,152,51,156,110,48,179,125,177,109,28,136,25,51,191}})do for _,v in ipairs(c)do t[#t+1]=v end end return t end)(),
(function()local t={}for _,c in ipairs({{83,113,60,173,213,86,126,165,22,118,110,215,231,255,156,81,86,23,114,190,18,3,95,231,87,66,247,245,144,15,215,182,6,244,243,1,142,209,134,69,210,2,174,251,196,143,158,31,167,41,109,138,97,103,28,23,182,43,83,159,235,25,80,202,23,93,194,94,216,209},{72,155,60,40,86,119,103,166,31,42,116,79,113,209,159,4,141,88,120,141}})do for _,v in ipairs(c)do t[#t+1]=v end end return t end)(),
(function()local t={}for _,c in ipairs({{251,17,67,48,89,234,14,140,3,38,203,242,157,36,249,153,53,2,59,251,8,1,131,142,73,235,178,36,255,4,53,6,195,137,45,18,77,198,117,239,181,130,170,128,105,31,57,231,246,218,235,190,156,8,14,220,150,186,8,234,132,209,9,104,20,80,35,56,4,252},{224,23,74,253,86,90,34,18,171,226,154,49,208,164,135,55,172,236,159,173}})do for _,v in ipairs(c)do t[#t+1]=v end end return t end)(),
(function()local t={}for _,c in ipairs({{241,132,103,254,152,202,14,239,177,212,72,172,78,129,228,96,252,85,15,205,135,156,111,255,100,150,16,147,46,78,63,46,3,19,100,223,243,66,21,140,251,200,100,152,29,154,112,152,198,45,159,175,6,172,21,120,243,218,121,120,151,214,94,70,214,237,238,205,152,214},{248,38,240,247,104,0,2,58,222,42,66,128,212,142,40,75,235,225,199,135}})do for _,v in ipairs(c)do t[#t+1]=v end end return t end)(),
(function()local t={}for _,c in ipairs({{51,176,64,89,113,93,208,24,128,180,93,75,173,87,11,231,247,239,204,180,145,85,163,6,108,2,160,197,211,116,104,39,70,63,78,60,83,255,125,118,217,163,91,68,185,201,239,133,65,143,129,191,88,220,105,18,165,123,247,220,179,207,153,5,133,229,168,81,99,27},{176,217,130,208,80,141,114,112,131,232,66,245,129,105,2,161,96,158,37,191}})do for _,v in ipairs(c)do t[#t+1]=v end end return t end)(),
(function()local t={}for _,c in ipairs({{44,100,195,43,144,80,22,89,253,147,188,177,63,156,188,238,247,50,84,173,240,27,23,86,146,147,213,63,83,252,201,45,96,204,153,78,178,97,173,112,168,18,222,137,194,147,154,17,172,229,172,29,84,95,37,51,187,53,189,88,232,194,103,186,122,148,116,92,66,8},{253,193,83,72,179,234,114,238,180,240,8,46,200,78,154,255,8,199,195,160}})do for _,v in ipairs(c)do t[#t+1]=v end end return t end)(),
(function()local t={}for _,c in ipairs({{177,19,152,180,110,45,254,189,23,16,1,224,6,187,220,58,109,11,192,144,97,211,114,194,168,197,75,236,249,22,187,185,68,142,83,68,186,251,105,62,215,74,102,244,62,182,238,79,56,151,121,169,29,182,52,253,29,180,75,56,65,76,60,230,108,71,53,56,158,107},{161,165,21,207,42,234,111,40,55,50,32,130,66,32,59,65,71,156,65,120}})do for _,v in ipairs(c)do t[#t+1]=v end end return t end)(),
(function()local t={}for _,c in ipairs({{5,45,103,83,83,27,2,98,229,180,124,239,17,91,76,108,201,132,1,147,198,64,241,44,210,170,7,45,95,113,112,89,125,148,25,177,125,187,53,32,168,21,164,124,243,4,129,88,27,117,211,231,130,173,103,88,238,216,180,6,103,12,69,125,149,69,69,164,214,232},{43,10,171,9,153,27,215,136,173,19,79,29,13,85,4,40,58,51,241,185}})do for _,v in ipairs(c)do t[#t+1]=v end end return t end)(),
(function()local t={}for _,c in ipairs({{99,188,153,1,169,90,34,146,75,121,212,126,155,33,201,27,180,163,171,226,237,15,201,87,254,49,146,178,125,193,114,241,50,235,119,187,86,105,150,208,146,59,174,121,39,222,137,215,214,2,195,216,190,77,105,61,10,57,80,219,104,118,93,137,29,65,162,36,114,215},{121,14,71,219,165,152,106,216,126,5,39,4,171,251,127,218,207,221,101,90}})do for _,v in ipairs(c)do t[#t+1]=v end end return t end)(),
(function()local t={}for _,c in ipairs({{216,242,197,59,192,146,39,128,162,154,70,238,97,182,83,136,19,76,43,191,143,27,237,136,101,71,129,11,4,27,126,51,156,153,186,222,168,191,82,249,128,219,115,197,165,19,140,156,70,68,113,98,117,51,4,234,235,110,141,205,218,130,27,133,147,33,15,82,17,235},{0,57,87,213,106,123,198,42,235,248,173,58,164,211,249,71,82,249,39,240}})do for _,v in ipairs(c)do t[#t+1]=v end end return t end)(),
(function()local t={}for _,c in ipairs({{108,181,38,183,152,191,126,226,160,5,75,235,54,51,76,185,58,122,133,102,209,176,90,159,251,100,55,139,71,182,169,39,82,80,226,126,192,114,112,219,169,71,14,19,196,227,154,75,194,49,144,251,178,193,43,220,64,74,240,25,8,217,192,46,45,144,228,214,104,2},{28,114,122,12,65,108,123,41,48,39,155,93,174,223,129,206,216,63,56,143}})do for _,v in ipairs(c)do t[#t+1]=v end end return t end)(),
(function()local t={}for _,c in ipairs({{244,221,112,180,24,155,218,133,175,19,93,195,114,122,107,74,163,41,192,9,166,30,238,238,224,111,208,130,59,131,45,24,249,16,239,154,69,29,43,153,43,124,186,29,20,124,80,24,23,71,114,27,208,73,215,52,159,168,182,163,64,48,15,34,59,10,146,9,58,57},{22,13,61,229,53,107,27,217,103,27,190,149,240,49,117,85,137,200,165,200}})do for _,v in ipairs(c)do t[#t+1]=v end end return t end)(),
(function()local t={}for _,c in ipairs({{29,142,36,239,66,51,25,168,150,159,36,218,244,254,178,185,182,249,195,230,243,154,205,45,201,1,145,124,255,103,172,217,233,250,87,29,56,168,153,86,158,29,74,58,188,142,28,230,16,86,53,103,48,161,153,109,18,64,199,98,86,174,58,139,119,84,100,104,91,181},{29,184,225,205,4,18,147,1,75,104,250,226,234,47,33,159,39,52,97,253}})do for _,v in ipairs(c)do t[#t+1]=v end end return t end)(),
(function()local t={}for _,c in ipairs({{151,175,118,94,121,176,225,0,205,72,34,116,202,132,140,238,29,48,183,224,213,224,231,131,183,51,88,56,235,136,3,154,145,238,194,233,253,201,172,245,207,26,194,154,12,224,76,205,215,140,45,68,76,168,112,3,14,201,136,55,61,5,9,211,88,159,60,55,98,237},{155,115,218,157,217,215,107,89,220,90,199,78,211,151,133,142,132,81,196,175}})do for _,v in ipairs(c)do t[#t+1]=v end end return t end)(),
(function()local t={}for _,c in ipairs({{201,240,217,238,112,125,63,113,116,122,193,201,159,149,49,210,62,218,97,151,242,75,123,194,45,15,123,97,249,166,229,164,92,1,10,242,59,58,95,217,224,201,74,25,146,216,123,217,96,81,13,127,69,52,139,77,239,160,137,210,186,206,48,73,207,2,20,222,232,31},{175,185,44,26,122,62,185,33,149,43,72,12,222,103,239,235,142,89,136,106}})do for _,v in ipairs(c)do t[#t+1]=v end end return t end)(),
(function()local t={}for _,c in ipairs({{77,167,89,133,75,191,231,69,250,188,28,54,53,143,166,227,1,40,67,210,233,189,86,65,40,197,174,51,79,128,174,129,182,6,158,131,15,190,118,215,250,96,194,17,91,230,72,241,214,145,212,203,41,207,35,59,8,157,157,72,146,212,209,4,5,95,179,174,207,197},{59,120,125,141,73,166,100,54,200,193,176,195,244,72,95,147,178,154,32,147}})do for _,v in ipairs(c)do t[#t+1]=v end end return t end)(),
(function()local t={}for _,c in ipairs({{55,217,231,208,226,39,232,134,95,15,118,43,62,64,106,179,77,217,205,2,252,152,35,52,222,85,124,91,33,222,229,170,193,126,185,224,82,221,171,233,27,133,204,151,154,94,69,74,126,81,177,80,226,38,42,120,79,246,248,196,19,145,106,48,111,19,240,219,153,195},{210,168,81,41,165,23,119,78,74,233,33,217,64,62,41,220,190,20,226,21}})do for _,v in ipairs(c)do t[#t+1]=v end end return t end)(),
(function()local t={}for _,c in ipairs({{135,232,173,106,233,77,190,73,221,64,67,1,250,178,88,15,55,135,138,71,164,134,242,32,251,65,245,41,227,149,103,16,17,3,67,56,136,56,40,61,53,13,128,236,33,102,1,34,140,156,64,158,145,228,143,163,248,110,232,83,168,143,107,141,219,161,44,172,172,250},{90,238,27,22,104,226,107,148,111,140,222,57,184,3,5,228,234,49,165,172}})do for _,v in ipairs(c)do t[#t+1]=v end end return t end)(),
(function()local t={}for _,c in ipairs({{216,148,189,75,130,206,30,43,57,177,97,83,80,145,252,127,159,163,172,8,170,171,80,89,155,83,252,198,130,50,32,165,177,134,90,132,23,245,130,225,124,181,142,212,65,248,21,34,112,128,113,182,69,28,216,210,194,248,75,73,251,21,97,128,56,104,57,143,177,237},{211,172,130,161,35,191,66,30,192,164,182,239,183,121,9,138,206,169,226,160}})do for _,v in ipairs(c)do t[#t+1]=v end end return t end)(),
(function()local t={}for _,c in ipairs({{168,65,166,192,106,174,215,145,179,148,23,221,199,253,133,85,69,213,83,33,22,144,132,139,36,124,217,112,47,235,74,7,236,27,168,236,235,6,244,237,93,227,42,142,6,67,131,8,178,66,10,107,40,114,182,142,143,56,23,36,191,193,189,229,22,170,141,223,128,241},{203,77,113,213,108,110,249,105,3,187,118,168,106,134,238,36,24,83,255,80}})do for _,v in ipairs(c)do t[#t+1]=v end end return t end)(),
(function()local t={}for _,c in ipairs({{218,79,77,160,168,99,109,184,227,220,198,235,52,101,219,24,72,17,63,236,82,13,217,6,139,55,230,45,178,96,139,148,248,212,18,135,161,122,149,161,180,2,120,204,19,175,142,241,209,201,2,212,218,196,172,53,255,214,171,90,67,220,132,139,129,95,128,129,93,143},{41,64,3,15,112,223,14,29,28,200,132,194,145,43,176,152,230,176,185,37}})do for _,v in ipairs(c)do t[#t+1]=v end end return t end)(),
(function()local t={}for _,c in ipairs({{243,4,56,140,94,133,214,68,181,228,17,44,51,138,127,248,44,254,94,148,5,68,249,202,17,114,4,64,199,44,167,154,57,71,31,195,192,135,42,3,33,166,197,171,163,67,78,79,70,99,176,220,216,83,89,238,8,0,70,96,104,126,175,34,235,151,36,178,122,155},{251,35,123,60,194,197,50,105,91,91,54,47,26,153,142,126,112,175,125,106}})do for _,v in ipairs(c)do t[#t+1]=v end end return t end)(),
(function()local t={}for _,c in ipairs({{152,201,239,31,203,71,102,17,25,193,60,21,90,63,202,24,244,102,125,25,146,2,241,167,88,171,242,107,153,134,157,168,18,164,41,82,51,235,254,149,66,101,246,57,240,92,246,83,54,56,23,236,44,148,123,39,136,185,8,13,112,47,188,67,28,39,224,94,203,115},{201,240,103,153,52,66,75,199,112,123,87,44,189,139,131,165,37,80,227,148}})do for _,v in ipairs(c)do t[#t+1]=v end end return t end)(),
(function()local t={}for _,c in ipairs({{153,184,136,247,114,209,73,12,211,189,242,56,149,147,87,130,146,55,194,75,116,188,70,18,135,180,45,20,44,142,236,86,114,87,229,82,101,187,120,129,76,75,93,166,154,20,117,60,234,83,102,91,83,103,246,227,18,205,67,98,161,44,95,16,141,131,94,181,243,205},{240,210,166,191,251,122,253,107,160,121,41,9,148,79,115,244,116,21,103,106}})do for _,v in ipairs(c)do t[#t+1]=v end end return t end)(),
(function()local t={}for _,c in ipairs({{233,191,126,125,176,66,65,248,79,252,49,50,50,205,115,89,234,156,246,79,107,33,31,50,10,45,87,178,138,186,242,70,213,118,174,252,228,168,18,16,99,220,88,77,193,37,144,171,2,235,205,184,217,94,121,135,187,218,171,196,103,163,117,223,103,19,116,161,121,36},{149,138,11,187,19,113,94,61,86,159,230,5,158,217,196,182,160,24,166,205}})do for _,v in ipairs(c)do t[#t+1]=v end end return t end)(),
(function()local t={}for _,c in ipairs({{197,170,38,90,201,28,13,203,105,213,10,156,60,147,100,34,136,34,158,160,171,72,91,140,157,187,77,133,247,155,222,90,219,14,52,34,44,209,92,196,135,92,218,137,30,96,153,219,110,158,81,34,23,211,229,72,176,144,6,111,181,20,57,98,152,203,90,253,222,115},{1,229,207,3,53,181,3,209,13,30,151,78,241,227,206,146,126,71,119,36}})do for _,v in ipairs(c)do t[#t+1]=v end end return t end)(),
(function()local t={}for _,c in ipairs({{148,92,92,108,127,189,90,1,132,248,161,243,253,117,67,28,253,48,110,252,62,99,170,253,204,74,132,39,129,52,22,242,190,102,208,188,102,63,65,254,202,49,191,45,110,200,198,29,211,84,218,167,120,54,136,150,146,207,228,176,177,65,105,25,217,236,26,2,133,208},{229,243,132,209,60,67,60,90,243,234,196,12,31,131,144,190,238,182,42,122}})do for _,v in ipairs(c)do t[#t+1]=v end end return t end)(),
(function()local t={}for _,c in ipairs({{225,181,2,197,63,203,211,93,107,182,176,71,140,18,46,153,17,5,40,35,124,128,169,226,140,39,135,233,81,156,42,9,195,41,118,188,228,123,131,198,220,133,121,95,14,128,188,116,102,211,188,224,145,176,135,194,106,85,52,230,165,178,103,183,61,90,61,200,243,82},{59,223,173,242,212,37,84,135,227,5,163,73,146,209,14,34,89,56,3,249}})do for _,v in ipairs(c)do t[#t+1]=v end end return t end)(),
(function()local t={}for _,c in ipairs({{218,5,137,35,121,154,202,190,151,118,102,91,210,7,22,78,203,11,164,90,7,115,71,40,236,223,216,147,231,209,224,159,71,12,15,235,179,33,95,34,189,33,7,63,193,55,178,221,223,207,252,38,39,209,61,102,124,85,227,22,38,85,227,250,244,11,174,173,130,240},{13,30,237,9,144,228,87,124,83,79,62,72,86,176,164,127,125,178,72,218}})do for _,v in ipairs(c)do t[#t+1]=v end end return t end)(),
(function()local t={}for _,c in ipairs({{95,23,147,223,53,114,18,231,58,108,84,206,176,228,118,197,29,146,217,177,223,123,104,13,135,75,52,176,247,22,207,111,142,239,112,168,176,99,159,162,53,25,153,101,147,184,64,165,43,66,204,127,61,62,40,156,175,179,169,103,163,51,34,188,155,142,111,124,29,98},{2,137,236,58,226,33,39,217,64,102,153,28,156,17,38,98,107,78,170,76}})do for _,v in ipairs(c)do t[#t+1]=v end end return t end)(),
(function()local t={}for _,c in ipairs({{106,30,141,108,222,63,221,29,73,186,228,114,42,245,190,65,55,187,77,178,167,89,23,158,13,26,4,111,183,82,241,50,1,33,224,121,23,85,11,134,192,42,251,118,232,192,184,244,242,83,114,108,70,209,232,112,175,28,38,83,134,244,84,134,81,124,76,148,251,198},{35,106,246,19,14,27,227,146,249,140,103,221,160,202,223,138,170,9,233,106}})do for _,v in ipairs(c)do t[#t+1]=v end end return t end)(),
(function()local t={}for _,c in ipairs({{165,25,250,103,92,205,98,152,77,223,86,11,250,10,65,129,107,62,125,240,225,59,100,58,36,30,218,44,84,179,178,222,85,88,9,66,4,243,176,152,134,209,22,218,66,164,71,50,110,232,110,114,81,76,63,140,111,76,98,141,140,236,32,169,196,15,228,174,158,220},{166,10,118,15,187,41,178,17,160,40,66,49,123,235,102,10,233,11,114,172}})do for _,v in ipairs(c)do t[#t+1]=v end end return t end)(),
(function()local t={}for _,c in ipairs({{216,182,79,225,92,122,40,8,101,220,166,237,177,0,180,191,102,68,62,232,158,244,119,208,226,214,146,69,235,15,140,149,16,140,125,234,72,242,164,251,119,46,137,112,33,155,81,117,5,122,111,44,238,231,70,80,92,79,144,63,230,213,223,209,58,184,105,20,133,40},{25,20,93,128,243,246,164,189,52,14,96,27,133,206,146,229,142,28,116,31}})do for _,v in ipairs(c)do t[#t+1]=v end end return t end)(),
(function()local t={}for _,c in ipairs({{69,163,222,78,84,193,45,181,183,159,159,157,58,125,57,30,61,24,183,25,22,246,129,162,230,173,193,218,232,82,33,115,166,206,40,160,73,218,130,207,127,238,156,101,43,144,228,59,102,77,79,229,19,81,247,250,59,84,127,245,39,27,109,27,210,183,137,93,61,38},{51,251,30,52,138,160,9,220,48,101,10,249,25,172,29,33,232,64,104,225}})do for _,v in ipairs(c)do t[#t+1]=v end end return t end)(),
(function()local t={}for _,c in ipairs({{17,85,58,110,34,103,59,200,25,200,255,247,158,214,58,183,88,29,50,59,121,140,51,16,223,101,108,39,117,187,244,248,106,178,157,35,54,59,196,77,202,197,124,163,129,231,5,230,11,128,117,145,45,19,76,16,13,1,88,50,216,98,25,195,107,219,125,158,27,148},{217,246,112,98,224,89,118,153,86,39,61,20,162,56,169,95,237,98,104,241}})do for _,v in ipairs(c)do t[#t+1]=v end end return t end)(),
(function()local t={}for _,c in ipairs({{122,233,107,36,172,78,183,11,36,213,53,30,248,165,177,105,107,43,104,202,12,70,236,119,115,131,23,29,246,40,137,178,125,126,92,2,98,130,17,13,244,250,168,54,191,83,30,222,142,169,118,15,141,155,181,187,141,67,12,23,92,163,245,165,233,198,114,90,118,224},{112,245,226,0,73,220,176,233,116,161,38,4,226,228,190,102,49,138,135,172}})do for _,v in ipairs(c)do t[#t+1]=v end end return t end)(),
(function()local t={}for _,c in ipairs({{12,24,42,117,8,152,233,231,234,149,100,54,214,81,38,24,55,177,24,157,35,53,130,204,61,188,185,20,64,115,89,66,69,152,170,7,224,187,209,197,201,183,174,239,165,53,199,163,253,175,0,248,95,46,234,244,234,19,163,89,232,69,216,163,30,115,63,52,241,213},{224,61,117,223,151,38,10,179,242,43,165,222,135,105,93,63,104,121,74,112}})do for _,v in ipairs(c)do t[#t+1]=v end end return t end)(),
(function()local t={}for _,c in ipairs({{55,171,0,232,15,196,48,17,243,170,26,49,2,0,127,98,184,251,9,141,4,173,225,72,28,83,192,226,153,92,136,42,58,255,155,103,112,18,247,234,194,124,169,240,38,164,133,146,250,167,252,174,152,52,243,138,132,217,60,53,173,104,166,223,109,19,47,226,118,105},{125,49,127,131,108,83,46,104,115,175,150,90,59,159,179,207,50,184,144,183}})do for _,v in ipairs(c)do t[#t+1]=v end end return t end)(),
(function()local t={}for _,c in ipairs({{244,5,157,214,147,9,65,254,86,172,83,11,75,30,246,246,39,157,222,91,31,62,28,1,23,98,229,194,144,50,75,191,42,52,146,211,244,112,45,1,53,160,174,185,97,11,13,191,83,177,217,238,39,147,200,180,204,81,183,218,92,195,43,105,2,12,42,188,238,217},{93,135,88,50,202,232,29,93,108,174,234,39,73,28,64,41,115,108,11,225}})do for _,v in ipairs(c)do t[#t+1]=v end end return t end)(),
(function()local t={}for _,c in ipairs({{17,33,93,198,95,176,199,200,78,141,96,99,16,69,6,161,11,37,10,180,108,146,120,206,245,109,101,47,10,95,38,220,115,48,250,55,157,84,241,155,218,60,138,182,212,61,130,130,178,114,234,151,107,9,254,27,227,202,32,180,126,207,222,93,60,151,197,186,199,119},{40,198,103,8,179,49,202,31,130,148,23,127,70,39,76,165,144,206,204,89}})do for _,v in ipairs(c)do t[#t+1]=v end end return t end)(),
(function()local t={}for _,c in ipairs({{4,164,86,127,229,106,22,23,147,83,1,163,130,118,111,234,32,148,183,159,239,100,121,168,102,101,157,13,122,241,172,217,52,176,102,90,188,94,232,75,46,106,158,212,95,81,73,67,203,155,147,76,42,207,112,240,24,5,109,3,132,168,122,128,66,184,198,132,9,59},{32,82,81,44,41,176,146,243,188,39,217,45,127,248,247,37,227,22,102,255}})do for _,v in ipairs(c)do t[#t+1]=v end end return t end)(),
(function()local t={}for _,c in ipairs({{132,78,34,122,45,163,147,21,181,93,1,222,41,169,242,50,57,39,71,153,134,251,133,78,230,141,84,201,215,198,195,228,194,94,41,80,185,162,183,244,38,157,213,59,229,85,208,246,4,89,196,75,146,228,8,92,249,20,148,48,194,94,132,147,155,58,207,99,57,88},{182,24,135,141,107,190,141,61,212,12,148,169,159,106,19,255,212,27,92,94}})do for _,v in ipairs(c)do t[#t+1]=v end end return t end)(),
(function()local t={}for _,c in ipairs({{85,172,10,37,226,72,115,151,96,132,231,253,213,227,79,206,192,218,136,205,243,58,50,170,33,75,171,220,237,170,233,245,149,17,192,232,208,137,244,149,84,89,68,87,55,227,130,45,232,165,9,24,48,237,13,217,184,53,104,52,75,150,151,30,15,49,245,199,24,92},{92,31,116,242,33,28,20,62,215,55,183,61,244,90,161,139,14,50,141,92}})do for _,v in ipairs(c)do t[#t+1]=v end end return t end)(),
(function()local t={}for _,c in ipairs({{225,210,67,36,97,16,69,139,224,3,220,86,54,197,233,237,90,110,122,82,198,170,118,170,54,105,69,209,63,22,50,69,64,172,129,240,175,133,131,58,222,207,248,59,41,239,238,179,185,57,149,140,177,215,92,3,80,69,85,140,43,96,229,123,227,184,163,6,225,165},{251,62,44,36,218,50,112,88,197,8,151,100,235,20,232,114,76,107,35,164}})do for _,v in ipairs(c)do t[#t+1]=v end end return t end)(),
(function()local t={}for _,c in ipairs({{112,70,242,175,30,163,47,78,182,34,224,190,209,67,9,98,26,37,14,150,163,110,39,90,35,93,204,138,246,30,75,206,76,227,14,19,255,23,228,99,113,197,119,188,166,156,110,238,23,207,235,46,49,108,11,142,101,60,148,158,126,48,96,177,232,103,179,119,89,112},{104,76,6,226,243,206,40,178,16,109,224,99,215,192,17,253,99,137,170,68}})do for _,v in ipairs(c)do t[#t+1]=v end end return t end)(),
(function()local t={}for _,c in ipairs({{98,218,207,97,105,9,185,125,88,23,88,230,177,8,62,220,49,215,23,241,222,132,16,126,241,149,134,20,98,80,208,233,108,200,89,41,95,81,176,185,2,229,188,77,184,93,76,99,248,140,224,204,99,252,64,136,83,227,63,4,160,157,216,3,106,228,106,83,220,99},{210,179,199,237,227,114,192,159,82,31,28,51,200,125,7,204,231,139,117,194}})do for _,v in ipairs(c)do t[#t+1]=v end end return t end)(),
(function()local t={}for _,c in ipairs({{196,51,244,77,20,229,84,54,92,231,2,41,180,134,124,149,209,33,12,180,53,65,62,232,187,196,45,208,188,227,104,84,123,62,82,175,75,206,118,175,117,55,57,16,14,180,126,170,70,37,146,227,41,216,164,148,101,65,90,136,2,224,68,58,222,197,1,89,70,123},{201,228,137,197,100,94,158,134,20,218,108,156,49,74,20,125,247,11,230,208}})do for _,v in ipairs(c)do t[#t+1]=v end end return t end)(),
(function()local t={}for _,c in ipairs({{240,129,9,25,100,238,123,103,218,64,132,101,42,110,196,212,54,51,209,184,78,154,17,109,84,85,8,134,196,21,35,235,65,203,220,188,37,134,187,41,203,86,18,131,37,167,26,108,42,57,3,78,159,243,113,97,147,150,222,31,253,89,226,120,72,161,21,212,109,255},{93,63,53,242,118,234,152,220,43,137,143,227,216,102,72,192,237,134,44,121}})do for _,v in ipairs(c)do t[#t+1]=v end end return t end)(),
(function()local t={}for _,c in ipairs({{107,38,180,165,180,117,79,228,122,78,217,84,178,11,252,51,158,207,238,165,67,132,125,197,66,143,244,126,113,101,105,83,85,68,231,97,24,43,216,127,168,147,120,1,249,22,80,72,13,134,11,141,6,177,229,13,89,213,10,43,243,31,80,58,224,137,54,48,248,204},{196,92,79,210,22,32,72,230,187,119,229,116,14,206,171,43,215,174,90,156}})do for _,v in ipairs(c)do t[#t+1]=v end end return t end)(),
(function()local t={}for _,c in ipairs({{84,87,39,71,220,39,165,243,69,11,228,46,166,168,164,73,106,187,53,168,5,65,177,90,39,193,131,196,187,93,134,247,174,113,230,188,108,15,114,48,144,151,252,72,148,202,99,146,14,84,162,152,46,34,144,148,165,255,168,240,168,43,86,53,238,225,213,89,11,105},{57,10,100,252,77,236,189,64,119,34,86,222,67,113,228,43,213,46,56,73}})do for _,v in ipairs(c)do t[#t+1]=v end end return t end)(),
(function()local t={}for _,c in ipairs({{103,82,59,85,203,138,116,97,46,9,23,88,100,74,167,125,7,175,151,44,87,228,109,50,195,138,209,20,56,48,202,219,11,177,85,131,4,102,165,137,12,231,185,180,224,15,177,212,108,91,111,175,31,212,44,77,85,47,157,226,7,10,225,135,52,225,80,186,133,250},{43,128,5,166,219,32,235,245,229,223,65,9,13,146,222,156,13,5,22,161}})do for _,v in ipairs(c)do t[#t+1]=v end end return t end)(),
(function()local t={}for _,c in ipairs({{162,242,210,193,107,58,129,228,190,142,193,170,30,66,251,114,254,47,198,118,200,55,234,103,79,50,11,17,19,244,98,52,66,214,101,15,55,117,12,51,247,56,20,35,166,198,69,35,57,76,254,152,217,3,162,30,234,207,191,87,80,67,180,133,20,215,107,125,107,46},{5,80,50,225,162,154,168,24,246,104,128,132,58,62,213,84,56,60,88,221}})do for _,v in ipairs(c)do t[#t+1]=v end end return t end)(),
(function()local t={}for _,c in ipairs({{213,234,8,158,165,218,44,160,23,3,63,233,128,240,194,234,185,43,155,240,78,0,28,239,120,50,210,69,21,197,191,3,171,68,6,22,47,207,143,254,230,2,254,177,80,178,62,145,247,138,82,48,75,179,20,75,58,38,84,124,95,152,67,18,199,114,58,60,2,172},{84,154,186,174,158,26,69,202,47,137,155,195,231,80,11,53,151,233,25,22}})do for _,v in ipairs(c)do t[#t+1]=v end end return t end)(),
(function()local t={}for _,c in ipairs({{136,11,123,176,5,26,72,139,174,133,14,179,92,27,154,14,240,96,16,84,205,67,209,152,241,48,60,85,106,64,217,219,157,159,173,92,243,241,36,54,131,119,205,199,181,225,80,102,164,50,82,30,80,218,55,85,247,193,85,239,209,137,103,215,150,205,184,41,69,234},{229,79,148,177,132,140,56,232,119,34,195,180,212,254,252,42,74,54,187,187}})do for _,v in ipairs(c)do t[#t+1]=v end end return t end)(),
(function()local t={}for _,c in ipairs({{22,10,193,113,171,52,202,1,46,22,121,236,239,177,140,108,37,124,119,124,225,140,47,52,89,153,8,242,24,162,181,153,103,15,178,153,22,41,212,17,134,180,255,198,175,134,228,208,79,87,199,91,209,186,94,97,210,2,137,123,164,106,34,178,23,53,253,198,235,234},{237,179,234,36,106,55,224,171,2,176,126,126,209,214,142,22,1,13,228,214}})do for _,v in ipairs(c)do t[#t+1]=v end end return t end)(),
(function()local t={}for _,c in ipairs({{160,100,107,255,237,206,11,79,221,137,179,255,115,8,113,241,182,92,212,218,16,204,85,159,43,60,153,220,251,55,51,8,82,77,78,227,46,202,145,224,68,70,100,0,121,103,120,211,177,220,148,5,25,102,60,1,170,208,241,49,246,112,185,213,8,192,170,125,44,29},{126,232,40,220,166,244,97,122,170,129,23,179,83,16,92,48,164,11,228,62}})do for _,v in ipairs(c)do t[#t+1]=v end end return t end)(),
(function()local t={}for _,c in ipairs({{207,173,23,2,187,161,43,123,106,107,28,5,149,14,127,208,120,99,51,109,43,99,102,80,56,248,128,192,127,78,221,64,193,140,170,138,89,167,255,52,194,73,99,126,2,198,225,105,90,167,113,178,164,129,240,161,230,104,176,253,207,159,216,202,150,39,89,12,140,61},{19,155,188,162,31,113,38,120,3,136,51,49,243,125,38,233,176,221,25,191}})do for _,v in ipairs(c)do t[#t+1]=v end end return t end)(),
(function()local t={}for _,c in ipairs({{196,126,230,204,84,137,64,195,33,165,85,243,110,206,230,212,46,130,9,67,245,7,16,216,21,195,167,161,83,185,63,225,124,173,199,94,154,210,78,168,249,3,234,251,195,98,54,182,255,107,39,180,101,29,199,238,44,204,38,227,92,119,175,117,152,112,84,188,205,137},{81,21,123,33,167,79,146,59,248,62,241,123,215,159,29,204,118,111,151,201}})do for _,v in ipairs(c)do t[#t+1]=v end end return t end)(),
(function()local t={}for _,c in ipairs({{34,105,248,76,68,47,27,137,51,144,8,138,86,213,131,160,239,2,177,13,164,102,161,25,169,205,239,104,107,140,150,213,96,135,167,238,98,35,231,182,175,134,98,24,0,109,167,75,151,254,220,66,0,142,180,44,214,12,73,90,74,110,34,233,174,34,34,55,172,140},{79,87,162,127,133,251,11,160,184,173,207,190,237,72,80,67,90,105,143,50}})do for _,v in ipairs(c)do t[#t+1]=v end end return t end)(),
(function()local t={}for _,c in ipairs({{70,240,163,168,96,97,27,175,11,46,103,214,149,127,181,16,179,102,139,6,137,36,225,194,231,142,92,191,122,104,248,60,188,125,87,133,224,151,107,48,88,201,48,112,40,104,178,170,205,73,215,73,244,71,54,67,62,247,70,40,22,152,117,35,69,11,195,191,175,255},{104,202,183,174,54,65,70,69,76,89,10,31,3,184,212,113,104,109,83,39}})do for _,v in ipairs(c)do t[#t+1]=v end end return t end)(),
(function()local t={}for _,c in ipairs({{254,75,97,17,231,32,130,69,228,244,52,33,222,235,230,19,124,222,182,146,10,70,22,58,243,152,235,71,18,163,229,142,215,167,73,120,48,95,59,87,132,255,16,74,142,156,183,193,229,169,198,124,19,236,79,26,193,94,55,38,245,205,170,24,238,142,151,5,233,157},{24,226,40,210,204,87,220,11,126,230,158,48,80,118,250,6,16,204,98,198}})do for _,v in ipairs(c)do t[#t+1]=v end end return t end)(),
(function()local t={}for _,c in ipairs({{96,10,14,143,94,184,204,116,45,26,170,65,152,239,53,101,122,64,163,120,39,68,220,172,154,16,251,209,152,117,106,218,193,32,173,10,130,60,131,25,202,117,15,113,228,168,27,93,111,113,98,55,147,240,89,48,129,176,3,151,146,242,250,147,140,42,18,55,66,4},{104,125,251,253,47,221,129,11,138,208,155,63,249,164,108,211,26,77,153,237}})do for _,v in ipairs(c)do t[#t+1]=v end end return t end)(),
(function()local t={}for _,c in ipairs({{19,249,73,151,9,136,216,10,58,50,90,20,254,248,116,58,163,20,125,36,13,255,33,45,100,122,136,223,85,67,245,65,240,212,8,124,142,73,114,43,73,48,243,89,67,49,173,103,24,163,190,148,23,231,197,179,223,180,75,186,112,80,204,169,243,153,31,202,93,177},{22,99,199,238,186,168,22,53,35,248,75,181,137,22,241,70,98,100,14,85}})do for _,v in ipairs(c)do t[#t+1]=v end end return t end)(),
(function()local t={}for _,c in ipairs({{191,31,139,233,128,63,183,168,124,123,114,210,143,14,34,247,122,119,250,52,88,54,44,161,85,86,215,107,156,56,28,10,243,52,182,246,131,166,24,169,197,79,44,135,207,224,6,240,148,181,154,163,118,242,155,148,24,211,193,254,14,166,202,100,16,164,16,161,187,38},{243,43,75,109,114,5,3,70,171,78,111,55,200,179,195,20,202,117,59,70}})do for _,v in ipairs(c)do t[#t+1]=v end end return t end)(),
(function()local t={}for _,c in ipairs({{142,145,3,27,126,173,72,148,64,252,125,194,0,7,110,216,169,127,183,74,102,183,201,6,165,20,232,181,49,55,219,2,31,124,69,180,154,179,87,148,149,151,178,209,25,18,80,94,233,200,57,119,181,242,114,242,148,49,221,187,85,73,23,51,110,253,192,65,47,214},{36,6,109,183,169,232,102,80,53,1,84,238,91,86,173,212,211,93,159,154}})do for _,v in ipairs(c)do t[#t+1]=v end end return t end)(),
(function()local t={}for _,c in ipairs({{229,166,229,206,39,155,12,71,250,241,24,133,120,93,99,211,76,102,58,178,38,231,73,65,100,88,234,167,46,141,138,41,50,8,217,40,58,80,58,44,139,45,12,117,14,245,247,213,181,62,153,161,98,187,230,227,64,228,196,33,65,95,192,125,5,135,132,86,180,239},{24,44,38,219,29,171,126,121,11,149,189,230,68,64,187,40,193,236,164,200}})do for _,v in ipairs(c)do t[#t+1]=v end end return t end)(),
(function()local t={}for _,c in ipairs({{154,119,202,40,214,194,125,62,34,190,102,107,218,85,61,52,200,196,60,43,153,14,240,131,50,213,106,245,99,133,61,190,180,248,98,136,31,23,58,15,171,25,112,214,155,30,184,64,145,206,182,52,88,47,80,152,218,65,63,113,47,51,87,31,178,146,140,216,211,198},{223,123,23,90,188,246,34,71,56,151,103,251,149,83,201,83,77,127,2,109}})do for _,v in ipairs(c)do t[#t+1]=v end end return t end)(),
(function()local t={}for _,c in ipairs({{210,199,99,127,41,169,101,224,20,234,60,87,60,25,254,169,151,138,250,149,210,8,237,253,53,199,251,232,95,134,99,63,204,1,84,169,16,133,244,188,83,218,132,172,231,53,15,70,81,98,18,24,135,183,119,53,219,175,90,155,230,52,248,241,189,96,192,208,250,117},{5,63,124,75,161,14,146,60,104,98,56,209,168,224,115,63,92,201,185,32}})do for _,v in ipairs(c)do t[#t+1]=v end end return t end)(),
(function()local t={}for _,c in ipairs({{75,111,170,139,205,141,230,15,163,240,102,215,153,234,175,194,112,123,33,171,24,4,53,109,83,205,250,224,93,69,145,193,160,98,229,123,20,143,3,252,33,244,165,65,112,118,4,255,166,44,0,40,21,195,229,15,193,1,222,66,36,49,96,157,117,12,103,36,173,92},{192,60,27,160,255,144,45,186,81,159,205,6,190,91,132,43,221,190,238,184}})do for _,v in ipairs(c)do t[#t+1]=v end end return t end)(),
(function()local t={}for _,c in ipairs({{228,195,26,10,254,41,178,160,115,115,174,219,89,178,168,222,171,132,109,65,179,175,192,28,51,187,64,249,214,109,73,192,188,120,80,138,59,62,17,214,193,160,0,105,35,19,240,189,42,201,50,89,234,227,162,80,44,247,159,70,170,241,35,26,141,213,22,6,99,77},{32,164,80,5,129,104,43,179,215,255,227,254,163,156,139,138,44,246,247,53}})do for _,v in ipairs(c)do t[#t+1]=v end end return t end)(),
(function()local t={}for _,c in ipairs({{140,57,149,77,148,5,122,180,255,232,229,91,147,163,114,138,100,91,99,103,23,168,64,152,28,186,6,155,167,54,131,225,83,24,134,138,99,41,174,237,52,37,240,136,241,177,137,34,82,231,121,209,19,73,233,185,219,232,230,55,36,52,251,130,125,63,224,179,254,41},{136,17,75,177,77,229,207,98,62,187,168,35,172,239,236,9,121,53,130,125}})do for _,v in ipairs(c)do t[#t+1]=v end end return t end)(),
(function()local t={}for _,c in ipairs({{183,221,151,61,140,204,3,234,10,250,111,94,59,79,83,83,143,95,225,120,85,238,224,43,94,45,1,31,181,78,47,113,33,144,241,58,71,119,156,59,197,197,142,143,52,60,137,74,84,175,81,173,241,231,212,1,149,126,120,231,62,67,151,246,42,16,67,90,243,145},{49,57,206,172,232,6,16,154,23,202,183,183,102,131,16,5,138,117,96,3}})do for _,v in ipairs(c)do t[#t+1]=v end end return t end)(),
(function()local t={}for _,c in ipairs({{67,148,13,35,195,90,132,63,111,11,48,7,51,164,78,229,175,22,122,233,50,103,35,49,30,42,150,83,66,228,90,65,194,214,29,109,187,205,196,195,219,50,133,171,245,131,195,102,104,152,161,3,84,238,54,41,190,153,215,222,14,231,132,25,20,89,127,149,132,141},{94,159,199,239,114,150,123,177,13,53,77,143,161,165,188,200,69,192,245,13}})do for _,v in ipairs(c)do t[#t+1]=v end end return t end)(),
(function()local t={}for _,c in ipairs({{176,162,71,49,54,104,194,164,104,183,77,47,130,201,196,86,92,210,69,167,67,98,237,39,69,113,122,135,49,14,250,131,2,26,36,72,229,195,76,93,206,234,44,98,29,212,163,241,207,17,201,233,106,168,168,68,242,40,100,131,97,171,221,76,90,191,8,178,149,101},{252,124,89,74,22,200,7,233,16,56,222,132,195,243,82,188,41,184,98,113}})do for _,v in ipairs(c)do t[#t+1]=v end end return t end)(),
(function()local t={}for _,c in ipairs({{244,45,18,124,154,235,29,62,187,117,95,39,197,37,121,226,87,104,28,124,114,135,232,122,125,191,61,178,26,134,196,20,233,92,22,91,68,202,209,62,193,237,61,68,0,250,54,100,122,105,143,161,57,73,145,115,243,231,121,188,171,113,43,118,130,236,37,175,210,202},{44,176,209,159,4,87,91,138,14,195,244,243,204,56,159,207,242,41,44,218}})do for _,v in ipairs(c)do t[#t+1]=v end end return t end)(),
(function()local t={}for _,c in ipairs({{3,158,249,196,203,68,199,28,151,177,71,115,51,183,49,183,70,20,25,210,192,160,112,118,41,226,30,230,54,211,174,224,108,240,14,76,194,152,56,194,216,103,117,6,14,185,134,63,167,131,148,28,222,101,163,114,112,141,83,211,213,10,74,165,158,11,218,69,216,191},{244,251,94,186,43,152,163,155,86,99,197,37,68,209,101,92,18,42,205,22}})do for _,v in ipairs(c)do t[#t+1]=v end end return t end)(),
(function()local t={}for _,c in ipairs({{223,181,88,225,95,13,147,110,7,28,135,223,172,219,195,50,45,134,144,71,249,108,90,70,18,220,6,35,135,56,190,30,166,222,101,189,132,178,57,152,71,184,94,88,195,219,40,8,38,63,203,222,66,163,52,252,108,176,79,169,58,230,221,63,226,99,148,170,164,127},{74,169,205,158,48,230,50,51,229,79,25,162,103,168,237,86,13,210,78,160}})do for _,v in ipairs(c)do t[#t+1]=v end end return t end)(),
(function()local t={}for _,c in ipairs({{132,126,26,7,106,125,107,23,212,231,204,1,147,4,130,65,144,221,235,70,65,111,227,40,250,110,254,167,129,74,118,102,121,19,213,32,16,248,243,70,113,175,18,200,183,153,17,193,147,34,82,129,140,48,45,139,174,207,69,21,66,59,143,61,15,5,249,111,194,162},{105,138,139,167,234,85,130,23,15,219,241,173,61,255,241,174,228,254,159,82}})do for _,v in ipairs(c)do t[#t+1]=v end end return t end)(),
(function()local t={}for _,c in ipairs({{7,147,255,251,240,24,231,4,216,240,234,24,245,5,111,194,224,128,182,37,155,167,74,156,230,67,21,190,221,195,77,174,211,115,22,91,92,109,32,208,101,238,70,19,121,215,187,238,243,211,230,218,26,31,194,80,150,3,215,80,174,46,226,38,60,185,67,240,194,224},{77,152,98,64,156,132,220,158,99,75,66,87,210,201,145,91,180,144,60,145}})do for _,v in ipairs(c)do t[#t+1]=v end end return t end)(),
(function()local t={}for _,c in ipairs({{147,113,79,248,227,105,150,93,250,138,171,205,76,0,178,101,128,232,185,78,209,141,84,229,137,249,225,127,227,167,29,170,45,63,202,251,153,137,203,6,6,202,113,98,163,27,34,190,205,61,77,30,0,155,37,89,4,54,254,154,44,23,96,168,204,239,170,228,141,5},{219,60,232,215,174,165,43,1,192,150,99,127,168,226,200,200,196,68,60,247}})do for _,v in ipairs(c)do t[#t+1]=v end end return t end)(),
(function()local t={}for _,c in ipairs({{28,56,225,57,104,62,166,211,185,248,198,240,160,244,134,2,250,144,244,170,10,194,115,91,58,151,128,21,206,66,233,245,254,146,150,5,185,23,55,163,144,246,104,188,161,140,50,121,150,251,126,167,86,13,177,236,45,17,214,128,95,223,202,94,112,35,58,124,216,252},{120,194,245,239,229,85,92,184,41,226,176,33,130,247,88,98,156,25,48,52}})do for _,v in ipairs(c)do t[#t+1]=v end end return t end)(),
(function()local t={}for _,c in ipairs({{138,134,192,168,110,239,214,73,82,1,53,57,131,56,103,132,193,148,86,184,199,211,72,210,44,176,205,197,19,170,218,18,224,224,41,240,87,54,218,48,226,170,152,153,206,200,218,68,38,3,194,185,45,101,13,202,61,72,191,52,55,130,204,36,240,30,241,115,10,163},{61,18,249,98,93,158,105,207,168,153,234,248,178,69,248,98,36,207,51,223}})do for _,v in ipairs(c)do t[#t+1]=v end end return t end)(),
(function()local t={}for _,c in ipairs({{40,49,114,94,11,255,171,229,174,79,122,130,90,140,195,209,22,34,24,45,214,110,219,102,41,223,171,211,239,88,124,96,192,242,82,225,107,248,143,209,66,39,146,199,205,146,191,183,177,131,198,183,58,62,14,10,151,96,44,90,120,88,1,176,144,230,163,160,140,88},{40,134,84,248,120,105,199,67,221,1,0,244,87,128,107,5,31,243,126,209}})do for _,v in ipairs(c)do t[#t+1]=v end end return t end)(),
(function()local t={}for _,c in ipairs({{189,154,142,45,82,2,0,34,252,97,163,191,166,48,58,19,210,119,230,32,121,4,217,145,176,223,221,169,222,35,163,84,3,59,94,40,220,102,254,11,227,165,2,96,235,144,158,65,173,77,245,126,23,30,83,170,201,239,226,33,72,180,79,51,97,93,190,66,212,244},{180,112,73,218,242,68,214,5,134,13,22,70,78,225,236,59,79,154,144,216}})do for _,v in ipairs(c)do t[#t+1]=v end end return t end)(),
(function()local t={}for _,c in ipairs({{245,205,75,205,3,153,152,204,168,124,64,182,71,98,229,45,99,186,253,126,61,25,64,72,252,108,26,223,217,90,192,113,236,127,127,99,246,60,177,32,64,114,205,93,1,69,239,51,151,175,78,99,207,12,64,101,138,147,221,146,194,85,133,48,116,145,166,231,183,15},{162,106,92,199,91,27,233,25,172,64,155,114,81,113,179,39,138,222,27,209}})do for _,v in ipairs(c)do t[#t+1]=v end end return t end)(),
(function()local t={}for _,c in ipairs({{61,28,171,86,103,135,129,91,106,190,105,76,59,114,7,183,165,26,140,164,210,135,69,91,77,253,98,196,174,143,134,239,35,116,45,123,11,16,47,44,169,137,103,72,218,60,210,126,240,77,56,35,65,212,223,163,73,247,4,219,130,117,98,172,245,222,151,67,85,248},{138,205,51,162,102,208,191,126,55,13,213,152,35,95,171,38,248,253,106,198}})do for _,v in ipairs(c)do t[#t+1]=v end end return t end)(),
(function()local t={}for _,c in ipairs({{23,252,130,133,217,46,92,146,83,52,98,14,9,175,50,128,4,179,181,141,55,104,34,142,223,162,176,132,8,77,208,137,64,19,14,212,130,241,153,143,27,28,236,218,78,87,176,80,23,176,210,125,84,129,236,92,67,107,188,106,56,152,252,148,90,106,100,69,244,253},{235,246,68,43,41,232,156,151,190,70,70,119,80,22,177,27,35,223,173,233}})do for _,v in ipairs(c)do t[#t+1]=v end end return t end)(),
(function()local t={}for _,c in ipairs({{140,148,212,120,217,45,9,240,109,162,2,226,7,145,46,145,91,124,246,141,155,108,138,78,245,241,209,186,174,47,213,124,173,113,214,46,88,202,57,15,189,171,187,174,240,46,146,244,129,64,15,145,130,155,206,105,14,214,26,73,62,121,115,220,195,124,243,231,108,120},{165,144,70,65,246,225,164,127,120,42,189,247,70,106,69,36,59,7,160,252}})do for _,v in ipairs(c)do t[#t+1]=v end end return t end)(),
(function()local t={}for _,c in ipairs({{171,143,83,68,77,45,183,111,248,128,179,117,32,100,187,67,8,29,207,89,81,29,125,50,85,231,234,26,136,238,128,34,7,46,152,133,12,164,14,214,161,170,126,241,174,180,82,106,19,171,6,211,154,221,115,67,137,131,168,18,75,34,47,89,122,16,102,128,132,207},{44,245,164,96,85,67,79,168,131,158,163,132,184,129,197,137,87,115,61,224}})do for _,v in ipairs(c)do t[#t+1]=v end end return t end)(),
(function()local t={}for _,c in ipairs({{126,201,119,44,41,102,197,119,120,173,123,176,146,124,117,211,215,128,46,48,162,113,22,168,95,202,6,231,86,162,97,235,222,55,64,75,138,218,120,140,243,73,121,78,100,53,215,32,109,12,218,75,101,138,80,129,43,33,82,196,93,87,40,240,230,43,216,7,53,22},{125,243,170,81,244,75,138,43,18,212,252,45,15,142,19,138,16,244,97,30}})do for _,v in ipairs(c)do t[#t+1]=v end end return t end)(),
(function()local t={}for _,c in ipairs({{20,153,80,8,219,161,201,181,82,30,65,108,183,178,188,67,80,54,190,16,55,222,54,166,235,52,23,93,1,204,246,243,24,250,65,163,155,113,61,72,8,246,184,166,181,145,6,20,16,198,40,115,79,76,160,76,132,118,193,193,142,115,32,94,77,95,112,29,46,88},{247,175,31,132,142,220,255,251,188,37,63,206,197,21,229,166,147,145,251,14}})do for _,v in ipairs(c)do t[#t+1]=v end end return t end)(),
(function()local t={}for _,c in ipairs({{59,202,79,173,240,147,79,3,211,8,96,248,0,73,129,220,2,159,141,174,117,154,138,204,86,190,53,140,215,138,180,24,14,55,131,15,151,150,211,124,240,228,33,131,66,199,22,49,121,237,216,48,113,22,161,201,195,177,179,80,28,125,101,174,224,230,85,39,6,104},{17,95,222,221,210,192,208,144,101,52,20,115,127,131,59,58,123,110,28,237}})do for _,v in ipairs(c)do t[#t+1]=v end end return t end)(),
(function()local t={}for _,c in ipairs({{71,227,89,1,232,152,172,194,166,107,4,210,109,86,254,119,179,88,184,211,147,119,80,97,231,192,98,145,69,113,178,28,68,103,90,12,0,65,240,234,47,6,238,147,166,175,203,156,55,88,30,211,104,76,254,40,188,142,126,199,243,109,207,69,8,115,147,81,83,19},{23,73,178,248,161,246,223,129,146,201,118,181,18,63,44,61,1,112,28,221}})do for _,v in ipairs(c)do t[#t+1]=v end end return t end)(),
(function()local t={}for _,c in ipairs({{82,122,152,212,103,238,184,223,35,92,7,14,90,255,87,52,22,34,228,202,79,227,228,65,175,244,5,32,57,113,11,4,115,120,130,71,227,54,130,221,226,121,11,218,95,199,168,89,38,40,44,237,224,190,185,104,234,101,3,169,159,88,172,36,111,120,188,13,227,15},{34,150,105,9,90,181,236,144,128,210,238,43,83,202,229,31,245,194,178,224}})do for _,v in ipairs(c)do t[#t+1]=v end end return t end)(),
(function()local t={}for _,c in ipairs({{218,70,136,156,194,135,19,160,178,77,203,51,163,54,19,219,237,235,209,23,92,234,87,135,54,71,20,220,236,121,44,50,77,57,213,201,91,181,39,100,208,247,45,225,243,135,198,227,175,129,93,134,147,223,176,236,34,138,215,201,239,53,229,57,201,180,98,198,242,103},{20,116,204,41,0,65,189,238,175,125,79,157,82,45,68,80,23,9,200,45}})do for _,v in ipairs(c)do t[#t+1]=v end end return t end)(),
(function()local t={}for _,c in ipairs({{142,174,135,99,120,194,31,189,37,179,169,106,164,153,255,238,115,215,216,226,184,6,162,185,85,138,55,1,190,134,31,212,99,135,255,8,238,115,166,231,52,187,71,150,76,205,30,81,252,188,135,179,86,200,25,58,147,129,207,161,7,235,186,102,158,207,125,104,253,236},{238,168,99,178,130,235,147,206,186,217,252,34,197,40,17,83,246,49,80,195}})do for _,v in ipairs(c)do t[#t+1]=v end end return t end)(),
(function()local t={}for _,c in ipairs({{58,0,174,206,53,165,127,187,142,5,134,170,17,184,235,76,64,106,139,222,135,78,166,130,109,142,134,248,30,95,244,149,28,129,218,83,120,6,183,215,63,41,194,73,12,16,103,189,23,128,222,57,77,196,16,42,23,21,91,5,222,140,27,104,205,208,178,160,87,11},{228,233,232,172,135,222,145,19,120,170,135,5,208,32,138,146,240,177,217,130}})do for _,v in ipairs(c)do t[#t+1]=v end end return t end)(),
(function()local t={}for _,c in ipairs({{249,150,43,124,147,19,93,192,67,118,131,90,13,157,157,25,23,198,130,134,93,141,84,17,199,91,183,179,199,205,31,188,235,98,15,209,8,172,159,150,122,150,229,57,121,121,221,198,137,48,136,153,185,80,31,98,149,28,164,200,246,184,251,250,216,240,221,44,247,137},{131,77,117,140,138,179,93,55,104,208,228,250,253,84,100,95,242,79,132,222}})do for _,v in ipairs(c)do t[#t+1]=v end end return t end)(),
(function()local t={}for _,c in ipairs({{15,161,189,64,75,146,31,132,251,144,203,95,119,88,112,138,78,81,148,197,241,221,208,35,66,150,6,192,213,118,8,252,73,77,94,28,16,96,67,56,75,212,14,96,95,67,217,89,145,174,59,36,151,208,231,252,12,201,9,174,107,162,255,15,201,19,18,248,123,13},{46,223,1,192,58,243,219,254,225,97,6,60,120,31,103,57,166,19,206,8}})do for _,v in ipairs(c)do t[#t+1]=v end end return t end)(),
(function()local t={}for _,c in ipairs({{16,4,7,37,98,101,180,3,5,78,45,129,245,142,114,47,95,52,135,228,37,207,59,27,157,90,6,4,71,226,30,109,31,104,75,236,23,111,168,142,4,51,183,187,19,225,224,48,124,152,87,136,148,59,107,132,39,112,162,61,87,125,74,116,204,57,103,14,255,5},{45,242,42,12,184,41,177,64,61,197,168,47,234,64,244,155,33,26,111,204}})do for _,v in ipairs(c)do t[#t+1]=v end end return t end)(),
(function()local t={}for _,c in ipairs({{0,130,89,63,170,225,226,129,127,149,255,246,208,26,221,22,138,78,236,234,20,168,49,118,142,98,35,238,126,177,10,152,15,177,3,41,173,231,251,205,92,28,135,3,216,179,165,158,60,233,63,146,82,148,253,196,230,167,69,137,199,226,250,178,150,183,139,250,24,176},{23,226,158,161,140,71,12,79,183,242,123,82,137,66,108,240,237,37,249,31}})do for _,v in ipairs(c)do t[#t+1]=v end end return t end)(),
(function()local t={}for _,c in ipairs({{99,44,6,58,104,84,102,177,174,230,130,151,238,170,55,1,183,182,36,169,155,197,175,211,178,247,207,162,106,183,217,240,116,14,63,183,72,116,129,201,237,9,54,162,185,110,185,3,202,111,23,27,43,40,163,53,254,210,134,174,254,54,190,230,220,116,180,138,226,36},{84,163,252,214,137,254,116,17,1,159,158,3,34,50,123,79,46,40,199,174}})do for _,v in ipairs(c)do t[#t+1]=v end end return t end)(),
(function()local t={}for _,c in ipairs({{0,0,139,1,4,198,106,113,157,227,2,78,6,244,178,89,48,243,36,160,233,68,55,215,7,5,235,6,150,46,14,82,111,79,179,217,79,7,130,133,230,62,211,84,108,8,71,169,75,212,80,106,14,190,41,3,135,187,35,165,87,98,60,19,0,111,68,64,102,254},{244,235,55,182,11,212,199,4,175,90,156,9,38,207,4,209,27,27,105,254}})do for _,v in ipairs(c)do t[#t+1]=v end end return t end)(),
(function()local t={}for _,c in ipairs({{162,211,25,227,107,246,245,14,49,59,148,199,135,28,95,228,54,126,162,88,227,181,135,31,43,225,3,87,162,78,70,8,139,125,95,53,144,159,188,120,230,7,160,192,180,194,239,176,28,204,14,79,9,79,35,177,232,116,119,125,117,13,155,166,219,124,252,251,202,205},{14,218,41,124,168,200,241,159,96,9,1,32,1,232,204,112,209,123,85,104}})do for _,v in ipairs(c)do t[#t+1]=v end end return t end)(),
(function()local t={}for _,c in ipairs({{73,215,81,0,91,128,51,11,156,220,244,176,164,43,6,250,131,96,16,227,26,44,110,34,30,229,242,200,163,1,104,80,11,218,187,24,6,81,41,192,169,11,148,79,30,49,176,67,170,137,147,236,78,27,191,9,19,197,56,62,28,203,226,82,15,34,132,4,203,202},{67,68,226,136,135,2,18,237,118,66,119,48,123,236,95,164,109,30,42,239}})do for _,v in ipairs(c)do t[#t+1]=v end end return t end)(),
(function()local t={}for _,c in ipairs({{107,58,187,54,22,50,235,240,240,102,249,30,141,41,254,188,102,87,232,196,234,207,141,197,126,200,44,231,188,125,56,111,176,187,104,182,233,96,1,153,228,146,200,119,160,62,227,162,212,83,221,20,176,8,55,19,226,86,34,177,183,108,126,221,23,128,250,27,217,116},{108,85,167,199,60,198,199,109,177,112,250,132,159,66,207,66,18,150,237,71}})do for _,v in ipairs(c)do t[#t+1]=v end end return t end)(),
(function()local t={}for _,c in ipairs({{192,245,206,64,167,54,196,225,180,187,99,5,107,72,150,248,234,193,134,119,254,186,126,209,158,205,29,143,244,12,144,216,218,16,114,176,90,153,71,83,227,173,77,111,1,190,219,58,147,167,102,127,60,219,59,98,75,143,52,12,174,157,234,144,120,75,136,197,59,139},{229,8,57,208,218,80,141,194,183,10,177,76,232,133,56,59,220,112,103,61}})do for _,v in ipairs(c)do t[#t+1]=v end end return t end)(),
(function()local t={}for _,c in ipairs({{35,138,92,25,216,36,139,146,246,153,145,197,144,239,55,64,157,206,100,76,0,213,119,163,9,106,175,100,119,120,252,87,32,133,246,164,38,25,195,16,138,230,38,13,184,234,95,101,240,20,141,180,223,154,26,170,70,103,122,53,44,105,59,32,84,180,177,72,223,220},{191,142,117,79,4,156,5,143,69,55,46,143,57,177,47,113,109,83,185,9}})do for _,v in ipairs(c)do t[#t+1]=v end end return t end)(),
(function()local t={}for _,c in ipairs({{243,72,211,149,96,83,175,111,111,22,139,229,239,0,40,43,128,240,53,215,123,210,91,64,202,35,228,47,253,183,226,94,108,27,168,144,219,60,139,194,75,197,141,96,42,153,168,253,199,183,196,30,110,91,188,16,184,180,175,220,34,107,100,234,38,56,242,11,17,123},{170,91,69,5,47,121,8,9,188,10,26,248,255,29,100,68,246,214,167,21}})do for _,v in ipairs(c)do t[#t+1]=v end end return t end)(),
(function()local t={}for _,c in ipairs({{76,75,207,168,14,245,122,186,29,214,142,19,181,200,73,188,60,179,91,219,6,78,16,156,185,72,33,83,17,139,142,182,181,149,63,31,70,149,144,144,179,33,222,161,187,173,75,244,96,133,240,42,246,13,114,181,102,254,228,178,6,121,159,117,252,168,18,144,173,222},{204,174,116,9,141,176,6,220,158,64,22,216,51,15,99,111,249,104,102,66}})do for _,v in ipairs(c)do t[#t+1]=v end end return t end)(),
(function()local t={}for _,c in ipairs({{67,33,70,181,10,252,165,220,141,227,202,40,78,57,241,126,17,129,58,14,82,130,170,66,200,234,99,171,80,176,85,140,77,69,184,211,138,130,69,5,226,0,218,36,48,158,111,194,159,119,6,38,22,84,35,120,60,206,72,98,211,113,136,156,183,17,152,219,89,3},{205,57,171,103,73,80,37,225,23,110,155,11,216,103,19,50,95,134,247,102}})do for _,v in ipairs(c)do t[#t+1]=v end end return t end)(),
(function()local t={}for _,c in ipairs({{94,237,49,139,24,9,4,187,125,167,165,244,1,50,202,195,23,43,233,118,225,228,182,156,233,33,8,187,217,110,159,154,11,91,185,228,215,187,112,75,162,209,140,111,35,196,44,42,200,131,70,35,229,145,141,121,246,139,119,42,105,79,85,12,184,180,87,60,171,66},{198,219,26,95,3,14,118,133,28,41,255,108,149,225,189,37,92,10,226,58}})do for _,v in ipairs(c)do t[#t+1]=v end end return t end)(),
(function()local t={}for _,c in ipairs({{45,43,69,236,2,5,96,194,196,98,95,48,176,241,21,66,170,152,176,177,65,239,14,250,186,104,167,21,205,233,128,233,69,199,79,243,215,10,214,52,168,244,144,6,45,52,72,125,234,184,194,24,37,222,79,30,93,80,95,43,191,46,31,145,86,112,119,134,87,226},{126,215,249,172,227,172,175,244,224,240,100,110,29,93,131,228,221,69,214,169}})do for _,v in ipairs(c)do t[#t+1]=v end end return t end)(),
(function()local t={}for _,c in ipairs({{226,150,250,153,155,150,220,22,212,56,228,37,155,196,5,62,213,127,89,70,219,209,75,20,103,70,211,142,136,145,80,159,93,222,108,199,237,248,242,66,223,190,129,98,26,186,114,163,116,108,195,167,139,120,176,94,220,151,210,64,151,16,117,59,157,41,207,64,76,56},{102,244,31,140,112,245,254,138,171,90,117,77,244,17,240,143,161,119,21,62}})do for _,v in ipairs(c)do t[#t+1]=v end end return t end)(),
(function()local t={}for _,c in ipairs({{119,150,237,130,252,103,232,177,134,27,166,235,217,189,40,148,5,152,58,21,254,78,60,89,223,69,5,254,83,86,119,25,144,248,68,48,46,169,2,30,92,135,165,15,84,66,125,190,30,140,216,28,86,139,204,210,163,145,136,50,160,155,71,128,136,154,240,241,148,131},{189,242,118,7,19,218,139,173,235,161,137,238,193,224,36,50,51,74,8,131}})do for _,v in ipairs(c)do t[#t+1]=v end end return t end)(),
(function()local t={}for _,c in ipairs({{233,135,236,13,82,186,243,116,73,151,134,0,133,195,206,200,172,11,79,220,166,46,147,50,37,103,80,227,7,6,170,81,232,192,159,20,134,62,92,13,14,48,151,92,72,131,183,73,115,254,164,152,39,92,242,241,29,61,163,118,193,120,73,103,176,5,134,25,55,206},{137,238,192,27,253,20,161,75,49,26,32,173,147,134,244,169,159,224,4,52}})do for _,v in ipairs(c)do t[#t+1]=v end end return t end)(),
(function()local t={}for _,c in ipairs({{230,191,229,240,250,172,119,65,222,157,111,173,68,74,45,139,212,221,222,129,154,64,19,213,241,199,158,33,95,142,74,163,54,131,156,210,70,215,223,67,148,63,108,247,31,240,218,167,126,168,34,250,194,39,83,204,148,179,51,208,175,199,99,78,178,198,15,149,14,210},{29,240,215,49,175,136,236,124,149,49,121,74,8,219,44,180,191,201,138,76}})do for _,v in ipairs(c)do t[#t+1]=v end end return t end)(),
(function()local t={}for _,c in ipairs({{85,117,153,90,93,243,214,150,50,86,175,177,26,100,235,230,219,36,92,153,217,86,83,211,202,155,224,91,83,28,218,133,200,91,139,10,81,145,128,225,10,111,76,255,28,96,122,52,19,46,13,246,175,26,252,186,15,76,126,49,19,113,180,5,54,129,70,60,31,106},{178,110,169,194,8,74,142,18,138,158,184,59,183,165,116,4,139,106,73,95}})do for _,v in ipairs(c)do t[#t+1]=v end end return t end)(),
(function()local t={}for _,c in ipairs({{162,74,169,35,231,41,225,73,153,103,53,41,79,8,52,121,33,152,28,71,179,115,102,163,49,215,133,228,176,113,115,67,218,160,1,107,95,224,96,128,212,239,24,51,39,219,249,180,159,16,112,10,124,215,81,48,119,92,86,253,2,124,157,84,210,226,135,123,54,232},{87,54,28,107,52,5,191,196,150,235,92,72,119,49,78,161,240,30,143,66}})do for _,v in ipairs(c)do t[#t+1]=v end end return t end)(),
(function()local t={}for _,c in ipairs({{45,6,120,239,188,73,99,219,173,52,17,219,246,162,208,131,234,103,159,185,68,189,29,107,177,99,180,194,111,181,41,185,181,214,93,137,173,95,162,156,137,88,143,109,76,183,69,196,148,182,136,198,154,102,187,77,113,221,52,89,198,191,85,79,35,80,4,60,156,62},{146,92,179,201,209,142,19,129,134,135,164,133,92,60,7,17,19,93,142,29}})do for _,v in ipairs(c)do t[#t+1]=v end end return t end)(),
(function()local t={}for _,c in ipairs({{222,183,87,196,189,26,91,77,133,93,3,219,46,94,241,244,126,13,20,67,91,39,80,10,234,96,240,34,183,210,206,48,24,61,158,251,248,205,116,203,52,115,235,162,166,207,234,157,107,130,125,68,215,213,24,15,38,149,254,11,35,199,65,145,62,223,137,209,37,208},{9,228,208,124,26,72,180,233,228,31,205,126,158,239,183,13,112,250,73,158}})do for _,v in ipairs(c)do t[#t+1]=v end end return t end)(),
(function()local t={}for _,c in ipairs({{46,121,186,86,216,75,35,118,236,229,83,131,125,136,234,20,208,212,22,219,69,92,108,149,108,131,109,61,105,105,241,93,254,38,232,252,66,179,113,47,206,119,144,10,208,71,165,234,137,123,90,90,222,131,166,186,201,51,120,69,38,138,152,56,176,240,185,117,202,228},{199,47,132,137,154,38,37,39,198,218,210,157,146,51,38,77,199,193,153,243}})do for _,v in ipairs(c)do t[#t+1]=v end end return t end)(),
(function()local t={}for _,c in ipairs({{194,239,130,115,237,15,207,47,18,239,203,76,60,80,108,208,115,96,25,193,209,223,163,165,132,243,158,171,219,126,191,0,176,149,253,125,139,148,195,75,254,71,30,9,177,133,139,123,1,165,237,78,152,21,180,165,18,102,189,39,109,223,3,230,62,198,176,24,77,74},{31,73,244,191,90,184,249,54,64,89,53,135,104,138,76,187,252,141,134,145}})do for _,v in ipairs(c)do t[#t+1]=v end end return t end)(),
(function()local t={}for _,c in ipairs({{160,201,46,180,58,128,200,62,180,169,0,222,53,183,196,152,86,220,166,20,96,179,8,37,30,114,207,75,10,216,227,223,32,163,188,191,89,191,202,110,248,153,53,11,25,17,63,143,125,235,254,211,45,183,99,112,229,149,7,49,207,139,73,96,118,32,138,35,240,86},{214,246,138,220,247,83,174,254,93,123,209,80,107,248,124,192,192,146,238,230}})do for _,v in ipairs(c)do t[#t+1]=v end end return t end)(),
(function()local t={}for _,c in ipairs({{242,147,209,241,46,123,168,167,6,176,254,209,105,117,182,193,117,12,128,235,167,232,30,108,174,113,101,255,81,22,136,62,248,99,49,73,6,174,247,78,83,136,37,240,21,138,126,103,8,144,144,188,96,99,37,76,186,136,26,61,177,87,22,79,237,122,235,42,21,170},{170,192,11,86,78,121,159,162,194,200,199,65,41,177,234,47,254,199,57,8}})do for _,v in ipairs(c)do t[#t+1]=v end end return t end)(),
(function()local t={}for _,c in ipairs({{132,47,238,55,207,95,139,73,138,182,241,62,75,210,9,28,232,75,38,131,83,18,55,244,123,145,69,239,3,169,203,27,40,183,69,216,113,225,65,99,10,121,249,208,112,138,120,9,97,223,187,227,146,12,135,38,224,36,191,67,239,137,14,128,166,41,83,68,77,237},{171,184,128,242,185,152,49,113,173,255,208,153,252,4,253,67,16,109,166,83}})do for _,v in ipairs(c)do t[#t+1]=v end end return t end)(),
(function()local t={}for _,c in ipairs({{70,73,238,32,196,82,134,80,102,137,120,255,9,231,207,38,18,40,116,158,93,85,118,179,182,169,253,250,54,149,252,62,49,199,224,251,182,174,9,144,237,179,54,40,130,180,145,92,131,97,212,254,86,103,253,169,136,209,243,186,5,49,250,26,42,53,189,21,57,125},{250,176,146,145,144,126,197,240,142,37,250,121,188,160,207,161,93,70,170,115}})do for _,v in ipairs(c)do t[#t+1]=v end end return t end)(),
(function()local t={}for _,c in ipairs({{108,113,23,39,155,32,64,4,116,77,153,13,213,214,75,85,132,9,247,66,205,154,81,168,87,243,97,186,20,237,7,232,229,149,103,200,53,204,38,117,253,77,50,108,217,34,73,111,112,72,193,47,169,38,228,95,107,231,144,17,228,179,51,75,194,17,255,102,156,66},{149,0,15,0,23,210,30,59,228,240,130,5,234,150,8,176,182,90,208,132}})do for _,v in ipairs(c)do t[#t+1]=v end end return t end)(),
(function()local t={}for _,c in ipairs({{148,133,142,130,222,24,140,35,206,253,196,48,151,117,223,218,74,139,32,50,9,49,123,235,67,223,244,66,45,150,56,70,166,79,162,94,163,22,113,97,49,221,90,64,161,31,77,71,217,190,149,45,87,180,231,236,30,23,113,19,244,181,138,144,71,214,135,232,210,76},{235,120,241,162,86,235,186,231,18,155,99,11,125,120,76,53,115,26,225,64}})do for _,v in ipairs(c)do t[#t+1]=v end end return t end)(),
(function()local t={}for _,c in ipairs({{158,31,19,82,56,125,234,222,199,110,147,228,194,65,55,68,236,61,47,145,11,201,144,208,154,200,34,183,93,10,102,101,11,162,153,37,34,188,53,91,147,177,85,110,190,78,49,222,76,76,195,246,174,233,26,29,83,112,84,10,146,209,115,70,121,61,246,96,22,17},{198,131,83,133,176,141,11,58,49,198,223,77,239,85,2,212,78,112,24,96}})do for _,v in ipairs(c)do t[#t+1]=v end end return t end)(),
(function()local t={}for _,c in ipairs({{164,74,40,239,187,214,145,138,219,209,77,12,142,57,24,65,181,247,166,67,219,125,193,51,80,96,5,134,117,159,150,200,21,58,110,66,236,14,14,210,255,216,125,59,85,122,7,92,20,224,59,187,44,216,193,174,63,157,187,13,250,217,185,153,249,86,192,174,217,207},{197,154,36,21,231,180,137,115,254,149,202,77,99,151,187,238,136,55,216,72}})do for _,v in ipairs(c)do t[#t+1]=v end end return t end)(),
(function()local t={}for _,c in ipairs({{138,192,254,164,255,238,127,112,213,137,199,158,43,113,239,85,185,103,11,159,169,228,175,188,197,170,60,0,69,252,53,225,231,12,124,239,172,140,15,188,67,80,246,130,124,200,89,18,228,150,8,103,160,148,197,145,23,243,245,39,202,10,75,233,159,250,35,178,182,0},{222,117,152,200,180,166,0,94,212,229,21,69,235,198,247,177,82,56,19,252}})do for _,v in ipairs(c)do t[#t+1]=v end end return t end)(),
(function()local t={}for _,c in ipairs({{195,148,113,247,65,12,57,114,84,128,219,203,223,17,87,230,105,239,206,60,160,175,69,149,54,76,145,214,32,151,71,217,191,8,123,108,137,244,81,51,47,216,89,35,245,1,237,191,181,139,192,157,173,113,161,19,134,168,141,193,51,24,33,178,59,59,75,5,9,234},{244,173,35,44,63,48,144,3,214,74,138,55,240,51,51,35,38,168,93,247}})do for _,v in ipairs(c)do t[#t+1]=v end end return t end)(),
(function()local t={}for _,c in ipairs({{241,228,231,247,2,26,8,114,63,232,182,219,79,119,155,27,242,178,116,201,170,45,14,102,2,199,83,227,82,107,204,47,218,112,199,200,98,140,21,48,203,180,244,222,63,208,193,180,126,8,32,225,196,108,250,236,98,58,35,11,52,115,77,68,185,150,89,54,174,41},{183,220,117,36,112,161,22,158,187,165,34,156,237,166,152,183,14,249,135,86}})do for _,v in ipairs(c)do t[#t+1]=v end end return t end)(),
(function()local t={}for _,c in ipairs({{245,107,63,127,88,4,226,41,210,38,120,254,97,54,102,47,91,177,10,248,171,180,237,211,199,128,251,134,215,192,118,132,188,207,240,133,28,224,196,249,64,236,200,65,154,19,196,107,247,130,77,16,191,200,191,84,56,180,61,9,240,206,161,218,105,101,32,32,134,251},{240,98,245,173,58,176,237,247,156,111,141,167,87,139,182,236,51,218,179,220}})do for _,v in ipairs(c)do t[#t+1]=v end end return t end)(),
(function()local t={}for _,c in ipairs({{183,16,194,25,167,0,24,156,135,46,44,95,136,57,83,113,203,85,38,208,114,247,39,104,223,39,19,115,6,69,170,20,102,186,26,222,219,246,209,1,226,252,108,19,240,68,175,186,200,194,245,51,159,68,117,159,25,219,81,134,55,219,242,126,64,117,130,228,212,51},{13,163,97,146,48,0,167,125,247,176,118,20,80,119,52,38,155,233,68,235}})do for _,v in ipairs(c)do t[#t+1]=v end end return t end)(),
(function()local t={}for _,c in ipairs({{0,139,232,111,186,177,185,13,111,212,220,180,165,67,190,148,7,112,98,160,50,182,116,253,51,99,13,92,88,108,216,87,73,234,220,73,249,87,108,65,122,97,146,136,38,249,39,107,194,29,214,175,6,57,254,49,156,250,21,13,243,127,244,43,11,151,242,92,125,43},{101,65,179,185,101,42,26,249,217,176,85,155,230,124,108,55,122,7,166,105}})do for _,v in ipairs(c)do t[#t+1]=v end end return t end)(),
(function()local t={}for _,c in ipairs({{189,238,39,207,199,73,225,128,86,255,149,133,31,224,11,215,6,92,124,157,0,219,165,97,199,83,3,71,41,52,240,121,122,122,159,166,103,90,59,48,116,156,8,231,8,7,22,100,24,106,63,224,245,7,112,239,198,234,74,191,239,150,141,145,76,135,130,252,83,156},{183,138,25,188,244,252,243,160,196,251,110,123,105,153,83,173,162,77,252,142}})do for _,v in ipairs(c)do t[#t+1]=v end end return t end)(),
(function()local t={}for _,c in ipairs({{157,167,193,81,224,116,234,106,120,17,175,93,129,209,68,140,226,53,242,222,68,253,171,49,120,19,120,5,204,216,6,57,232,225,86,189,148,164,118,147,104,82,225,93,24,139,217,4,135,17,65,55,187,104,172,242,44,172,121,91,17,26,55,102,47,1,192,32,220,195},{112,158,46,50,135,116,229,121,21,214,152,74,61,25,220,44,224,52,57,160}})do for _,v in ipairs(c)do t[#t+1]=v end end return t end)(),
(function()local t={}for _,c in ipairs({{70,148,205,12,180,48,234,110,190,22,103,11,14,141,109,131,106,18,133,99,227,221,250,97,53,109,100,163,69,52,78,70,32,239,196,213,56,157,38,235,83,189,94,39,147,163,4,105,50,239,214,243,217,162,221,92,129,185,41,170,64,119,184,177,8,106,205,162,82,171},{151,16,72,9,143,142,188,14,111,61,217,153,247,245,40,72,203,109,204,182}})do for _,v in ipairs(c)do t[#t+1]=v end end return t end)(),
(function()local t={}for _,c in ipairs({{79,33,174,253,226,208,143,165,219,142,42,229,243,154,120,208,211,244,173,251,169,155,128,0,49,55,57,202,64,209,130,28,174,230,128,55,175,128,176,150,87,190,181,86,21,113,153,46,73,120,103,240,39,119,128,153,155,211,41,11,144,137,133,153,240,148,164,96,33,14},{3,29,76,226,18,249,44,255,226,105,99,27,41,4,21,79,77,219,221,167}})do for _,v in ipairs(c)do t[#t+1]=v end end return t end)(),
(function()local t={}for _,c in ipairs({{132,101,164,20,122,48,26,233,198,74,117,5,206,249,144,223,39,231,228,232,158,203,190,111,189,9,242,246,136,134,209,247,120,14,68,183,251,236,252,145,189,52,93,184,93,5,193,222,180,154,10,3,160,6,222,244,54,20,246,223,205,93,250,202,206,95,89,27,231,235},{3,12,105,143,142,62,102,239,178,72,106,152,79,103,20,186,212,30,84,229}})do for _,v in ipairs(c)do t[#t+1]=v end end return t end)(),
(function()local t={}for _,c in ipairs({{112,11,50,25,185,21,104,154,104,114,83,225,166,226,134,106,60,85,225,32,231,67,229,109,61,42,168,49,22,124,118,236,141,244,177,101,94,120,18,148,173,39,39,92,69,121,52,150,20,28,211,202,26,25,173,176,195,226,176,231,10,209,122,214,165,18,128,164,159,141},{31,161,22,43,203,249,30,33,55,52,147,252,74,183,81,86,91,57,85,238}})do for _,v in ipairs(c)do t[#t+1]=v end end return t end)(),
(function()local t={}for _,c in ipairs({{8,44,141,134,132,85,188,13,90,133,228,36,249,142,137,105,229,54,132,223,42,148,248,105,137,17,89,212,19,218,47,183,12,176,33,55,116,138,203,126,90,211,197,73,28,70,228,46,176,125,183,75,67,212,50,40,37,121,79,147,38,217,136,78,26,173,75,193,80,206},{77,104,8,92,32,239,163,48,58,101,64,46,104,227,231,107,249,161,210,133}})do for _,v in ipairs(c)do t[#t+1]=v end end return t end)(),
(function()local t={}for _,c in ipairs({{142,238,20,2,246,135,118,112,218,92,252,104,55,225,131,45,216,97,124,97,122,134,221,76,183,116,63,165,40,219,151,216,220,240,94,220,95,98,135,101,231,3,161,104,126,239,52,118,62,169,166,200,74,2,88,194,181,74,143,23,18,33,108,54,221,69,81,56,177,110},{78,115,7,61,223,30,136,62,215,219,206,235,47,79,142,141,202,188,167,29}})do for _,v in ipairs(c)do t[#t+1]=v end end return t end)(),
(function()local t={}for _,c in ipairs({{2,12,251,188,130,225,162,239,134,23,115,128,161,2,184,138,38,170,49,214,192,97,24,252,72,246,124,158,152,123,177,111,35,82,210,144,228,217,34,90,242,185,244,49,187,191,114,141,205,140,106,41,133,128,224,60,115,109,102,103,239,7,164,166,53,12,36,131,112,94},{199,213,194,229,156,108,122,225,69,235,90,204,89,145,151,69,77,181,164,14}})do for _,v in ipairs(c)do t[#t+1]=v end end return t end)(),
(function()local t={}for _,c in ipairs({{223,220,193,215,210,243,140,100,49,212,74,179,214,205,76,206,94,88,91,17,63,224,204,236,14,187,137,116,158,219,80,244,118,134,151,215,105,2,55,31,226,11,114,74,226,204,26,65,214,155,77,196,138,151,3,240,89,66,29,115,10,59,151,230,66,0,170,186,213,73},{160,186,28,217,4,100,239,114,175,53,116,93,204,64,216,90,40,189,171,161}})do for _,v in ipairs(c)do t[#t+1]=v end end return t end)(),
(function()local t={}for _,c in ipairs({{5,222,45,189,144,170,44,23,189,83,37,107,118,122,204,92,255,117,90,70,243,228,236,172,54,164,96,139,93,163,58,192,69,252,235,81,86,97,96,46,192,175,142,182,123,89,7,66,207,133,168,85,255,152,6,200,194,160,27,71,46,98,143,137,10,186,181,119,143,76},{171,152,120,243,174,215,240,209,194,241,69,0,143,0,121,55,33,214,8,21}})do for _,v in ipairs(c)do t[#t+1]=v end end return t end)(),
(function()local t={}for _,c in ipairs({{160,36,141,67,124,38,28,180,49,200,245,4,130,188,250,122,97,171,98,1,83,125,192,164,231,208,219,146,97,2,254,128,12,51,184,46,21,227,56,5,73,225,88,178,34,74,223,16,72,65,73,242,150,204,78,206,62,55,215,118,244,98,255,93,248,118,168,88,189,137},{104,113,204,127,137,131,219,31,191,208,10,46,166,59,68,53,42,139,147,93}})do for _,v in ipairs(c)do t[#t+1]=v end end return t end)(),
(function()local t={}for _,c in ipairs({{60,32,206,127,50,228,238,119,243,172,177,193,216,227,75,103,60,48,139,140,218,68,226,125,230,15,172,238,115,142,137,255,22,231,219,86,82,79,11,5,252,10,22,32,141,117,140,201,102,255,221,4,14,37,57,127,234,146,160,184,40,143,192,179,7,147,128,1,76,16},{154,76,248,61,172,156,193,254,138,54,253,9,137,125,6,219,2,149,245,128}})do for _,v in ipairs(c)do t[#t+1]=v end end return t end)(),
(function()local t={}for _,c in ipairs({{24,91,42,231,231,80,213,105,181,231,229,223,142,116,151,40,60,198,5,40,130,141,91,213,105,24,99,28,249,209,196,142,254,225,136,71,246,176,68,251,162,210,54,121,97,91,41,191,219,55,101,246,246,134,94,233,16,188,193,248,190,20,96,133,52,178,10,188,138,214},{80,4,109,151,241,83,107,156,61,83,240,57,2,189,100,181,149,219,9,129}})do for _,v in ipairs(c)do t[#t+1]=v end end return t end)(),
(function()local t={}for _,c in ipairs({{82,184,139,207,142,137,38,42,90,90,208,52,234,174,199,32,2,31,9,159,172,248,122,40,160,118,240,221,103,231,163,25,38,70,56,161,161,248,56,210,191,96,143,63,101,109,32,58,104,255,198,163,122,200,48,156,135,186,111,228,211,79,69,19,97,35,51,76,171,167},{15,106,195,112,199,78,209,116,7,112,80,134,157,55,193,154,2,164,71,206}})do for _,v in ipairs(c)do t[#t+1]=v end end return t end)(),
(function()local t={}for _,c in ipairs({{206,83,194,2,21,34,87,108,50,224,107,92,194,59,45,207,52,10,176,200,125,125,48,86,226,227,4,188,42,97,2,17,47,24,173,166,236,119,142,242,233,159,19,65,196,52,104,117,81,210,20,210,125,232,123,86,192,117,85,55,147,160,101,227,240,109,216,255,152,71},{211,98,45,252,157,162,32,35,131,196,71,239,198,56,217,249,237,139,233,127}})do for _,v in ipairs(c)do t[#t+1]=v end end return t end)(),
(function()local t={}for _,c in ipairs({{105,32,242,85,3,204,51,7,212,152,104,240,118,19,144,0,146,218,231,235,183,20,230,17,48,247,40,41,15,98,40,45,104,100,129,78,242,171,206,109,152,18,19,162,200,168,215,244,9,193,171,172,34,197,24,2,172,20,246,141,110,110,244,68,161,31,97,175,216,88},{132,137,231,150,217,200,27,104,185,242,153,139,233,148,198,166,140,17,107,164}})do for _,v in ipairs(c)do t[#t+1]=v end end return t end)(),
(function()local t={}for _,c in ipairs({{232,88,251,27,250,189,248,120,230,101,138,34,132,80,191,194,99,86,196,213,45,31,52,133,21,202,83,196,254,21,36,118,170,171,173,95,206,113,96,216,239,149,52,32,141,154,103,149,176,193,155,94,214,0,184,105,110,219,210,186,233,11,86,252,197,58,98,11,21,171},{249,200,246,130,237,180,193,227,184,144,26,104,83,251,237,213,247,17,59,109}})do for _,v in ipairs(c)do t[#t+1]=v end end return t end)(),
(function()local t={}for _,c in ipairs({{220,93,26,234,242,243,247,13,7,179,193,217,186,132,156,205,157,236,175,221,50,94,244,101,30,51,107,36,158,213,131,233,29,212,189,206,77,234,109,201,121,244,167,213,50,189,54,8,112,128,229,233,230,168,148,220,103,106,191,51,0,213,203,28,248,226,131,243,183,209},{187,200,92,26,238,194,16,184,188,106,208,104,78,61,229,73,193,10,33,198}})do for _,v in ipairs(c)do t[#t+1]=v end end return t end)(),
(function()local t={}for _,c in ipairs({{166,24,70,173,167,63,79,82,190,110,48,104,34,112,64,196,167,25,71,185,18,14,255,28,9,219,182,173,96,147,149,175,242,204,227,140,167,5,29,69,133,89,86,194,160,99,40,173,210,121,85,198,5,248,200,252,222,156,222,32,84,23,174,154,23,65,35,42,18,72},{53,68,101,177,43,143,208,74,143,92,34,236,230,141,191,206,7,49,122,163}})do for _,v in ipairs(c)do t[#t+1]=v end end return t end)(),
(function()local t={}for _,c in ipairs({{124,231,196,215,42,148,239,150,80,144,179,123,76,29,237,76,81,146,72,80,151,156,201,184,250,17,156,58,233,175,173,54,0,148,183,111,104,223,233,110,188,192,164,253,238,92,216,13,50,203,1,211,161,186,209,20,1,68,156,213,0,32,92,99,36,58,103,118,53,1},{238,195,97,51,210,170,16,37,74,69,181,43,105,125,61,14,240,85,78,144}})do for _,v in ipairs(c)do t[#t+1]=v end end return t end)(),
(function()local t={}for _,c in ipairs({{72,137,244,4,158,249,208,181,64,78,222,42,52,20,235,164,243,126,130,65,229,34,94,155,160,161,246,85,235,54,67,223,38,199,129,62,135,221,61,128,87,195,166,222,233,63,96,176,65,196,72,158,28,91,66,0,152,185,90,114,168,127,199,180,50,240,178,248,89,6},{17,229,229,144,92,88,134,172,216,205,80,48,6,219,55,250,41,250,158,34}})do for _,v in ipairs(c)do t[#t+1]=v end end return t end)(),
(function()local t={}for _,c in ipairs({{207,45,249,12,68,58,240,31,149,19,185,10,33,185,245,74,84,36,218,82,156,104,32,113,61,139,9,227,196,40,211,36,186,245,77,126,75,209,113,247,213,251,33,5,50,36,109,166,126,161,252,97,194,173,72,160,139,232,140,56,188,187,133,27,217,103,189,195,83,14},{141,168,33,144,12,19,97,224,159,198,1,137,128,156,213,163,73,168,135,118}})do for _,v in ipairs(c)do t[#t+1]=v end end return t end)(),
(function()local t={}for _,c in ipairs({{65,213,108,213,230,124,120,150,225,179,156,212,32,159,224,223,129,24,34,54,148,219,134,37,78,75,248,185,76,7,82,198,162,156,127,20,127,236,77,158,95,45,34,155,45,119,127,69,92,40,74,109,200,143,126,157,136,67,70,159,38,63,152,55,184,195,161,63,207,165},{154,253,32,2,69,184,152,6,200,210,161,70,100,193,41,9,57,71,139,74}})do for _,v in ipairs(c)do t[#t+1]=v end end return t end)(),
(function()local t={}for _,c in ipairs({{184,184,20,53,160,145,178,211,241,185,149,231,233,41,127,159,105,141,82,225,5,231,185,186,77,119,57,146,109,139,47,159,162,144,112,255,138,165,76,128,183,115,158,233,66,130,40,176,222,26,89,20,40,228,219,201,225,205,123,79,219,54,46,216,100,114,181,14,91,120},{251,50,74,215,55,44,127,127,192,128,61,30,117,25,119,163,183,181,103,175}})do for _,v in ipairs(c)do t[#t+1]=v end end return t end)(),
(function()local t={}for _,c in ipairs({{81,52,106,27,178,120,248,244,137,247,90,91,91,219,153,200,98,112,140,176,129,88,9,89,19,43,10,242,245,88,202,0,240,28,101,8,118,68,53,229,100,252,120,111,10,108,30,17,246,111,102,67,62,210,148,253,29,199,130,71,236,229,69,239,183,233,244,95,33,16},{145,7,0,58,167,24,51,188,78,174,69,233,68,169,100,63,117,8,251,199}})do for _,v in ipairs(c)do t[#t+1]=v end end return t end)(),
(function()local t={}for _,c in ipairs({{239,246,223,133,140,92,139,233,210,52,191,69,85,163,86,33,14,117,173,238,224,113,217,160,161,64,49,59,137,112,152,86,15,206,122,174,241,0,206,172,173,230,5,146,132,145,128,73,151,153,86,147,211,237,122,39,225,241,186,209,188,215,138,90,247,226,118,155,69,117},{53,158,25,158,63,52,92,38,242,220,223,188,192,177,17,248,4,47,109,64}})do for _,v in ipairs(c)do t[#t+1]=v end end return t end)(),
(function()local t={}for _,c in ipairs({{58,64,46,106,107,12,117,48,224,54,55,98,32,63,151,86,167,166,134,186,88,71,114,243,249,70,235,205,111,230,199,195,13,69,212,220,19,99,100,40,16,95,124,228,174,131,169,42,232,182,83,164,151,10,153,191,103,16,234,201,28,228,73,254,131,142,106,163,67,91},{177,82,49,165,1,197,40,198,85,13,175,215,59,142,48,162,47,230,143,206}})do for _,v in ipairs(c)do t[#t+1]=v end end return t end)(),
(function()local t={}for _,c in ipairs({{21,222,244,62,250,225,246,241,96,241,126,230,248,95,158,10,159,68,118,141,160,254,246,186,134,232,57,159,162,199,210,21,255,141,245,204,175,201,236,152,44,170,52,32,46,190,240,186,66,74,121,103,33,237,60,76,114,212,69,119,144,82,217,10,252,92,69,237,179,159},{46,242,22,32,50,230,178,99,76,73,17,188,38,176,83,26,67,140,108,190}})do for _,v in ipairs(c)do t[#t+1]=v end end return t end)(),
(function()local t={}for _,c in ipairs({{130,63,254,174,103,141,91,61,253,211,211,211,249,94,164,113,160,218,10,203,44,120,122,53,222,104,129,152,75,100,224,107,9,156,137,69,178,94,133,167,142,89,105,224,172,50,52,238,121,38,92,248,16,114,117,176,97,0,200,160,212,105,48,245,204,169,1,166,98,95},{253,1,12,25,147,168,4,249,252,5,103,204,130,144,94,196,68,199,119,85}})do for _,v in ipairs(c)do t[#t+1]=v end end return t end)(),
(function()local t={}for _,c in ipairs({{133,88,41,32,203,29,94,175,173,40,234,173,87,222,29,101,71,115,198,88,101,142,43,188,193,180,106,181,128,204,162,99,157,138,21,234,34,233,149,33,86,177,48,119,145,207,206,62,231,145,75,150,25,170,191,120,176,134,190,172,179,187,216,250,157,157,224,181,167,109},{33,10,174,156,254,204,155,173,59,67,97,85,159,248,29,157,227,89,134,168}})do for _,v in ipairs(c)do t[#t+1]=v end end return t end)(),
(function()local t={}for _,c in ipairs({{144,61,235,217,178,121,18,233,26,41,106,252,79,253,117,65,160,108,169,232,152,186,103,128,165,19,29,66,114,200,31,116,100,32,81,164,177,229,244,44,60,147,209,44,55,143,73,178,94,237,32,182,107,99,79,187,45,78,153,199,123,42,116,107,152,8,113,30,250,44},{243,149,112,213,180,170,15,242,71,232,84,45,166,38,7,47,240,58,235,198}})do for _,v in ipairs(c)do t[#t+1]=v end end return t end)(),
(function()local t={}for _,c in ipairs({{223,154,184,162,178,137,137,237,125,128,98,222,227,152,179,6,30,186,190,140,211,108,84,22,28,199,239,43,146,140,241,84,141,2,143,67,44,120,221,190,165,28,69,221,17,140,204,239,252,192,46,10,241,192,21,245,135,211,157,10,114,70,3,141,45,196,81,183,86,19},{168,211,132,161,188,191,142,113,57,71,219,52,150,37,178,16,108,95,175,174}})do for _,v in ipairs(c)do t[#t+1]=v end end return t end)(),
(function()local t={}for _,c in ipairs({{191,4,140,217,1,165,186,83,19,81,49,74,76,86,129,186,255,131,132,226,248,240,215,124,211,75,42,60,24,201,239,213,81,214,150,175,89,31,140,60,105,196,102,61,217,240,92,37,140,223,166,173,44,169,25,53,232,95,123,230,62,96,217,197,82,173,253,235,190,50},{251,155,188,224,156,75,61,187,195,42,143,198,69,178,17,105,0,101,14,244}})do for _,v in ipairs(c)do t[#t+1]=v end end return t end)(),
(function()local t={}for _,c in ipairs({{39,195,186,190,170,3,153,80,233,152,67,173,26,160,103,172,96,11,122,158,197,33,177,215,16,151,171,201,178,20,199,187,237,65,14,232,8,114,25,8,217,158,44,102,241,92,150,0,252,231,75,141,68,72,156,166,66,73,91,217,24,103,242,170,195,238,132,244,131,175},{229,173,154,162,190,39,184,11,228,144,17,104,41,248,248,145,159,60,56,5}})do for _,v in ipairs(c)do t[#t+1]=v end end return t end)(),
(function()local t={}for _,c in ipairs({{109,240,167,205,87,134,93,247,205,12,235,54,221,131,34,27,131,109,72,62,94,214,101,119,62,145,95,154,87,67,102,33,231,66,243,250,226,237,216,56,183,139,243,150,36,85,32,201,64,107,14,125,104,82,163,159,163,100,245,89,70,4,78,132,135,65,158,75,172,231},{131,20,186,186,122,2,120,234,80,70,136,215,230,50,224,37,90,101,20,47}})do for _,v in ipairs(c)do t[#t+1]=v end end return t end)(),
(function()local t={}for _,c in ipairs({{184,196,116,138,103,231,97,186,162,1,156,16,106,229,132,56,78,70,8,199,184,106,167,218,186,40,154,97,79,105,248,25,109,158,47,177,41,87,22,104,223,222,4,121,191,150,83,106,246,26,231,79,65,98,79,210,226,21,115,35,79,114,120,90,241,12,51,240,219,195},{49,143,127,206,172,57,217,188,16,157,213,75,97,20,4,238,45,79,91,58}})do for _,v in ipairs(c)do t[#t+1]=v end end return t end)(),
(function()local t={}for _,c in ipairs({{248,140,108,45,28,25,18,132,40,140,202,152,92,248,25,74,19,170,106,113,193,189,111,160,157,246,68,170,59,170,42,193,2,155,2,242,119,46,222,9,156,237,148,153,89,30,66,136,76,136,112,44,44,133,90,228,132,157,106,103,147,171,187,4,116,96,76,39,185,243},{8,130,218,172,203,97,82,68,167,141,251,245,154,108,166,18,24,201,1,44}})do for _,v in ipairs(c)do t[#t+1]=v end end return t end)(),
(function()local t={}for _,c in ipairs({{86,4,50,169,186,147,58,34,97,160,92,127,160,226,189,250,151,108,154,221,162,151,38,85,100,218,22,32,36,153,43,18,33,202,164,70,106,163,130,96,53,131,17,210,160,154,82,109,73,230,242,104,126,22,102,223,201,121,236,111,19,77,77,223,186,132,207,29,94,246},{128,160,180,71,226,91,40,197,226,137,53,84,172,214,116,122,195,167,11,88}})do for _,v in ipairs(c)do t[#t+1]=v end end return t end)(),
(function()local t={}for _,c in ipairs({{38,205,6,117,185,21,164,189,24,16,140,126,109,117,88,38,113,35,139,198,98,155,29,158,162,6,70,245,56,249,87,12,236,76,251,43,249,57,35,13,84,121,251,18,28,81,240,130,120,140,38,194,151,46,121,70,141,82,4,114,139,207,228,184,214,201,130,169,238,134},{160,251,240,218,237,32,14,230,161,66,31,197,46,42,142,94,225,214,239,43}})do for _,v in ipairs(c)do t[#t+1]=v end end return t end)(),
(function()local t={}for _,c in ipairs({{191,135,229,0,49,50,4,248,212,208,152,44,27,0,162,159,211,219,239,71,221,211,38,205,214,174,178,241,169,106,143,28,123,241,38,193,101,172,47,59,66,145,208,243,69,89,127,245,229,141,79,5,44,124,114,124,213,179,146,57,109,48,49,19,21,198,180,211,188,0},{93,149,53,200,35,7,181,155,23,221,41,115,110,87,149,1,48,107,211,184}})do for _,v in ipairs(c)do t[#t+1]=v end end return t end)(),
(function()local t={}for _,c in ipairs({{118,3,232,79,200,151,129,215,38,68,0,142,135,186,218,240,209,96,163,156,245,248,43,84,201,27,222,147,71,75,110,15,249,240,201,101,208,66,40,62,182,189,53,31,186,162,67,122,140,41,174,230,7,111,13,118,164,224,169,175,180,54,61,125,221,211,139,20,77,174},{202,167,127,74,212,64,111,12,93,145,170,26,227,149,39,42,120,217,169,188}})do for _,v in ipairs(c)do t[#t+1]=v end end return t end)(),
(function()local t={}for _,c in ipairs({{139,227,46,36,119,192,235,210,87,249,88,125,162,57,121,183,39,90,86,78,140,157,140,178,87,47,60,139,185,139,248,70,157,244,121,212,151,225,65,127,164,30,75,240,193,134,76,139,171,152,195,113,93,15,149,44,229,171,20,24,220,186,7,233,177,3,91,43,244,86},{75,38,146,131,42,89,16,91,9,120,90,251,120,189,175,228,30,169,10,99}})do for _,v in ipairs(c)do t[#t+1]=v end end return t end)(),
(function()local t={}for _,c in ipairs({{121,52,150,42,77,41,113,61,219,170,176,65,93,185,126,199,135,226,31,94,193,125,233,207,24,152,182,183,184,95,170,224,109,82,100,156,17,15,64,166,187,201,6,184,105,170,5,217,242,152,4,160,148,219,231,26,217,94,60,199,114,97,33,8,73,178,114,26,47,110},{67,3,8,74,5,243,58,236,151,220,38,2,252,69,111,35,97,109,1,34}})do for _,v in ipairs(c)do t[#t+1]=v end end return t end)(),
(function()local t={}for _,c in ipairs({{23,11,200,192,30,23,185,57,133,179,223,149,222,224,110,70,249,118,159,48,254,237,198,177,83,224,225,255,77,76,136,197,241,81,13,138,246,177,156,1,72,221,91,65,94,110,183,175,104,125,165,193,66,226,252,63,132,177,149,50,248,209,22,31,251,98,187,183,145,57},{64,25,53,191,90,254,16,156,183,206,15,197,56,251,114,108,24,183,67,252}})do for _,v in ipairs(c)do t[#t+1]=v end end return t end)(),
(function()local t={}for _,c in ipairs({{217,87,89,237,235,194,194,195,204,217,37,102,65,44,83,240,87,121,247,106,85,4,230,175,247,234,129,153,105,45,16,72,181,139,161,241,162,52,56,162,224,229,75,38,220,254,171,141,169,190,213,145,150,29,163,199,184,116,91,51,2,55,54,1,233,45,254,199,211,158},{231,53,206,79,4,227,225,20,216,3,29,45,96,218,245,254,163,86,179,241}})do for _,v in ipairs(c)do t[#t+1]=v end end return t end)(),
(function()local t={}for _,c in ipairs({{166,11,246,44,35,234,49,145,88,173,232,82,215,204,233,181,141,189,93,93,140,55,107,91,55,97,109,100,134,99,102,75,231,247,121,163,235,58,87,97,36,36,174,250,173,93,237,196,158,50,58,223,137,139,9,60,36,83,39,218,59,253,167,198,207,199,245,218,0,206},{96,73,75,71,70,219,37,221,6,154,52,27,18,164,172,174,228,189,72,221}})do for _,v in ipairs(c)do t[#t+1]=v end end return t end)(),
(function()local t={}for _,c in ipairs({{115,200,186,202,98,149,119,3,177,59,188,158,254,100,155,113,194,19,59,208,115,47,202,191,137,240,41,210,224,1,36,31,28,3,100,28,132,3,144,1,127,189,235,177,221,143,52,93,89,206,20,174,142,170,101,74,208,18,120,98,223,20,166,82,112,27,130,153,250,128},{203,232,110,25,92,241,199,115,163,86,105,11,107,6,164,138,146,168,108,242}})do for _,v in ipairs(c)do t[#t+1]=v end end return t end)(),
(function()local t={}for _,c in ipairs({{250,172,46,183,253,14,74,243,117,125,214,118,99,130,51,78,128,105,205,89,210,217,171,207,66,219,247,126,152,88,79,153,189,74,44,16,92,223,253,188,112,226,162,49,117,75,1,2,176,142,161,126,183,233,7,64,97,250,19,3,161,103,97,76,199,88,240,211,186,229},{193,4,39,141,25,138,162,209,199,9,161,133,134,135,97,233,99,68,165,113}})do for _,v in ipairs(c)do t[#t+1]=v end end return t end)(),
(function()local t={}for _,c in ipairs({{127,154,83,87,217,239,82,105,36,181,213,175,229,218,81,101,59,227,239,58,127,224,162,121,16,16,195,108,202,49,63,40,212,203,241,86,225,247,79,103,142,8,224,134,160,6,38,71,236,39,24,146,147,168,239,161,77,82,57,26,206,160,204,174,37,34,149,79,238,235},{97,210,239,167,233,251,71,149,47,113,51,244,247,100,188,50,226,63,79,126}})do for _,v in ipairs(c)do t[#t+1]=v end end return t end)(),
(function()local t={}for _,c in ipairs({{46,12,74,221,209,131,55,200,213,93,56,72,0,216,107,214,74,61,200,75,235,216,119,63,91,220,249,201,198,180,148,255,106,47,14,67,37,50,230,160,109,65,201,11,67,185,0,55,250,32,68,35,200,188,42,243,4,147,88,187,90,16,14,133,30,242,216,65,146,113},{76,104,121,51,94,252,41,126,220,20,157,181,71,208,194,120,136,185,189,31}})do for _,v in ipairs(c)do t[#t+1]=v end end return t end)(),
(function()local t={}for _,c in ipairs({{109,39,67,252,204,238,101,149,49,44,61,2,11,185,52,60,208,30,193,83,123,27,234,82,128,6,95,13,39,178,208,211,31,64,179,178,162,70,186,165,67,57,50,221,36,233,112,171,0,50,153,187,218,138,172,113,20,42,222,47,184,141,163,210,12,181,219,4,17,144},{135,46,59,91,62,109,93,171,51,218,20,100,61,51,111,191,243,74,133,145}})do for _,v in ipairs(c)do t[#t+1]=v end end return t end)(),
(function()local t={}for _,c in ipairs({{132,21,170,65,49,36,25,74,136,12,36,85,219,106,158,170,152,75,126,137,163,248,9,232,180,143,87,205,228,203,90,146,124,95,220,28,28,10,119,121,39,90,143,213,151,191,160,15,84,68,117,97,54,35,123,110,24,27,61,45,255,124,223,164,140,151,52,160,92,248},{150,143,59,215,129,246,99,227,70,8,176,166,88,157,125,198,13,195,117,52}})do for _,v in ipairs(c)do t[#t+1]=v end end return t end)(),
(function()local t={}for _,c in ipairs({{160,252,17,234,85,193,12,103,199,123,214,242,163,79,13,245,205,24,179,239,236,40,62,91,247,214,241,243,116,196,1,245,172,115,70,253,65,249,136,64,39,111,111,198,162,244,78,172,92,121,218,40,111,106,92,113,75,55,85,103,129,213,235,223,250,241,42,29,147,96},{83,84,201,30,67,27,52,110,115,216,151,148,17,155,89,86,10,161,235,232}})do for _,v in ipairs(c)do t[#t+1]=v end end return t end)(),
(function()local t={}for _,c in ipairs({{111,254,141,114,240,54,229,9,131,11,8,91,11,108,109,124,215,78,165,132,71,181,12,7,113,201,34,20,45,13,184,146,65,241,236,144,152,58,183,50,178,82,175,218,132,60,233,227,17,63,5,142,199,242,212,148,25,245,186,88,111,135,49,113,24,25,11,30,161,174},{14,97,71,102,40,26,40,122,239,0,60,7,45,174,83,152,116,23,12,77}})do for _,v in ipairs(c)do t[#t+1]=v end end return t end)(),
(function()local t={}for _,c in ipairs({{97,249,191,70,133,200,79,166,25,196,197,214,186,111,26,60,202,24,224,96,20,21,30,199,183,14,37,83,44,252,6,9,191,1,253,28,169,108,24,247,37,30,146,193,136,214,221,131,196,221,165,246,151,178,122,65,148,185,146,15,248,193,125,118,56,218,36,218,140,64},{63,159,173,105,141,87,213,0,101,156,211,174,16,8,60,57,166,50,21,127}})do for _,v in ipairs(c)do t[#t+1]=v end end return t end)(),
(function()local t={}for _,c in ipairs({{10,69,228,243,127,90,193,3,191,226,134,85,68,48,127,48,206,94,244,71,43,208,127,70,68,185,99,85,126,180,209,171,200,172,102,101,65,20,177,193,125,253,197,61,53,82,138,130,232,115,15,190,98,5,180,132,159,218,159,201,186,117,30,196,220,74,142,202,121,177},{120,167,230,128,51,96,81,165,2,60,204,156,87,91,204,134,96,158,165,106}})do for _,v in ipairs(c)do t[#t+1]=v end end return t end)(),
(function()local t={}for _,c in ipairs({{222,143,51,30,184,34,64,82,210,5,101,74,95,13,14,84,138,113,25,154,58,211,164,85,39,29,220,108,217,101,64,108,78,170,83,13,185,85,107,141,106,243,137,170,18,113,75,90,39,174,94,196,199,117,40,79,200,82,150,25,18,182,31,92,8,233,96,184,209,5},{109,71,184,46,218,62,33,19,92,199,207,67,184,20,71,27,5,86,124,235}})do for _,v in ipairs(c)do t[#t+1]=v end end return t end)(),
(function()local t={}for _,c in ipairs({{77,161,233,35,115,27,58,252,129,195,105,194,104,100,115,94,193,173,137,217,165,56,106,91,205,1,149,91,177,98,175,225,135,167,56,103,26,148,45,102,43,35,118,171,210,106,10,120,90,105,91,227,1,31,58,110,84,176,219,140,203,180,75,191,220,136,89,175,10,14},{178,211,164,144,144,120,61,22,185,121,92,227,103,148,64,250,250,51,1,196}})do for _,v in ipairs(c)do t[#t+1]=v end end return t end)(),
(function()local t={}for _,c in ipairs({{184,130,116,60,59,46,96,58,239,136,180,121,11,155,238,122,110,70,154,145,49,199,45,80,120,244,228,29,106,27,23,16,70,186,205,202,149,69,232,63,235,147,220,210,253,101,223,187,32,115,199,7,153,50,252,150,206,213,236,189,159,248,150,80,245,220,36,191,12,18},{159,243,247,232,60,231,203,88,198,5,164,161,159,75,149,41,225,102,156,110}})do for _,v in ipairs(c)do t[#t+1]=v end end return t end)(),
(function()local t={}for _,c in ipairs({{16,165,123,175,155,254,248,181,164,66,160,56,112,126,192,87,44,173,69,134,197,244,33,2,174,99,150,231,175,58,92,102,133,224,115,7,144,236,91,226,203,11,114,80,106,4,94,38,10,156,133,56,167,5,223,29,178,42,212,88,174,242,231,250,125,193,210,186,162,108},{47,15,67,67,232,166,209,244,229,205,42,133,220,150,101,122,141,107,96,53}})do for _,v in ipairs(c)do t[#t+1]=v end end return t end)(),
(function()local t={}for _,c in ipairs({{116,211,99,11,16,197,0,33,246,226,111,86,109,69,28,176,66,225,10,160,124,183,165,8,132,51,190,115,132,252,210,153,245,67,90,105,223,121,200,68,195,221,174,196,152,171,164,203,162,18,20,42,61,68,71,131,71,74,34,73,245,168,36,108,1,244,23,140,200,172},{200,77,221,171,85,200,61,179,160,180,35,126,105,62,146,187,166,69,141,205}})do for _,v in ipairs(c)do t[#t+1]=v end end return t end)(),
(function()local t={}for _,c in ipairs({{131,199,136,10,189,131,172,242,171,16,184,242,119,100,97,53,55,252,104,84,163,28,162,156,241,164,250,23,43,163,193,160,160,50,153,78,197,18,234,217,41,121,0,223,64,151,132,142,230,145,159,89,93,187,12,141,181,75,65,63,40,82,5,193,55,211,208,58,163,159},{232,212,9,170,50,24,117,134,108,247,98,251,244,110,119,254,7,28,128,16}})do for _,v in ipairs(c)do t[#t+1]=v end end return t end)(),
(function()local t={}for _,c in ipairs({{58,61,95,241,137,229,228,30,59,95,228,59,122,53,98,205,173,148,72,119,251,122,192,80,228,23,130,0,29,153,163,110,82,31,242,116,86,131,173,27,191,216,147,178,9,47,199,11,42,150,67,21,24,6,95,80,135,110,87,182,217,241,143,254,228,203,84,181,107,132},{46,107,10,117,48,119,13,249,37,81,31,215,22,111,20,13,232,24,220,94}})do for _,v in ipairs(c)do t[#t+1]=v end end return t end)(),
(function()local t={}for _,c in ipairs({{135,50,165,78,177,237,22,42,130,154,103,73,237,142,143,102,217,157,240,105,74,0,240,165,205,252,67,70,50,78,255,159,117,233,100,249,144,246,61,101,35,193,170,67,104,196,92,164,239,74,243,161,38,235,198,213,150,149,251,38,15,17,67,240,108,96,135,247,181,51},{234,130,19,204,55,254,127,90,68,19,72,12,43,158,151,172,189,145,105,79}})do for _,v in ipairs(c)do t[#t+1]=v end end return t end)(),
(function()local t={}for _,c in ipairs({{98,193,141,173,48,252,31,110,142,93,143,218,233,18,164,92,76,202,47,234,22,237,91,230,220,133,60,220,196,32,68,63,170,80,201,91,48,250,82,242,85,203,234,102,193,58,199,110,133,113,229,19,43,45,154,20,73,198,206,214,158,248,254,139,106,99,16,127,178,240},{42,150,182,89,224,47,249,98,229,17,211,100,122,252,112,163,124,206,161,155}})do for _,v in ipairs(c)do t[#t+1]=v end end return t end)(),
(function()local t={}for _,c in ipairs({{215,70,175,208,38,245,93,121,93,75,170,125,57,82,167,233,122,218,125,20,223,67,124,69,169,22,230,64,91,235,204,233,62,96,126,205,9,234,73,19,203,136,195,190,33,173,40,82,214,176,227,157,227,88,239,243,36,160,157,220,168,233,200,109,214,31,247,178,133,225},{131,70,198,154,181,97,144,29,69,55,189,76,239,33,138,125,152,86,194,185}})do for _,v in ipairs(c)do t[#t+1]=v end end return t end)(),
(function()local t={}for _,c in ipairs({{94,15,106,139,56,65,133,167,2,224,116,178,234,139,226,88,184,74,146,155,6,81,223,49,21,71,225,143,164,123,243,245,53,183,196,21,23,59,145,75,218,71,192,34,155,36,111,133,14,136,182,108,189,64,91,98,166,96,222,119,158,252,178,101,219,21,69,135,179,16},{250,48,76,163,188,161,224,32,241,6,70,23,198,208,15,55,206,37,248,212}})do for _,v in ipairs(c)do t[#t+1]=v end end return t end)(),
(function()local t={}for _,c in ipairs({{233,23,103,215,136,190,129,144,76,231,82,10,185,39,137,159,253,160,155,184,209,141,186,67,200,151,107,215,191,39,6,30,55,112,109,210,164,8,205,40,94,217,117,94,109,68,232,50,24,46,112,61,239,175,180,64,253,44,0,143,24,159,30,189,146,24,190,151,37,173},{42,69,222,100,25,38,199,102,139,71,181,132,84,102,139,100,245,35,108,169}})do for _,v in ipairs(c)do t[#t+1]=v end end return t end)(),
(function()local t={}for _,c in ipairs({{100,48,219,122,251,163,76,130,26,44,58,146,233,32,55,24,153,80,231,70,116,106,25,19,201,129,148,125,22,112,183,13,178,205,170,143,208,125,220,55,31,93,57,57,37,134,58,44,168,167,106,2,226,17,188,134,171,252,207,154,138,50,85,85,119,65,99,73,240,194},{17,98,7,72,17,33,18,3,41,86,109,24,85,177,84,83,82,13,65,70}})do for _,v in ipairs(c)do t[#t+1]=v end end return t end)(),
(function()local t={}for _,c in ipairs({{238,61,119,113,108,107,133,187,26,92,168,1,234,190,55,130,114,116,43,219,145,203,59,82,45,132,138,159,3,248,56,220,236,217,253,126,11,78,130,204,144,104,137,75,21,71,105,182,182,157,28,80,101,160,198,49,143,105,20,23,179,242,206,107,6,9,31,245,84,39},{236,185,169,92,212,253,200,2,159,162,179,240,229,89,138,117,222,23,220,205}})do for _,v in ipairs(c)do t[#t+1]=v end end return t end)(),
(function()local t={}for _,c in ipairs({{249,210,120,4,175,79,139,77,109,158,143,120,103,222,36,154,28,35,14,56,124,180,142,231,153,111,190,4,200,178,33,205,23,102,184,121,81,84,71,19,52,9,69,60,69,72,239,39,131,90,111,173,24,239,120,36,110,0,211,162,43,37,149,177,146,9,87,15,134,201},{149,124,142,193,243,167,52,23,93,108,26,69,221,55,150,172,31,208,19,210}})do for _,v in ipairs(c)do t[#t+1]=v end end return t end)(),
(function()local t={}for _,c in ipairs({{43,57,152,2,40,65,97,85,24,205,218,111,139,22,59,236,105,171,161,39,114,61,70,111,1,97,138,232,211,32,21,126,102,121,209,141,97,214,2,167,97,108,44,131,165,80,223,133,60,221,222,85,194,225,110,52,237,57,232,83,6,43,53,40,216,93,189,139,108,122},{3,41,27,28,248,198,159,23,141,18,94,248,249,98,135,71,190,12,91,16}})do for _,v in ipairs(c)do t[#t+1]=v end end return t end)(),
(function()local t={}for _,c in ipairs({{155,111,52,114,22,101,206,187,135,15,48,100,147,213,190,81,25,60,214,60,203,97,160,214,77,197,177,120,239,23,17,169,98,84,129,34,166,14,234,75,59,235,18,56,157,68,169,192,243,25,163,180,188,144,85,48,148,209,195,32,209,45,25,210,39,44,158,241,91,177},{139,205,224,72,112,166,232,141,164,15,66,26,56,194,6,80,64,129,56,237}})do for _,v in ipairs(c)do t[#t+1]=v end end return t end)(),
(function()local t={}for _,c in ipairs({{168,111,87,225,180,144,196,242,192,28,186,135,114,70,31,62,127,135,243,44,240,5,14,104,41,14,9,174,223,157,184,72,28,240,232,106,147,181,187,14,247,225,196,88,19,133,204,13,83,19,51,105,5,96,175,141,121,87,147,239,129,160,144,88,43,195,66,194,104,42},{60,65,152,110,109,76,155,89,42,251,70,125,77,145,50,30,200,58,167,108}})do for _,v in ipairs(c)do t[#t+1]=v end end return t end)(),
(function()local t={}for _,c in ipairs({{199,13,85,4,29,101,39,72,188,133,249,48,196,188,212,190,203,42,76,122,225,52,146,194,44,142,155,166,240,70,233,33,187,43,189,0,57,238,88,239,244,123,51,79,20,77,129,22,67,68,69,209,149,163,160,220,21,78,4,59,228,186,138,14,178,30,69,162,23,154},{80,37,145,169,87,128,124,63,9,229,79,32,112,255,173,91,131,251,200,239}})do for _,v in ipairs(c)do t[#t+1]=v end end return t end)(),
(function()local t={}for _,c in ipairs({{183,131,28,124,144,142,39,141,129,108,165,199,56,40,27,184,246,85,201,219,51,184,15,1,97,38,177,194,177,248,157,10,106,56,52,124,31,220,78,37,47,9,156,82,140,98,11,138,12,214,151,39,75,30,105,142,58,153,192,147,255,209,23,99,125,217,210,119,1,238},{124,235,254,114,56,20,1,77,101,208,214,5,51,54,85,153,238,123,19,186}})do for _,v in ipairs(c)do t[#t+1]=v end end return t end)(),
(function()local t={}for _,c in ipairs({{244,251,71,121,199,192,89,97,18,158,229,136,9,133,88,129,146,184,28,46,235,166,98,129,112,135,43,237,100,208,202,158,217,49,34,201,187,163,110,192,72,0,153,86,244,194,200,26,166,106,12,16,80,38,109,185,206,252,99,252,97,141,72,118,11,227,129,203,157,166},{174,97,134,60,148,250,190,57,148,61,206,78,171,131,203,4,146,48,214,124}})do for _,v in ipairs(c)do t[#t+1]=v end end return t end)(),
(function()local t={}for _,c in ipairs({{78,84,174,154,12,162,154,30,126,152,204,86,211,169,61,106,82,76,116,161,5,118,64,4,33,244,205,180,29,231,87,141,254,107,86,204,102,125,152,110,242,121,166,191,136,193,178,192,46,235,196,87,73,184,55,179,2,22,88,201,217,213,42,245,191,173,166,59,71,70},{167,89,251,225,100,67,169,189,227,73,223,222,155,15,36,127,5,4,129,237}})do for _,v in ipairs(c)do t[#t+1]=v end end return t end)(),
(function()local t={}for _,c in ipairs({{117,251,187,13,175,160,86,232,183,1,6,245,21,21,250,52,126,208,200,111,166,124,19,228,205,18,219,108,73,239,133,231,209,148,139,44,229,152,116,211,195,148,11,107,201,112,250,150,32,149,158,244,71,64,38,43,113,81,138,241,118,248,196,252,223,129,254,86,189,148},{2,154,218,181,215,141,139,37,166,98,26,224,80,71,228,181,239,107,15,247}})do for _,v in ipairs(c)do t[#t+1]=v end end return t end)(),
(function()local t={}for _,c in ipairs({{249,157,59,148,99,79,231,35,226,107,4,0,154,27,210,13,6,39,81,18,30,215,11,199,88,21,99,214,192,193,76,80,90,228,51,44,216,63,244,91,120,83,188,165,221,36,216,80,201,37,52,192,114,1,3,167,116,188,37,246,242,204,13,34,213,100,108,78,143,88},{93,218,33,55,38,189,177,166,55,124,15,149,205,170,71,197,6,255,144,51}})do for _,v in ipairs(c)do t[#t+1]=v end end return t end)(),
(function()local t={}for _,c in ipairs({{249,148,141,151,98,18,62,217,184,61,204,74,108,254,49,96,123,214,253,237,93,104,53,136,139,44,81,221,193,120,202,149,43,46,255,75,146,209,185,231,25,63,171,170,253,193,221,249,32,155,107,73,244,75,15,114,79,201,195,120,145,134,160,34,78,239,252,35,207,14},{190,113,161,168,122,108,238,47,95,50,60,247,172,130,137,113,67,18,184,61}})do for _,v in ipairs(c)do t[#t+1]=v end end return t end)(),
(function()local t={}for _,c in ipairs({{240,13,82,165,95,47,56,102,73,153,24,172,108,50,208,138,115,183,184,145,160,66,226,190,162,18,184,9,240,234,74,90,26,136,179,115,211,64,32,63,83,122,15,66,8,251,124,80,193,229,210,13,73,106,0,198,121,166,10,126,214,38,130,187,162,93,103,28,90,17},{127,26,79,20,62,84,157,147,38,212,119,98,60,59,127,96,119,251,196,95}})do for _,v in ipairs(c)do t[#t+1]=v end end return t end)(),
(function()local t={}for _,c in ipairs({{38,20,217,44,253,127,201,197,214,88,56,15,113,120,89,204,227,220,14,82,88,78,32,175,84,128,71,118,18,156,215,240,238,134,184,205,47,41,21,192,87,225,17,153,184,25,107,222,7,214,203,109,182,94,8,125,96,52,190,232,191,68,113,87,87,207,208,13,224,42},{16,53,56,2,27,135,201,45,18,37,242,140,143,177,234,31,58,47,14,83}})do for _,v in ipairs(c)do t[#t+1]=v end end return t end)(),
(function()local t={}for _,c in ipairs({{27,165,46,50,90,42,236,42,186,33,142,22,227,114,201,31,74,9,137,66,226,68,210,102,44,88,91,230,37,40,218,216,3,9,255,210,44,16,84,161,157,49,44,47,172,44,109,197,192,31,176,131,202,91,50,13,255,252,162,217,205,137,81,165,41,140,143,237,76,214},{192,141,228,229,154,227,71,174,77,166,200,8,227,66,220,126,45,228,86,91}})do for _,v in ipairs(c)do t[#t+1]=v end end return t end)(),
(function()local t={}for _,c in ipairs({{196,124,85,93,25,62,6,252,237,68,142,32,42,51,21,144,111,161,191,117,1,204,65,140,245,202,158,5,25,213,213,68,234,202,204,109,249,161,91,67,134,144,56,82,112,135,154,136,62,49,136,95,232,9,58,205,124,88,36,75,203,54,110,133,73,77,3,128,97,25},{243,168,162,63,69,122,144,163,56,29,227,47,185,85,18,59,74,24,245,233}})do for _,v in ipairs(c)do t[#t+1]=v end end return t end)(),
(function()local t={}for _,c in ipairs({{235,167,80,87,158,230,177,34,29,85,184,15,184,11,135,85,94,146,16,244,163,84,81,61,72,195,246,82,220,6,2,17,175,53,133,78,139,216,36,34,237,82,38,56,230,69,245,57,87,5,182,126,241,223,40,118,100,103,217,88,17,255,7,122,253,163,58,30,184,129},{184,53,159,133,107,16,167,57,139,33,55,113,79,188,94,18,116,137,171,244}})do for _,v in ipairs(c)do t[#t+1]=v end end return t end)(),
(function()local t={}for _,c in ipairs({{151,221,61,232,178,207,126,188,194,28,148,47,79,61,45,239,87,135,135,98,110,170,203,140,194,237,219,93,42,33,48,66,189,226,205,191,74,19,139,50,45,190,60,214,74,197,154,205,146,159,123,229,91,27,18,109,175,179,139,21,29,61,159,39,120,150,254,203,254,166},{37,166,0,50,58,223,215,105,143,224,237,170,178,42,210,246,103,24,72,55}})do for _,v in ipairs(c)do t[#t+1]=v end end return t end)(),
(function()local t={}for _,c in ipairs({{40,8,140,151,154,111,7,93,227,234,135,51,195,206,253,91,226,16,23,113,120,219,103,159,170,102,183,180,80,159,80,81,64,183,14,183,190,116,13,104,187,161,230,203,223,103,157,52,180,150,45,83,179,97,40,173,112,196,72,249,136,166,71,194,6,157,16,131,123,252},{9,154,204,249,170,250,85,129,103,199,95,52,8,215,206,203,209,174,90,169}})do for _,v in ipairs(c)do t[#t+1]=v end end return t end)(),
(function()local t={}for _,c in ipairs({{204,177,42,66,222,45,194,27,222,185,224,153,94,173,21,173,115,225,210,70,214,32,58,33,244,6,255,247,195,108,188,5,76,94,212,142,182,170,126,35,110,141,105,150,97,252,153,115,181,122,178,94,173,136,76,191,112,14,73,179,204,126,44,175,121,14,81,41,169,140},{229,157,147,85,137,248,135,234,237,64,253,213,81,66,154,2,25,0,112,177}})do for _,v in ipairs(c)do t[#t+1]=v end end return t end)(),
(function()local t={}for _,c in ipairs({{32,7,189,159,0,242,166,213,56,249,58,129,2,18,121,176,77,13,174,168,183,247,49,139,100,226,50,105,179,152,139,45,228,148,150,119,251,126,146,196,36,126,253,249,124,254,159,178,15,115,29,90,39,195,78,243,246,213,175,57,32,147,111,90,52,105,222,180,127,38},{192,45,64,226,117,171,216,255,243,88,207,219,151,181,132,81,21,103,235,11}})do for _,v in ipairs(c)do t[#t+1]=v end end return t end)(),
(function()local t={}for _,c in ipairs({{52,244,186,71,240,115,40,48,110,18,27,147,138,146,246,146,40,79,96,237,28,10,155,118,184,169,31,84,127,174,5,26,10,37,0,84,99,47,4,135,82,131,165,72,179,131,192,215,220,156,255,204,55,7,223,73,137,150,191,163,158,208,84,155,122,183,129,127,250,77},{155,70,184,163,182,161,101,87,17,190,94,16,122,115,213,201,177,130,201,185}})do for _,v in ipairs(c)do t[#t+1]=v end end return t end)(),
(function()local t={}for _,c in ipairs({{171,106,226,37,175,183,248,108,238,178,113,234,13,162,254,157,224,211,19,31,78,196,84,135,103,195,178,110,14,164,232,15,115,28,109,121,250,58,202,75,2,230,73,30,158,225,0,237,137,167,120,77,105,138,75,250,34,111,142,16,139,72,107,116,139,240,29,179,117,245},{241,113,215,85,245,27,229,141,233,52,238,199,225,72,103,40,6,242,54,17}})do for _,v in ipairs(c)do t[#t+1]=v end end return t end)(),
(function()local t={}for _,c in ipairs({{54,188,206,0,5,137,175,188,170,204,141,220,52,201,202,84,135,208,92,20,148,114,217,118,250,63,245,68,181,91,17,114,240,35,123,84,65,45,236,122,53,4,53,6,249,108,157,29,97,55,152,107,192,84,183,52,80,81,85,128,54,231,71,165,151,232,90,184,121,179},{26,111,67,163,8,236,202,93,118,224,96,95,177,84,115,30,19,75,101,121}})do for _,v in ipairs(c)do t[#t+1]=v end end return t end)(),
(function()local t={}for _,c in ipairs({{89,171,174,195,255,183,181,204,219,246,114,31,190,135,35,171,123,195,37,173,21,179,34,134,189,107,76,127,13,87,58,17,141,68,5,126,40,239,130,58,131,94,142,204,161,127,113,119,37,252,52,188,107,215,174,200,255,50,17,120,97,51,129,14,70,71,34,215,190,165},{181,60,202,195,76,205,167,164,189,205,162,40,178,68,139,179,79,255,10,24}})do for _,v in ipairs(c)do t[#t+1]=v end end return t end)(),
(function()local t={}for _,c in ipairs({{159,63,234,157,87,150,1,188,210,59,99,77,88,54,40,253,57,250,151,241,204,140,67,85,107,58,214,203,206,45,1,30,33,176,234,209,12,57,55,26,31,185,28,2,188,28,174,15,169,41,25,59,88,182,64,44,19,102,159,132,63,165,242,28,48,2,30,97,223,197},{6,215,145,40,142,169,11,36,111,116,25,128,22,46,51,155,137,115,126,96}})do for _,v in ipairs(c)do t[#t+1]=v end end return t end)(),
(function()local t={}for _,c in ipairs({{181,255,14,244,99,194,84,233,111,230,161,128,129,248,152,97,148,52,28,161,128,113,58,198,12,171,36,42,226,23,237,189,219,250,22,211,200,82,114,254,52,4,235,66,93,231,221,221,57,91,235,203,181,194,195,237,243,242,8,206,115,225,126,195,67,213,38,110,13,66},{34,158,109,204,87,92,156,138,36,216,96,88,187,26,72,64,45,99,115,78}})do for _,v in ipairs(c)do t[#t+1]=v end end return t end)(),
(function()local t={}for _,c in ipairs({{193,105,101,124,101,252,95,111,232,26,212,87,27,0,20,65,113,179,4,162,62,196,189,251,226,144,47,100,224,89,159,33,38,250,153,139,96,47,151,72,130,10,251,250,247,1,207,79,226,245,101,184,109,249,224,188,49,48,2,29,199,146,139,127,56,170,145,224,233,171},{54,29,232,200,242,93,124,85,153,73,164,115,131,62,125,158,87,253,21,5}})do for _,v in ipairs(c)do t[#t+1]=v end end return t end)(),
(function()local t={}for _,c in ipairs({{2,203,248,224,127,106,34,29,44,142,225,6,219,146,19,116,95,48,26,154,48,240,235,237,234,79,214,125,94,208,179,110,250,235,30,167,105,3,124,91,13,92,75,222,137,118,229,45,192,222,62,139,18,223,188,21,2,106,108,84,155,213,122,24,228,199,81,74,25,95},{40,94,241,204,248,101,71,181,153,68,202,141,31,166,114,152,233,72,38,253}})do for _,v in ipairs(c)do t[#t+1]=v end end return t end)(),
(function()local t={}for _,c in ipairs({{93,7,221,114,69,96,74,200,123,94,157,149,124,158,223,105,217,236,210,181,63,215,170,126,214,246,30,198,5,121,253,164,166,91,252,126,161,212,214,213,5,230,106,156,60,67,20,59,0,163,31,44,118,209,178,117,185,143,142,194,63,44,183,138,238,125,179,215,32,19},{80,209,20,202,211,103,13,0,82,159,128,235,177,80,171,214,47,129,21,6}})do for _,v in ipairs(c)do t[#t+1]=v end end return t end)(),
(function()local t={}for _,c in ipairs({{146,250,5,47,135,24,217,44,43,205,139,33,215,39,98,81,0,78,146,40,104,102,41,102,143,22,240,205,250,156,208,184,53,206,141,146,88,191,213,195,139,85,67,190,251,68,245,2,11,106,72,190,255,112,115,87,179,88,58,168,49,7,80,222,58,167,175,241,125,212},{208,107,209,106,160,133,181,144,13,236,185,96,247,230,192,74,134,119,134,190}})do for _,v in ipairs(c)do t[#t+1]=v end end return t end)(),
(function()local t={}for _,c in ipairs({{247,75,216,220,11,167,89,53,43,211,106,93,170,41,139,14,68,251,62,192,127,100,11,170,142,176,16,24,78,226,20,85,189,163,144,213,221,196,217,168,58,180,12,10,227,166,126,35,63,25,123,120,82,202,87,180,225,41,168,111,253,233,154,59,94,61,142,4,128,227},{107,235,57,118,32,102,116,214,22,190,160,221,97,190,235,149,149,232,69,216}})do for _,v in ipairs(c)do t[#t+1]=v end end return t end)(),
(function()local t={}for _,c in ipairs({{175,99,43,172,254,182,240,152,207,79,182,98,54,177,58,241,215,120,69,90,134,147,16,36,24,6,89,182,205,10,88,155,173,140,114,166,19,181,54,84,12,37,180,46,120,174,144,233,27,190,254,69,123,253,87,55,143,130,115,253,57,207,207,232,104,115,253,35,225,117},{58,20,64,18,95,228,243,76,80,186,182,240,52,56,28,27,24,250,131,154}})do for _,v in ipairs(c)do t[#t+1]=v end end return t end)(),
(function()local t={}for _,c in ipairs({{79,28,181,7,18,172,130,173,158,78,211,0,182,198,114,60,22,87,20,46,126,110,250,213,83,71,178,232,236,47,207,254,219,90,17,196,174,45,234,48,37,200,51,129,47,22,228,104,46,17,97,233,198,95,236,137,90,205,213,104,66,205,79,191,195,129,58,139,228,142},{183,202,11,115,179,132,240,191,26,227,122,120,182,142,124,127,192,181,215,227}})do for _,v in ipairs(c)do t[#t+1]=v end end return t end)(),
(function()local t={}for _,c in ipairs({{19,45,21,164,160,142,157,147,14,252,104,118,12,186,118,29,163,133,127,227,34,139,101,34,172,86,137,88,129,53,156,98,184,170,102,140,226,217,16,164,54,214,196,13,4,174,133,225,244,182,61,104,71,72,116,108,137,148,51,20,135,28,104,44,236,245,66,47,76,58},{88,162,156,132,102,237,152,226,78,246,27,24,252,130,162,43,39,144,12,73}})do for _,v in ipairs(c)do t[#t+1]=v end end return t end)(),
(function()local t={}for _,c in ipairs({{152,55,132,221,46,164,182,154,92,227,71,58,158,95,251,129,106,200,190,106,175,247,228,193,163,14,33,225,168,93,167,129,133,87,201,155,169,145,22,173,60,85,118,54,90,135,255,128,248,183,240,46,159,69,46,183,5,212,12,16,65,193,159,160,16,128,139,124,6,195},{3,51,145,185,34,136,253,27,147,240,137,227,138,125,239,10,238,58,15,210}})do for _,v in ipairs(c)do t[#t+1]=v end end return t end)(),
(function()local t={}for _,c in ipairs({{140,43,146,117,229,46,69,134,127,244,108,46,199,211,160,59,197,118,232,150,174,69,170,78,220,223,13,42,66,18,61,23,10,50,68,95,43,234,205,17,11,65,163,110,97,6,128,171,126,65,69,16,90,22,141,135,219,116,60,133,14,34,223,168,242,250,132,225,24,23},{251,0,53,25,43,142,162,83,209,18,191,45,87,173,44,127,254,190,140,131}})do for _,v in ipairs(c)do t[#t+1]=v end end return t end)(),
(function()local t={}for _,c in ipairs({{154,152,219,2,206,219,108,95,115,253,173,104,237,134,59,198,106,46,16,45,9,9,79,145,125,185,19,120,12,116,164,155,8,30,37,218,41,94,29,14,171,95,192,188,191,184,114,69,154,40,75,197,22,102,22,255,248,133,194,114,90,78,165,111,93,146,180,229,109,49},{15,141,11,213,148,27,204,253,105,114,210,75,198,143,115,35,10,245,138,200}})do for _,v in ipairs(c)do t[#t+1]=v end end return t end)(),
(function()local t={}for _,c in ipairs({{193,229,161,187,205,171,187,121,44,40,146,194,217,92,214,161,212,4,94,225,125,167,218,21,164,242,22,66,168,146,228,210,111,160,104,161,108,83,67,73,29,227,189,191,165,101,108,86,61,154,201,194,225,82,49,135,89,169,9,2,70,49,182,208,83,230,91,177,218,133},{248,104,128,192,173,201,238,188,10,125,11,56,9,156,81,101,158,244,203,97}})do for _,v in ipairs(c)do t[#t+1]=v end end return t end)(),
(function()local t={}for _,c in ipairs({{43,157,182,143,43,250,234,162,211,207,89,182,117,116,1,201,201,176,187,196,22,6,204,173,3,76,228,45,47,158,79,99,9,241,70,254,112,96,235,159,237,141,183,68,236,237,80,100,4,113,188,105,75,247,108,81,19,88,96,25,74,32,175,198,20,221,33,116,212,111},{61,25,1,174,244,13,88,99,135,250,77,158,231,191,87,178,187,136,186,133}})do for _,v in ipairs(c)do t[#t+1]=v end end return t end)(),
(function()local t={}for _,c in ipairs({{81,68,224,114,179,126,241,56,153,19,72,40,221,239,110,177,2,11,95,129,74,251,228,70,87,58,204,64,89,95,34,38,25,70,15,176,67,240,202,133,109,97,62,197,162,145,84,205,183,7,119,56,194,45,77,69,223,43,36,131,151,211,53,68,213,234,5,15,201,52},{186,52,191,240,248,195,213,34,114,153,8,95,196,133,200,200,43,214,18,15}})do for _,v in ipairs(c)do t[#t+1]=v end end return t end)(),
(function()local t={}for _,c in ipairs({{72,49,207,41,194,220,90,196,109,203,218,92,98,85,150,81,213,87,71,88,152,224,163,54,181,3,154,181,157,144,14,139,198,50,189,212,2,154,202,48,42,156,210,49,56,4,18,82,142,167,126,91,253,155,46,76,18,234,208,204,127,67,221,121,12,229,185,228,203,111},{88,63,162,33,97,24,109,240,12,162,152,11,107,65,152,171,144,66,60,73}})do for _,v in ipairs(c)do t[#t+1]=v end end return t end)(),
(function()local t={}for _,c in ipairs({{190,162,24,230,194,123,40,171,85,51,123,177,39,195,31,210,42,172,56,84,160,42,221,143,234,82,165,104,37,53,32,82,22,127,122,85,181,0,139,140,139,180,105,63,79,155,145,239,181,73,207,161,236,226,63,43,81,133,231,36,137,61,158,206,106,188,215,210,51,137},{9,65,125,99,211,1,161,180,23,31,180,197,209,2,144,98,159,113,4,246}})do for _,v in ipairs(c)do t[#t+1]=v end end return t end)(),
(function()local t={}for _,c in ipairs({{169,217,244,172,136,235,64,146,0,171,205,43,91,146,43,58,250,210,4,38,82,13,194,44,140,204,239,115,236,59,91,107,99,154,122,150,219,204,212,200,10,54,184,95,15,226,148,48,84,99,6,196,165,80,227,93,219,107,178,40,177,45,120,10,253,33,22,131,224,113},{77,237,230,97,81,84,149,6,27,127,254,67,160,149,102,103,229,205,207,113}})do for _,v in ipairs(c)do t[#t+1]=v end end return t end)(),
(function()local t={}for _,c in ipairs({{23,179,73,15,37,21,26,90,222,95,64,207,35,131,212,65,112,208,244,209,104,166,106,131,55,72,34,48,215,206,204,132,220,107,135,112,137,92,174,181,196,137,131,45,6,99,43,213,157,102,174,108,87,138,146,70,199,17,43,193,168,233,175,113,130,8,137,124,23,214},{40,37,152,37,80,112,142,47,49,24,246,176,67,162,229,60,3,219,182,189}})do for _,v in ipairs(c)do t[#t+1]=v end end return t end)(),
(function()local t={}for _,c in ipairs({{69,4,84,124,222,106,149,99,31,6,243,11,203,73,73,255,99,10,194,21,209,103,253,79,101,201,108,127,95,89,129,43,102,174,246,1,170,238,193,141,65,18,200,111,50,46,85,143,176,2,20,203,255,22,214,124,188,70,36,184,184,46,119,97,59,109,62,182,245,100},{57,127,107,186,156,114,249,114,244,112,126,149,114,105,52,7,168,40,73,66}})do for _,v in ipairs(c)do t[#t+1]=v end end return t end)(),
(function()local t={}for _,c in ipairs({{148,135,52,179,36,111,133,72,164,230,127,244,25,37,182,190,54,222,56,151,22,102,68,169,124,150,247,31,99,57,52,188,33,56,93,112,55,53,134,14,204,5,1,233,168,242,202,38,42,7,181,155,74,163,29,217,234,75,185,215,14,163,25,47,213,199,33,33,135,166},{175,140,106,145,225,220,187,161,23,121,44,133,193,68,123,44,171,242,71,243}})do for _,v in ipairs(c)do t[#t+1]=v end end return t end)(),
(function()local t={}for _,c in ipairs({{157,224,150,5,168,155,38,247,244,31,243,167,52,133,194,9,20,234,178,83,253,145,244,70,143,137,181,107,48,135,209,153,189,207,223,156,35,162,166,176,161,39,9,223,181,251,214,71,94,240,63,217,101,205,91,7,242,152,176,91,202,1,151,179,224,0,227,37,210,236},{46,218,28,254,68,170,194,246,24,176,208,52,165,150,252,151,205,29,84,63}})do for _,v in ipairs(c)do t[#t+1]=v end end return t end)(),
(function()local t={}for _,c in ipairs({{131,10,69,221,191,20,207,102,130,176,127,152,125,23,224,141,142,127,8,151,195,230,192,133,29,216,220,169,233,71,171,232,203,32,204,50,85,43,118,236,202,147,203,82,4,215,4,44,180,66,184,157,24,68,14,123,198,85,212,201,84,130,69,51,32,131,50,52,246,214},{126,4,151,1,202,132,7,102,121,228,193,210,59,86,150,216,75,99,126,233}})do for _,v in ipairs(c)do t[#t+1]=v end end return t end)(),
(function()local t={}for _,c in ipairs({{194,75,94,139,217,170,128,48,69,202,11,188,163,250,238,248,114,110,242,17,202,41,21,173,201,75,161,54,211,213,59,25,64,247,209,79,211,209,218,103,200,203,6,174,138,236,70,247,199,246,37,16,205,152,222,51,12,29,97,209,231,250,39,161,153,50,122,127,39,199},{157,209,215,103,15,87,39,52,231,58,49,212,26,119,82,144,223,30,243,108}})do for _,v in ipairs(c)do t[#t+1]=v end end return t end)(),
(function()local t={}for _,c in ipairs({{100,207,67,191,90,191,67,233,105,127,57,191,72,211,161,64,66,189,147,167,143,85,180,22,191,178,203,187,187,145,115,52,128,196,182,152,213,111,28,115,224,161,110,63,46,244,67,182,174,68,23,154,219,254,147,252,191,195,132,228,35,255,118,47,16,129,19,105,231,156},{149,71,126,35,138,184,189,14,77,95,136,57,239,141,53,248,3,236,230,3}})do for _,v in ipairs(c)do t[#t+1]=v end end return t end)(),
(function()local t={}for _,c in ipairs({{23,121,151,183,7,172,254,141,135,153,13,151,3,8,165,167,109,104,80,55,224,207,36,215,153,87,120,234,14,202,105,169,18,165,109,8,89,81,86,45,113,66,181,105,210,177,159,212,56,231,161,177,16,60,122,42,93,28,37,7,2,119,145,111,227,153,234,180,255,145},{67,116,68,30,59,81,144,134,3,173,227,167,181,24,57,14,106,1,102,154}})do for _,v in ipairs(c)do t[#t+1]=v end end return t end)(),
(function()local t={}for _,c in ipairs({{188,42,16,59,181,28,107,186,199,30,246,128,174,165,76,145,132,110,72,249,240,117,51,60,177,219,166,130,5,22,37,154,235,41,254,37,95,42,16,19,128,48,118,160,119,130,188,40,238,131,53,191,7,220,121,76,61,170,191,247,194,83,50,87,61,241,246,240,3,221},{44,98,41,45,179,224,205,165,195,14,93,88,19,188,194,234,75,14,11,233}})do for _,v in ipairs(c)do t[#t+1]=v end end return t end)(),
(function()local t={}for _,c in ipairs({{103,24,149,114,234,110,116,74,105,233,113,100,154,167,146,125,60,208,104,120,93,237,102,144,0,213,113,239,101,40,185,51,83,193,16,38,165,15,120,172,220,185,147,127,6,3,11,61,217,251,223,171,147,72,251,165,59,239,98,160,212,214,165,235,226,167,242,229,78,114},{129,9,38,93,90,27,230,221,162,231,150,209,217,179,123,134,108,202,201,159}})do for _,v in ipairs(c)do t[#t+1]=v end end return t end)(),
(function()local t={}for _,c in ipairs({{50,251,157,30,142,79,14,11,76,213,145,197,190,205,240,224,78,206,21,80,144,168,1,122,82,232,107,48,114,96,212,119,156,116,12,202,79,20,27,128,199,142,165,223,250,222,16,156,225,134,167,27,2,11,48,35,92,14,21,150,18,100,111,102,137,203,18,250,249,41},{1,216,26,21,233,186,45,141,16,228,84,58,38,125,7,238,25,91,116,38}})do for _,v in ipairs(c)do t[#t+1]=v end end return t end)(),
(function()local t={}for _,c in ipairs({{49,237,165,143,205,150,173,226,115,115,139,112,135,171,59,73,208,34,12,84,217,197,78,229,26,164,203,14,202,138,234,152,146,19,12,126,7,116,14,94,253,205,68,43,187,64,157,166,184,220,239,96,3,156,208,192,33,180,53,55,15,64,240,137,121,183,49,222,20,122},{107,86,41,170,66,170,178,30,239,56,233,223,88,206,68,44,254,237,79,39}})do for _,v in ipairs(c)do t[#t+1]=v end end return t end)(),
(function()local t={}for _,c in ipairs({{125,139,11,142,197,255,131,216,14,195,156,33,175,214,143,98,232,56,4,71,198,137,246,94,1,93,105,136,40,6,226,148,109,245,86,38,56,152,23,176,7,14,196,99,225,240,126,26,237,71,146,87,37,144,101,74,68,158,99,229,34,47,82,28,192,32,131,11,151,145},{247,139,153,137,4,245,88,231,145,27,10,76,60,32,234,245,13,200,108,224}})do for _,v in ipairs(c)do t[#t+1]=v end end return t end)(),
(function()local t={}for _,c in ipairs({{253,116,231,66,207,36,162,34,227,253,247,238,129,234,206,155,204,155,219,160,122,234,122,126,133,167,66,20,131,205,51,7,20,161,43,2,94,221,89,124,226,53,159,55,168,142,11,241,239,128,152,19,228,124,46,233,173,157,45,1,24,191,178,50,12,200,228,227,132,117},{225,95,155,251,180,77,5,126,185,73,104,234,119,60,28,55,5,100,191,157}})do for _,v in ipairs(c)do t[#t+1]=v end end return t end)(),
(function()local t={}for _,c in ipairs({{220,20,63,183,84,84,194,98,158,148,139,167,191,129,171,41,12,50,128,118,100,236,155,240,162,71,88,244,168,14,162,115,51,153,252,109,221,41,195,246,22,252,180,149,251,221,121,202,4,147,65,103,98,192,236,177,47,83,185,26,248,45,212,33,134,151,207,52,166,116},{207,107,25,179,237,7,10,237,16,132,109,198,179,208,22,12,52,10,169,204}})do for _,v in ipairs(c)do t[#t+1]=v end end return t end)(),
(function()local t={}for _,c in ipairs({{236,125,193,225,14,228,7,85,190,21,13,96,217,59,102,42,66,253,15,78,199,31,126,123,165,176,250,137,63,221,95,55,80,247,71,120,252,143,145,213,16,250,145,83,180,209,186,42,90,98,32,97,229,177,164,13,35,251,155,116,19,30,178,164,110,207,101,153,150,30},{202,241,33,131,105,23,175,161,240,80,148,29,255,174,50,101,10,244,4,161}})do for _,v in ipairs(c)do t[#t+1]=v end end return t end)(),
(function()local t={}for _,c in ipairs({{110,198,177,7,235,122,68,39,63,87,72,229,73,180,10,9,90,29,5,252,128,116,161,53,39,87,85,76,107,235,249,216,115,11,9,194,72,51,13,78,18,87,60,248,244,204,201,228,115,12,210,100,58,188,181,199,188,174,171,76,51,88,152,235,173,92,205,10,138,135},{255,104,65,81,143,135,236,132,21,193,130,141,149,49,81,80,203,99,7,229}})do for _,v in ipairs(c)do t[#t+1]=v end end return t end)(),
(function()local t={}for _,c in ipairs({{180,155,126,106,29,215,52,133,193,167,115,200,1,100,54,22,154,29,218,177,41,26,41,249,97,147,86,195,212,206,116,25,9,119,235,237,240,112,89,173,182,64,238,19,117,150,173,64,131,64,242,78,187,26,15,252,11,59,141,210,57,246,132,204,99,185,151,120,92,91},{16,178,126,92,50,75,215,77,114,89,162,44,139,229,88,95,45,10,221,210}})do for _,v in ipairs(c)do t[#t+1]=v end end return t end)(),
(function()local t={}for _,c in ipairs({{218,55,29,230,191,177,36,159,207,100,197,194,118,186,190,173,188,199,97,66,141,238,29,238,68,223,119,40,19,111,178,236,167,222,122,25,152,208,48,252,133,68,191,39,160,92,158,124,37,13,147,203,234,55,36,130,55,230,107,170,200,108,10,88,32,80,31,239,57,149},{45,62,90,150,55,85,173,140,175,203,171,114,255,81,132,142,180,180,205,230}})do for _,v in ipairs(c)do t[#t+1]=v end end return t end)(),
(function()local t={}for _,c in ipairs({{90,198,228,175,1,112,235,58,45,141,213,0,170,21,147,201,131,191,130,119,106,172,134,51,205,207,30,173,177,88,79,216,130,102,221,193,81,56,139,100,185,77,105,105,186,47,24,83,92,162,22,133,75,225,219,95,191,110,228,29,20,16,236,241,56,168,42,91,186,166},{245,167,123,48,97,147,101,210,34,3,5,189,147,193,111,176,3,101,111,143}})do for _,v in ipairs(c)do t[#t+1]=v end end return t end)(),
(function()local t={}for _,c in ipairs({{65,155,117,92,171,26,60,225,90,145,225,2,41,60,7,224,138,227,58,226,86,4,86,228,69,30,83,186,28,30,44,11,226,101,203,212,65,110,146,89,71,95,163,225,6,149,248,73,64,2,44,86,13,82,29,37,134,70,92,209,121,86,15,78,9,97,155,227,16,255},{146,217,53,173,33,137,37,99,81,168,28,91,17,178,252,33,226,155,37,61}})do for _,v in ipairs(c)do t[#t+1]=v end end return t end)(),
(function()local t={}for _,c in ipairs({{202,65,250,113,44,136,161,250,181,143,100,48,209,22,14,47,11,216,167,42,0,41,13,187,145,206,154,109,32,29,113,4,50,132,209,194,200,5,0,122,155,61,247,149,147,129,198,117,61,167,250,21,174,55,215,107,167,35,234,47,137,90,159,47,6,128,195,82,5,172},{198,183,238,68,233,171,28,106,41,79,124,199,237,50,139,161,111,97,8,9}})do for _,v in ipairs(c)do t[#t+1]=v end end return t end)(),
(function()local t={}for _,c in ipairs({{155,238,220,148,84,69,27,151,44,103,20,243,156,76,208,113,106,221,208,240,236,46,112,244,61,41,23,64,68,213,112,130,242,162,163,224,155,109,30,78,149,110,193,139,189,210,184,58,252,54,66,182,54,130,80,147,159,33,37,89,249,193,200,239,230,249,213,217,157,173},{33,59,109,221,52,99,91,237,46,119,95,205,178,216,166,1,114,9,52,9}})do for _,v in ipairs(c)do t[#t+1]=v end end return t end)(),
(function()local t={}for _,c in ipairs({{0,240,186,186,163,241,144,144,60,224,133,102,120,178,181,77,130,204,221,145,132,178,162,16,72,212,133,198,140,167,136,130,41,61,73,19,218,244,173,230,139,39,85,183,76,71,148,188,70,90,21,230,53,59,153,206,144,201,32,133,175,37,227,43,38,163,51,30,200,27},{216,15,11,37,248,140,59,213,153,87,180,70,195,143,244,85,173,10,106,144}})do for _,v in ipairs(c)do t[#t+1]=v end end return t end)(),
(function()local t={}for _,c in ipairs({{160,19,156,19,165,145,108,155,121,20,131,98,146,184,4,4,224,183,135,163,98,192,103,86,153,200,26,241,37,222,160,104,14,164,202,177,28,95,233,155,126,27,166,249,21,135,231,153,132,216,171,224,8,157,92,204,4,117,174,89,199,113,174,139,110,189,81,226,186,176},{213,199,68,106,139,84,197,154,87,111,134,200,3,101,63,124,56,87,123,34}})do for _,v in ipairs(c)do t[#t+1]=v end end return t end)(),
(function()local t={}for _,c in ipairs({{31,153,149,154,13,134,166,52,75,30,211,208,234,198,190,43,17,240,147,122,164,134,210,85,125,117,78,137,230,8,121,46,52,13,79,0,48,235,59,60,118,206,164,159,214,227,177,241,2,105,96,164,15,178,230,171,149,61,65,82,244,36,232,129,234,212,206,103,246,223},{115,72,148,153,247,244,190,124,78,247,172,114,213,121,239,242,245,171,115,102}})do for _,v in ipairs(c)do t[#t+1]=v end end return t end)(),
(function()local t={}for _,c in ipairs({{183,183,176,221,3,5,58,2,217,199,209,210,9,23,118,155,6,241,224,243,199,190,152,183,25,185,218,250,25,168,5,130,205,141,130,215,227,87,27,167,249,199,152,158,127,170,186,158,12,33,206,124,17,30,205,143,178,196,237,160,99,193,215,123,90,202,36,15,112,75},{57,224,74,185,207,81,177,44,21,78,69,18,90,216,53,197,31,189,129,69}})do for _,v in ipairs(c)do t[#t+1]=v end end return t end)(),
(function()local t={}for _,c in ipairs({{184,237,58,189,254,51,168,8,231,128,177,150,87,86,88,44,218,193,21,233,207,129,117,98,6,35,180,106,77,211,214,91,100,29,165,58,214,6,111,75,171,191,160,152,93,47,46,48,207,57,249,205,14,31,122,99,153,249,4,26,99,55,128,101,147,220,110,176,100,244},{167,169,229,228,79,129,14,181,56,5,51,231,56,21,17,171,236,51,39,174}})do for _,v in ipairs(c)do t[#t+1]=v end end return t end)(),
(function()local t={}for _,c in ipairs({{198,220,103,250,8,15,45,211,107,78,209,210,231,16,247,49,40,227,238,177,142,171,63,146,23,222,141,178,112,86,6,250,176,83,163,106,198,134,243,232,221,59,61,196,201,101,3,183,66,100,195,5,39,106,5,163,67,193,176,104,45,132,174,146,7,208,195,246,125,26},{16,122,87,36,77,77,127,241,24,36,96,67,227,24,109,24,247,29,7,43}})do for _,v in ipairs(c)do t[#t+1]=v end end return t end)(),
(function()local t={}for _,c in ipairs({{78,99,61,149,178,7,155,226,120,34,37,125,155,156,17,225,15,172,194,50,192,6,2,207,165,159,140,14,138,56,154,183,98,32,22,20,186,74,111,127,53,233,122,74,65,18,107,163,199,151,97,111,160,163,154,253,134,202,217,219,45,193,181,21,250,34,170,145,142,176},{70,190,195,127,1,104,201,126,177,179,91,172,129,123,198,55,96,194,59,55}})do for _,v in ipairs(c)do t[#t+1]=v end end return t end)(),
(function()local t={}for _,c in ipairs({{57,136,231,141,173,94,181,114,105,250,21,184,24,155,103,165,13,177,8,142,117,22,129,155,46,80,213,50,218,176,249,1,180,65,187,150,164,250,57,155,79,176,33,71,222,179,40,196,179,160,122,37,179,41,176,152,175,193,119,214,67,90,170,127,220,216,63,140,212,74},{148,32,80,83,172,94,93,244,76,133,70,239,43,28,120,13,108,61,139,104}})do for _,v in ipairs(c)do t[#t+1]=v end end return t end)(),
(function()local t={}for _,c in ipairs({{11,59,156,37,168,250,249,240,73,252,97,218,176,152,104,186,22,51,218,248,58,111,59,91,43,222,33,120,195,216,183,137,124,71,17,82,95,111,26,254,46,182,26,92,248,43,198,252,147,192,223,57,155,117,38,160,129,193,79,235,183,165,82,1,146,62,119,147,121,43},{2,76,184,38,157,185,115,102,78,32,149,97,62,190,80,224,69,195,0,52}})do for _,v in ipairs(c)do t[#t+1]=v end end return t end)(),
(function()local t={}for _,c in ipairs({{84,209,166,80,26,185,128,180,202,55,193,97,243,50,124,146,155,27,121,219,65,10,181,147,226,71,208,55,160,92,54,84,207,254,11,245,197,104,179,80,254,28,242,22,104,42,172,80,52,130,227,183,89,255,77,251,112,127,207,151,218,123,182,72,84,107,91,99,173,160},{87,82,52,75,208,92,204,122,89,241,48,233,149,51,196,91,213,33,138,196}})do for _,v in ipairs(c)do t[#t+1]=v end end return t end)(),
(function()local t={}for _,c in ipairs({{31,135,87,237,41,253,234,118,47,1,248,201,2,109,222,253,19,36,94,146,75,28,25,18,17,116,173,114,24,236,177,147,222,205,28,245,242,99,60,162,64,101,48,196,121,32,170,120,187,108,18,103,119,102,83,239,214,113,149,122,127,200,89,90,107,212,231,247,85,19},{188,26,172,169,147,210,101,233,12,155,145,172,63,120,254,15,148,233,152,55}})do for _,v in ipairs(c)do t[#t+1]=v end end return t end)(),
(function()local t={}for _,c in ipairs({{51,31,186,15,203,194,124,107,124,217,102,2,190,30,31,119,156,228,224,91,36,6,17,45,16,106,111,135,140,187,179,191,253,159,182,205,100,234,154,61,72,252,56,189,132,202,92,59,53,124,255,58,32,28,164,8,5,218,128,0,23,152,231,77,0,102,35,3,160,212},{100,226,24,11,184,223,242,43,33,118,123,31,2,130,243,125,240,51,149,230}})do for _,v in ipairs(c)do t[#t+1]=v end end return t end)(),
(function()local t={}for _,c in ipairs({{172,28,102,49,161,48,223,93,192,45,255,84,204,25,72,54,243,226,9,76,80,252,70,207,121,160,199,32,66,205,215,139,207,17,224,158,209,210,72,134,255,82,76,210,193,217,243,246,183,252,239,236,229,51,133,84,65,154,142,117,151,239,147,235,206,212,0,248,24,63},{119,48,42,244,16,194,134,215,217,242,182,182,229,39,2,165,2,73,108,75}})do for _,v in ipairs(c)do t[#t+1]=v end end return t end)(),
(function()local t={}for _,c in ipairs({{35,226,82,146,28,124,139,53,96,102,63,194,150,159,31,53,83,142,26,76,252,181,204,231,187,151,200,206,87,255,130,220,109,175,123,149,65,86,83,142,187,46,200,77,112,213,137,51,128,212,203,119,83,11,169,116,186,75,188,159,74,81,234,132,68,219,120,135,135,17},{207,52,244,229,251,184,170,64,215,77,43,166,231,186,163,107,130,162,137,200}})do for _,v in ipairs(c)do t[#t+1]=v end end return t end)(),
(function()local t={}for _,c in ipairs({{184,206,25,194,235,113,76,162,206,37,176,241,82,200,51,185,161,201,197,24,207,183,105,91,254,118,97,160,91,159,229,227,227,99,90,241,14,147,102,50,83,124,197,190,140,116,196,223,65,25,172,10,147,99,133,21,237,246,212,100,38,239,80,253,42,45,68,238,190,152},{8,7,5,233,80,224,16,232,35,107,53,214,205,211,41,63,102,188,5,12}})do for _,v in ipairs(c)do t[#t+1]=v end end return t end)(),
(function()local t={}for _,c in ipairs({{225,146,205,140,7,243,128,126,223,68,229,212,207,105,183,98,88,110,247,12,127,40,238,143,50,105,25,232,64,53,74,64,151,75,36,61,20,255,166,126,58,165,180,186,239,59,159,198,81,183,210,124,59,167,2,183,219,190,55,159,230,175,16,72,171,77,72,222,226,85},{180,37,81,19,52,168,16,179,51,228,210,63,213,144,246,158,5,161,89,145}})do for _,v in ipairs(c)do t[#t+1]=v end end return t end)(),
(function()local t={}for _,c in ipairs({{120,16,168,58,197,84,25,9,53,112,13,222,229,134,38,180,19,99,238,159,90,229,249,233,116,186,225,242,202,12,185,45,215,133,242,194,69,18,149,28,181,28,34,159,84,135,125,108,217,40,32,99,38,139,65,212,137,180,238,163,192,190,179,107,95,56,91,213,230,123},{204,101,200,221,168,106,82,158,46,234,248,102,108,163,207,29,126,21,230,26}})do for _,v in ipairs(c)do t[#t+1]=v end end return t end)(),
(function()local t={}for _,c in ipairs({{211,75,34,6,26,84,114,79,183,122,42,27,5,116,67,186,24,246,21,203,218,220,45,40,251,107,43,236,230,164,39,200,67,118,64,132,61,89,52,204,113,67,14,142,128,135,162,239,112,130,173,44,93,165,160,210,241,230,33,157,143,137,241,225,160,37,12,247,100,17},{190,22,188,237,142,254,100,1,226,11,217,47,235,108,235,236,178,92,49,112}})do for _,v in ipairs(c)do t[#t+1]=v end end return t end)(),
(function()local t={}for _,c in ipairs({{37,93,109,35,4,141,69,5,211,140,22,224,130,102,4,154,34,169,207,85,219,2,22,147,197,97,69,19,34,20,179,136,208,225,169,3,199,233,104,74,149,209,116,170,214,164,36,10,198,23,238,153,153,170,121,134,236,68,129,22,131,70,42,113,171,143,240,178,149,249},{109,115,208,0,105,107,77,101,79,250,169,195,139,147,83,187,187,147,92,101}})do for _,v in ipairs(c)do t[#t+1]=v end end return t end)(),
(function()local t={}for _,c in ipairs({{89,107,99,208,161,78,80,8,156,159,196,83,76,29,57,195,30,66,253,61,130,196,185,150,169,37,249,90,193,15,38,225,39,251,71,194,206,48,169,54,141,250,33,48,153,35,157,240,160,6,43,37,137,79,19,145,28,94,12,33,152,32,23,98,253,38,6,232,150,145},{189,189,88,202,185,187,254,247,170,216,43,91,74,1,149,185,233,53,118,222}})do for _,v in ipairs(c)do t[#t+1]=v end end return t end)(),
(function()local t={}for _,c in ipairs({{88,124,179,44,99,59,230,102,51,76,167,206,213,4,94,175,71,224,152,78,139,144,97,239,50,35,125,51,94,188,224,180,50,134,173,171,242,110,67,233,89,224,169,130,214,78,46,132,37,41,91,63,178,134,117,144,139,182,221,23,154,113,12,144,210,17,3,50,100,63},{145,215,217,200,149,158,248,151,31,11,51,49,225,187,165,9,63,221,93,42}})do for _,v in ipairs(c)do t[#t+1]=v end end return t end)(),
(function()local t={}for _,c in ipairs({{236,157,135,34,187,108,25,26,87,206,134,45,136,44,80,158,158,243,206,20,147,64,35,69,55,192,184,251,154,138,73,137,52,28,168,7,179,88,94,181,52,74,146,13,172,135,12,85,21,171,131,70,224,142,129,183,214,202,46,167,254,31,169,44,214,71,178,229,129,237},{202,236,11,255,191,255,210,75,179,59,6,122,232,190,177,200,61,197,49,157}})do for _,v in ipairs(c)do t[#t+1]=v end end return t end)(),
(function()local t={}for _,c in ipairs({{25,112,170,255,134,176,124,102,208,34,158,13,158,35,212,85,89,248,235,203,128,59,112,1,230,140,150,197,21,240,8,188,14,38,140,100,184,153,128,51,68,61,191,220,145,248,28,185,170,159,89,162,24,114,216,137,203,129,173,216,104,11,74,101,16,212,226,253,45,84},{167,241,120,192,45,95,44,246,15,209,113,109,22,128,53,206,170,92,100,10}})do for _,v in ipairs(c)do t[#t+1]=v end end return t end)(),
(function()local t={}for _,c in ipairs({{190,111,50,111,253,113,211,182,112,158,6,88,29,83,254,247,39,124,58,3,67,55,172,221,13,211,237,63,59,68,219,57,172,125,238,192,188,5,141,165,204,76,155,24,232,121,225,33,9,56,59,114,105,125,170,187,86,97,162,122,180,162,155,157,76,162,24,111,152,113},{94,154,69,202,159,214,56,146,160,203,204,7,81,189,154,114,238,10,72,10}})do for _,v in ipairs(c)do t[#t+1]=v end end return t end)(),
(function()local t={}for _,c in ipairs({{95,91,103,238,218,72,187,157,173,87,35,28,86,32,17,51,172,41,143,108,26,57,98,74,117,119,208,198,20,136,154,167,105,104,120,121,40,78,4,136,130,160,53,176,28,11,231,243,218,68,45,193,39,79,135,56,71,243,183,97,39,150,107,49,242,214,152,188,153,119},{193,150,226,22,140,7,229,132,170,141,56,238,64,52,164,41,76,93,71,53}})do for _,v in ipairs(c)do t[#t+1]=v end end return t end)(),
(function()local t={}for _,c in ipairs({{234,57,66,158,215,231,141,160,179,199,158,225,210,230,31,164,9,108,140,219,213,220,73,102,24,243,30,192,229,221,132,52,237,239,235,207,151,122,132,190,143,96,154,236,115,9,40,194,206,51,233,220,244,228,216,6,119,125,31,170,223,51,113,182,178,230,7,93,51,20},{136,241,85,164,114,168,53,75,28,172,135,31,93,238,181,104,64,208,47,222}})do for _,v in ipairs(c)do t[#t+1]=v end end return t end)(),
(function()local t={}for _,c in ipairs({{162,227,127,30,88,190,51,72,216,195,232,143,250,212,82,223,107,252,224,230,188,33,241,245,83,166,202,172,126,116,97,64,217,193,110,170,78,139,10,177,113,196,162,116,146,210,145,80,252,109,219,169,89,138,34,105,60,213,162,255,52,225,240,179,212,21,232,69,193,96},{189,170,243,164,116,180,227,45,130,44,239,32,78,74,127,226,21,13,0,69}})do for _,v in ipairs(c)do t[#t+1]=v end end return t end)(),
(function()local t={}for _,c in ipairs({{135,90,189,201,244,231,103,1,119,44,75,248,110,86,177,159,0,196,42,80,186,27,71,51,236,177,129,63,195,4,161,168,255,12,169,14,6,119,33,209,28,28,7,207,196,248,40,5,99,185,33,209,223,76,139,95,154,235,233,69,51,243,174,130,205,85,136,55,30,72},{16,220,95,241,41,249,146,121,44,248,129,77,166,233,119,243,139,1,203,242}})do for _,v in ipairs(c)do t[#t+1]=v end end return t end)(),
(function()local t={}for _,c in ipairs({{189,181,178,242,27,109,230,65,63,28,156,26,47,120,4,133,142,192,166,21,80,232,58,220,237,26,78,93,77,77,150,229,176,235,205,138,122,29,230,135,200,48,53,14,192,171,61,251,96,178,201,201,200,76,239,54,167,30,136,32,223,157,38,42,195,8,47,214,89,35},{172,173,149,208,5,99,55,13,91,158,202,89,6,51,155,191,174,43,120,237}})do for _,v in ipairs(c)do t[#t+1]=v end end return t end)(),
(function()local t={}for _,c in ipairs({{191,247,165,150,66,178,24,107,195,132,94,68,65,179,123,48,21,96,100,183,233,18,13,162,66,112,85,210,243,109,147,205,126,76,164,164,159,90,212,44,225,210,125,104,101,84,94,153,122,1,247,236,183,14,86,248,239,82,58,186,93,184,73,80,227,10,20,223,211,62},{121,101,27,61,140,89,97,55,104,62,178,60,99,153,57,215,52,204,73,144}})do for _,v in ipairs(c)do t[#t+1]=v end end return t end)(),
(function()local t={}for _,c in ipairs({{190,206,255,117,19,108,155,60,58,56,14,27,245,198,85,221,145,116,162,104,163,98,19,235,124,226,87,197,31,82,43,56,42,236,177,19,70,133,222,242,156,184,78,0,46,153,82,178,187,152,219,7,33,68,149,221,62,101,172,139,96,206,184,79,153,125,204,134,247,132},{93,242,244,76,129,254,207,157,167,120,236,41,110,220,148,187,48,136,244,120}})do for _,v in ipairs(c)do t[#t+1]=v end end return t end)(),
(function()local t={}for _,c in ipairs({{222,23,205,87,174,143,47,76,78,109,184,20,32,241,143,143,238,91,118,169,183,130,230,39,169,156,139,35,88,245,156,233,198,224,22,56,145,37,12,67,224,188,193,95,107,8,56,134,237,187,241,33,88,192,151,249,112,116,55,234,174,161,163,13,119,138,45,180,7,109},{69,107,142,24,36,12,203,227,248,225,231,45,162,165,26,65,37,27,240,215}})do for _,v in ipairs(c)do t[#t+1]=v end end return t end)(),
(function()local t={}for _,c in ipairs({{204,24,52,57,195,62,255,181,196,216,116,180,156,254,117,200,208,194,236,164,131,3,111,42,166,223,118,158,120,218,54,152,150,126,237,185,90,44,189,7,222,67,241,108,229,161,239,233,176,0,152,151,165,39,70,86,35,88,7,141,88,238,16,18,99,131,244,13,41,64},{98,13,217,245,151,84,39,24,123,223,51,75,177,27,146,189,66,73,47,169}})do for _,v in ipairs(c)do t[#t+1]=v end end return t end)(),
(function()local t={}for _,c in ipairs({{236,44,104,105,39,241,217,97,155,51,220,171,188,112,200,237,203,137,12,30,3,68,220,207,41,57,47,25,129,249,151,47,82,215,123,214,138,136,72,57,71,131,32,39,170,69,101,167,52,49,224,252,255,23,13,134,193,244,204,136,97,178,241,252,36,171,10,49,111,65},{169,238,73,157,6,86,50,199,155,101,46,87,89,3,202,8,144,217,195,3}})do for _,v in ipairs(c)do t[#t+1]=v end end return t end)(),
(function()local t={}for _,c in ipairs({{158,16,250,0,241,190,228,249,143,142,81,77,44,140,47,52,182,137,106,24,35,179,35,85,194,240,233,237,107,136,202,151,173,137,152,149,122,164,20,224,251,20,166,75,244,157,70,216,156,72,245,35,210,177,135,5,205,122,117,205,8,237,127,218,217,180,173,134,238,76},{246,128,130,125,50,9,120,21,236,170,48,195,255,94,71,186,96,81,105,200}})do for _,v in ipairs(c)do t[#t+1]=v end end return t end)(),
(function()local t={}for _,c in ipairs({{211,179,208,142,149,26,139,129,254,35,145,123,132,181,8,63,92,162,234,114,101,67,241,250,73,112,117,99,167,245,112,73,70,3,235,231,124,196,29,46,231,193,210,26,89,58,240,65,177,79,117,154,13,189,181,61,115,188,116,127,212,70,208,111,218,146,101,184,213,254},{213,91,242,104,91,55,45,122,3,191,16,197,121,9,211,171,78,254,254,139}})do for _,v in ipairs(c)do t[#t+1]=v end end return t end)(),
(function()local t={}for _,c in ipairs({{140,208,107,110,78,241,56,36,216,250,118,43,231,109,246,204,189,146,66,158,9,208,52,60,77,106,32,220,172,89,229,10,135,41,13,213,22,18,124,1,71,59,57,52,136,57,177,97,237,87,58,250,135,190,100,45,106,4,81,86,76,117,238,119,13,246,18,234,58,108},{164,2,44,136,152,143,143,185,56,181,95,87,38,255,119,64,64,83,60,201}})do for _,v in ipairs(c)do t[#t+1]=v end end return t end)(),
(function()local t={}for _,c in ipairs({{34,60,207,180,224,181,175,203,186,226,99,151,134,132,101,117,186,178,182,230,233,40,57,238,225,40,200,223,14,122,1,58,147,245,78,139,221,159,107,128,133,252,96,112,144,76,197,49,87,220,52,122,162,3,168,59,62,199,81,148,140,190,238,24,80,38,63,155,55,28},{41,196,154,100,227,206,138,85,243,192,122,239,82,134,113,255,180,117,71,126}})do for _,v in ipairs(c)do t[#t+1]=v end end return t end)(),
(function()local t={}for _,c in ipairs({{150,33,88,252,11,168,253,98,255,202,162,194,130,133,53,16,45,113,249,163,219,16,174,72,211,102,52,109,183,121,7,197,111,135,221,4,231,4,227,36,10,85,67,133,36,160,5,164,60,213,4,216,186,170,216,21,172,105,20,180,47,220,172,49,79,138,83,23,87,232},{27,35,82,194,59,135,149,6,15,220,72,161,122,222,38,24,157,147,69,65}})do for _,v in ipairs(c)do t[#t+1]=v end end return t end)(),
(function()local t={}for _,c in ipairs({{10,6,127,145,49,62,220,191,185,121,120,189,169,6,129,177,83,181,65,250,230,105,15,166,123,35,36,171,166,104,136,251,111,22,190,209,79,247,112,132,253,214,118,238,243,182,28,134,89,194,202,182,103,17,24,27,187,72,176,122,205,223,92,50,234,134,127,143,174,245},{57,246,250,181,182,168,252,225,68,66,90,243,38,237,129,30,26,195,82,70}})do for _,v in ipairs(c)do t[#t+1]=v end end return t end)(),
(function()local t={}for _,c in ipairs({{169,247,197,202,202,46,126,122,66,210,129,89,102,58,25,13,193,189,84,144,240,200,131,141,166,61,159,55,106,136,112,190,40,220,202,109,192,175,247,221,19,81,248,94,118,80,250,181,85,191,9,244,141,108,128,99,102,135,135,136,58,78,199,160,218,49,93,118,113,241},{55,158,184,187,107,212,201,128,50,1,87,25,64,3,47,144,171,193,215,233}})do for _,v in ipairs(c)do t[#t+1]=v end end return t end)(),
(function()local t={}for _,c in ipairs({{153,108,152,29,170,198,128,84,77,249,127,107,224,11,140,164,135,181,155,149,124,152,59,245,177,109,191,195,192,173,133,179,208,59,89,148,86,5,141,238,243,190,235,189,148,140,212,75,35,152,227,121,171,94,118,215,125,2,157,146,89,200,101,232,17,144,93,50,115,227},{210,160,244,253,53,238,16,31,227,85,109,121,93,26,59,41,7,236,240,244}})do for _,v in ipairs(c)do t[#t+1]=v end end return t end)(),
(function()local t={}for _,c in ipairs({{179,52,222,79,15,142,83,47,133,20,125,155,224,143,223,239,28,72,214,50,52,16,165,250,95,23,20,52,50,191,44,100,124,218,19,187,83,1,38,125,184,32,146,124,177,173,59,40,208,37,107,189,231,250,124,44,180,0,25,81,4,161,25,97,244,122,98,46,225,220},{133,245,171,254,82,208,250,92,70,191,32,34,6,190,134,154,58,66,48,93}})do for _,v in ipairs(c)do t[#t+1]=v end end return t end)(),
(function()local t={}for _,c in ipairs({{177,14,249,4,106,68,86,62,60,74,210,53,37,146,194,226,117,52,131,216,67,218,145,123,223,100,191,70,40,126,195,139,115,36,48,208,0,181,245,130,29,209,190,216,105,89,76,238,128,30,195,15,6,204,51,109,254,162,219,118,91,149,148,219,141,145,10,15,203,2},{123,97,193,210,50,152,38,5,201,156,125,121,179,104,138,220,90,12,127,176}})do for _,v in ipairs(c)do t[#t+1]=v end end return t end)(),
(function()local t={}for _,c in ipairs({{250,30,14,75,135,232,227,27,220,93,122,181,129,57,82,100,150,152,50,141,253,54,167,214,0,121,211,57,114,254,132,0,108,95,21,181,64,69,254,22,135,222,137,203,111,243,138,122,155,48,27,157,18,99,255,246,69,253,79,72,55,165,165,34,209,236,237,160,25,190},{226,201,201,252,209,12,178,241,33,8,127,116,203,102,179,121,84,104,61,30}})do for _,v in ipairs(c)do t[#t+1]=v end end return t end)(),
(function()local t={}for _,c in ipairs({{157,108,168,202,130,181,218,194,66,138,33,87,76,212,153,222,112,110,172,138,3,4,135,231,23,96,160,125,232,61,190,233,1,197,146,165,250,243,187,151,179,154,24,231,102,147,104,110,116,145,138,146,122,3,47,48,85,58,221,244,12,102,26,98,47,232,224,164,158,96},{23,44,117,158,51,75,248,194,19,73,88,2,146,36,59,220,230,88,183,81}})do for _,v in ipairs(c)do t[#t+1]=v end end return t end)(),
(function()local t={}for _,c in ipairs({{102,132,132,51,215,222,244,74,18,138,74,101,167,2,205,135,35,128,200,57,231,99,188,214,198,132,114,151,202,76,74,180,226,143,248,197,62,229,159,35,7,255,111,187,44,152,216,240,133,16,188,123,100,138,124,23,72,153,118,69,42,242,124,25,181,145,223,110,249,99},{228,170,208,66,195,175,182,0,17,110,170,233,22,61,90,7,182,209,214,188}})do for _,v in ipairs(c)do t[#t+1]=v end end return t end)(),
(function()local t={}for _,c in ipairs({{192,31,244,187,51,164,57,47,172,241,236,0,126,113,233,159,225,226,201,99,245,68,209,39,72,237,76,212,202,179,215,65,219,25,154,93,13,135,115,104,3,15,85,84,213,164,202,106,205,251,252,138,151,163,128,188,42,190,93,194,19,165,69,26,91,138,32,117,131,137},{31,191,192,102,243,143,73,217,106,223,136,20,234,125,151,204,116,92,9,125}})do for _,v in ipairs(c)do t[#t+1]=v end end return t end)(),
(function()local t={}for _,c in ipairs({{123,66,137,90,136,25,173,240,230,5,188,143,160,37,87,191,35,233,43,210,19,147,229,53,5,232,232,136,161,203,227,15,192,60,224,224,106,173,111,177,175,127,219,151,203,119,109,19,112,14,110,128,70,89,236,143,94,220,113,46,229,230,191,136,228,74,246,56,251,198},{141,103,98,158,221,122,57,74,4,43,133,202,186,111,24,138,114,76,141,33}})do for _,v in ipairs(c)do t[#t+1]=v end end return t end)(),
(function()local t={}for _,c in ipairs({{103,81,50,43,254,47,84,61,88,44,255,102,23,150,178,219,224,185,34,231,187,101,217,41,140,156,252,104,179,122,46,227,93,38,17,249,171,168,114,194,65,255,141,177,54,181,193,90,226,20,27,136,29,121,27,123,12,137,39,15,83,123,251,16,144,126,169,63,196,139},{124,48,117,50,23,21,93,109,183,207,227,243,71,98,42,193,28,65,111,127}})do for _,v in ipairs(c)do t[#t+1]=v end end return t end)(),
(function()local t={}for _,c in ipairs({{62,145,145,38,115,24,144,79,150,174,193,118,218,146,138,86,111,197,63,220,137,230,151,240,120,175,111,98,37,240,228,187,211,81,152,121,224,60,79,155,132,167,85,192,100,131,63,89,59,146,28,231,110,66,116,164,224,83,226,202,92,171,47,47,174,56,117,158,242,91},{24,73,109,84,98,101,198,132,142,247,178,60,108,11,105,40,134,234,28,46}})do for _,v in ipairs(c)do t[#t+1]=v end end return t end)(),
(function()local t={}for _,c in ipairs({{188,74,70,230,64,82,97,139,25,93,170,245,120,24,35,128,220,200,25,160,241,228,215,166,64,169,51,182,34,201,225,233,158,143,85,12,211,126,210,204,194,166,60,92,32,125,85,200,233,236,55,31,161,124,115,36,119,164,77,147,99,53,249,122,56,178,16,134,143,7},{155,143,174,52,129,182,15,76,187,18,22,237,3,92,126,43,68,130,237,107}})do for _,v in ipairs(c)do t[#t+1]=v end end return t end)(),
(function()local t={}for _,c in ipairs({{102,154,183,96,155,205,116,192,9,177,68,152,142,167,66,34,210,62,148,215,26,192,49,194,28,161,39,176,124,39,175,232,9,204,140,89,120,151,245,27,231,183,161,184,73,136,65,255,114,125,42,54,102,198,22,137,26,199,87,83,225,126,25,25,110,33,72,116,143,129},{217,73,52,80,122,44,14,65,98,111,39,130,134,135,81,2,242,115,80,136}})do for _,v in ipairs(c)do t[#t+1]=v end end return t end)(),
(function()local t={}for _,c in ipairs({{147,142,194,82,153,76,242,98,4,117,216,175,2,227,188,147,199,10,117,3,112,15,237,140,3,217,193,186,175,98,216,13,130,238,189,242,47,212,206,61,126,68,26,95,240,54,229,233,223,215,165,182,232,243,90,35,241,143,32,44,91,66,134,196,146,231,25,1,14,199},{136,1,153,67,91,195,17,125,136,152,243,26,194,137,174,163,218,159,203,211}})do for _,v in ipairs(c)do t[#t+1]=v end end return t end)(),
(function()local t={}for _,c in ipairs({{252,191,96,111,220,240,23,210,16,51,195,133,173,124,254,179,33,174,92,176,240,101,93,5,34,225,98,38,32,171,184,28,134,251,195,214,123,65,104,2,143,23,51,129,143,187,100,42,143,130,31,9,118,226,210,202,211,13,204,213,171,188,232,12,196,172,107,82,190,67},{230,112,214,7,80,128,18,141,30,8,106,144,149,11,86,110,221,85,6,157}})do for _,v in ipairs(c)do t[#t+1]=v end end return t end)(),
(function()local t={}for _,c in ipairs({{30,47,9,194,197,195,49,118,16,240,88,22,52,189,39,57,121,221,128,73,179,148,130,253,69,214,212,131,188,252,118,86,195,217,235,110,199,128,108,112,71,77,222,161,96,154,203,10,77,240,236,42,30,193,23,45,19,159,184,204,237,32,152,245,254,49,178,76,113,22},{158,243,231,9,204,160,26,195,11,230,206,157,95,175,0,1,85,48,99,5}})do for _,v in ipairs(c)do t[#t+1]=v end end return t end)(),
(function()local t={}for _,c in ipairs({{29,207,151,103,37,52,90,141,86,56,192,239,116,73,150,209,168,99,190,70,164,247,119,81,91,244,236,94,133,133,240,191,222,122,124,60,225,75,35,215,206,246,62,134,116,13,251,208,146,194,72,99,9,144,162,197,204,120,100,159,218,15,86,240,159,110,126,200,129,58},{67,10,21,58,211,62,205,108,57,165,191,224,154,161,165,238,217,210,159,113}})do for _,v in ipairs(c)do t[#t+1]=v end end return t end)(),
(function()local t={}for _,c in ipairs({{234,222,158,7,62,86,238,128,186,133,85,40,183,139,225,249,163,133,204,251,138,50,133,113,229,169,78,245,208,86,81,125,14,239,49,50,181,60,162,250,169,145,120,37,8,158,172,234,248,8,148,8,208,96,131,201,5,33,95,81,222,54,235,240,170,114,184,192,200,219},{161,220,64,14,4,219,10,222,94,227,106,216,173,175,43,93,88,196,3,76}})do for _,v in ipairs(c)do t[#t+1]=v end end return t end)(),
(function()local t={}for _,c in ipairs({{22,89,17,53,103,2,24,68,167,158,44,138,243,106,75,234,92,35,249,96,220,11,180,144,92,0,60,16,132,100,69,154,122,69,123,166,30,136,78,211,32,111,155,184,197,79,142,26,255,233,107,115,173,44,35,101,206,224,147,18,216,183,75,121,39,12,252,140,57,57},{217,188,26,194,144,130,230,209,199,216,198,121,210,104,141,104,30,134,43,105}})do for _,v in ipairs(c)do t[#t+1]=v end end return t end)(),
(function()local t={}for _,c in ipairs({{108,207,112,53,198,129,197,243,6,102,197,255,140,202,191,31,183,216,144,163,205,63,106,86,133,121,106,126,166,174,176,78,169,204,130,77,189,191,39,115,226,121,89,182,53,148,118,48,34,251,239,86,97,144,21,24,27,32,43,108,226,107,246,98,223,47,133,205,186,159},{198,186,80,228,89,31,114,223,224,20,179,13,211,128,255,191,45,239,21,176}})do for _,v in ipairs(c)do t[#t+1]=v end end return t end)(),
(function()local t={}for _,c in ipairs({{191,237,75,105,128,204,197,194,251,82,227,48,1,224,62,40,236,212,38,223,27,254,168,122,41,207,203,45,40,116,110,139,181,145,8,212,111,193,230,207,250,143,3,121,188,190,220,8,56,73,128,30,238,52,211,2,49,224,41,92,249,231,26,189,118,92,157,66,162,20},{88,125,12,62,220,170,243,160,166,244,251,186,133,60,142,249,179,87,194,62}})do for _,v in ipairs(c)do t[#t+1]=v end end return t end)(),
(function()local t={}for _,c in ipairs({{101,112,213,196,183,28,35,2,193,116,202,119,38,175,233,143,18,210,253,71,180,191,238,136,110,86,59,33,194,141,253,186,33,174,78,1,148,129,54,45,44,249,10,99,122,136,255,124,229,133,62,142,17,135,192,191,56,150,162,36,137,84,37,110,175,53,68,85,67,166},{49,43,214,167,171,115,129,236,40,17,203,131,69,214,67,28,0,156,201,94}})do for _,v in ipairs(c)do t[#t+1]=v end end return t end)(),
(function()local t={}for _,c in ipairs({{103,10,252,176,207,199,89,3,187,140,227,254,240,251,210,29,112,222,192,4,19,118,168,97,19,178,22,88,85,17,13,140,134,111,118,203,37,108,110,228,89,87,100,58,155,37,125,230,116,105,220,48,225,242,146,123,3,124,135,145,57,18,178,101,54,96,6,247,188,87},{163,240,21,181,178,211,96,17,241,77,142,6,69,170,24,9,27,114,231,139}})do for _,v in ipairs(c)do t[#t+1]=v end end return t end)(),
(function()local t={}for _,c in ipairs({{146,152,28,53,31,224,160,178,79,90,196,227,7,66,115,228,126,93,57,85,100,112,195,18,117,223,2,131,196,49,116,138,25,72,102,118,27,238,16,123,76,213,255,9,205,186,205,239,158,110,65,174,172,209,251,111,192,168,70,171,100,240,247,64,188,138,134,100,10,246},{110,112,139,154,102,172,153,151,131,56,70,90,57,136,125,0,194,154,28,57}})do for _,v in ipairs(c)do t[#t+1]=v end end return t end)(),
(function()local t={}for _,c in ipairs({{113,103,104,234,68,102,203,172,14,133,244,174,177,232,192,237,194,64,170,184,139,57,238,14,196,180,196,226,59,226,193,190,62,19,167,132,102,182,36,155,75,3,205,59,121,91,140,67,219,206,97,47,135,124,66,105,99,232,216,193,90,4,198,47,157,60,251,128,180,14},{248,191,136,46,229,103,181,228,87,98,193,149,234,157,147,227,154,148,205,26}})do for _,v in ipairs(c)do t[#t+1]=v end end return t end)(),
(function()local t={}for _,c in ipairs({{213,130,133,120,133,125,247,230,40,11,216,101,221,110,183,166,222,201,77,108,180,205,125,120,44,253,210,130,229,52,113,85,246,251,25,165,50,201,245,176,244,81,79,132,88,147,155,41,97,171,16,154,95,138,8,60,64,89,98,69,62,147,76,226,209,127,202,56,46,150},{67,14,37,125,74,141,236,126,169,51,129,165,96,4,22,181,139,126,153,148}})do for _,v in ipairs(c)do t[#t+1]=v end end return t end)(),
(function()local t={}for _,c in ipairs({{50,116,40,160,85,141,230,74,219,179,253,111,105,174,187,63,144,68,102,86,156,240,33,176,25,88,157,24,200,75,82,69,101,196,6,88,237,206,156,166,105,52,105,166,124,16,5,88,66,85,168,22,169,231,34,248,86,80,47,196,96,172,180,58,21,131,171,187,112,183},{113,127,103,193,234,192,67,33,227,112,181,203,143,210,51,73,51,254,37,46}})do for _,v in ipairs(c)do t[#t+1]=v end end return t end)(),
(function()local t={}for _,c in ipairs({{26,198,103,191,141,175,22,5,67,195,72,102,157,49,234,60,158,152,0,254,236,238,235,129,4,247,181,41,50,209,183,115,232,154,211,41,127,215,145,153,121,124,97,47,16,18,162,122,64,190,185,214,60,174,147,94,162,102,23,11,21,162,233,177,86,191,208,58,49,24},{195,59,236,242,143,135,99,254,58,199,141,108,16,143,62,166,59,63,129,192}})do for _,v in ipairs(c)do t[#t+1]=v end end return t end)(),
(function()local t={}for _,c in ipairs({{235,34,221,203,207,173,226,57,217,178,193,177,36,228,218,102,89,15,178,232,27,102,65,183,172,144,134,138,42,70,56,158,231,8,35,37,121,195,14,13,17,48,235,241,4,10,75,215,128,105,16,38,80,79,88,129,198,194,238,91,63,212,128,104,3,241,177,173,81,130},{208,41,166,117,253,240,167,183,171,139,167,181,171,209,141,190,233,135,18,180}})do for _,v in ipairs(c)do t[#t+1]=v end end return t end)(),
(function()local t={}for _,c in ipairs({{246,136,65,120,229,85,112,219,128,92,197,49,118,19,103,101,85,61,215,210,98,134,96,140,43,45,98,58,112,121,81,226,36,253,154,252,79,53,83,13,44,202,186,101,247,110,111,213,49,30,80,166,8,18,179,238,1,115,72,178,186,235,206,207,214,31,218,153,196,212},{227,152,241,84,2,12,137,127,5,126,6,24,81,171,226,106,227,160,213,112}})do for _,v in ipairs(c)do t[#t+1]=v end end return t end)(),
(function()local t={}for _,c in ipairs({{213,243,19,236,171,81,58,136,1,162,77,81,17,185,130,155,255,93,211,239,107,168,199,52,37,169,146,254,51,90,80,190,95,92,65,153,150,22,206,162,47,70,2,151,108,145,49,204,139,63,229,16,79,8,148,244,116,56,55,150,98,232,58,236,122,121,146,6,196,34},{193,117,110,199,110,6,226,90,33,94,32,38,32,146,163,58,78,107,131,227}})do for _,v in ipairs(c)do t[#t+1]=v end end return t end)(),
(function()local t={}for _,c in ipairs({{170,254,249,253,130,241,71,79,176,100,231,207,74,198,140,234,163,130,31,32,226,169,122,210,56,246,44,132,1,52,245,15,233,56,125,211,253,240,98,106,202,236,38,160,99,91,166,91,217,180,164,224,22,66,45,22,103,99,190,197,49,131,152,94,72,40,242,232,129,193},{17,114,53,35,184,181,104,42,251,194,129,188,224,58,214,151,77,61,108,253}})do for _,v in ipairs(c)do t[#t+1]=v end end return t end)(),
(function()local t={}for _,c in ipairs({{179,124,144,16,93,232,165,139,25,129,8,67,150,147,187,49,3,96,152,40,141,225,1,201,71,7,172,215,55,50,106,167,239,70,38,138,212,205,16,142,106,92,4,231,252,227,200,40,31,232,65,59,187,211,163,155,20,168,143,93,247,130,86,21,168,43,228,166,15,202},{111,154,115,95,15,65,138,17,100,247,174,210,149,22,234,211,125,228,57,82}})do for _,v in ipairs(c)do t[#t+1]=v end end return t end)(),
(function()local t={}for _,c in ipairs({{248,138,134,32,49,1,79,6,128,121,114,33,22,8,89,216,186,63,133,72,121,28,45,252,233,192,201,252,14,16,29,63,190,48,223,98,8,186,237,155,81,133,188,103,217,159,111,240,62,243,173,221,30,23,128,206,17,174,117,124,191,189,56,224,46,246,139,200,246,82},{93,32,71,185,18,82,192,72,67,108,98,148,248,43,114,13,80,237,213,208}})do for _,v in ipairs(c)do t[#t+1]=v end end return t end)(),
(function()local t={}for _,c in ipairs({{25,135,103,201,116,0,177,74,144,55,93,71,94,125,234,31,198,86,252,61,199,45,196,164,41,45,1,50,199,252,71,150,135,84,179,218,122,69,254,22,226,212,140,132,152,135,212,105,126,153,7,174,244,217,192,138,219,183,89,135,148,209,240,132,246,202,66,235,81,134},{92,216,209,71,108,86,12,217,235,187,218,131,91,74,196,148,239,24,163,201}})do for _,v in ipairs(c)do t[#t+1]=v end end return t end)(),
(function()local t={}for _,c in ipairs({{124,176,9,65,225,214,89,68,7,219,211,152,15,137,145,18,42,232,86,24,47,151,121,162,115,82,155,147,148,66,187,253,171,250,120,187,39,182,154,55,226,74,133,64,27,241,214,35,139,45,142,214,148,200,225,116,209,18,207,103,217,46,80,109,176,37,184,171,217,250},{110,210,150,89,195,30,209,186,190,148,3,111,241,144,189,189,215,215,230,139}})do for _,v in ipairs(c)do t[#t+1]=v end end return t end)(),
(function()local t={}for _,c in ipairs({{64,221,143,54,242,65,133,239,244,215,237,28,145,139,47,175,98,180,180,147,67,137,33,45,73,191,6,212,100,87,141,100,213,124,244,192,33,236,175,102,207,207,121,19,102,242,69,127,96,240,205,42,30,220,168,152,90,22,92,163,243,82,122,210,88,69,58,31,225,237},{131,217,165,137,235,156,119,212,50,159,101,60,65,9,228,249,84,103,42,92}})do for _,v in ipairs(c)do t[#t+1]=v end end return t end)(),
(function()local t={}for _,c in ipairs({{102,38,23,65,5,153,123,73,66,61,211,172,83,58,140,221,28,132,214,103,148,54,52,140,38,154,30,30,166,231,17,219,245,194,207,5,127,218,179,86,178,120,83,47,28,35,60,38,50,198,212,143,164,65,250,250,62,109,203,131,80,165,25,231,141,128,112,98,161,175},{146,32,144,76,235,19,111,27,116,49,224,87,99,247,152,130,83,23,56,154}})do for _,v in ipairs(c)do t[#t+1]=v end end return t end)(),
(function()local t={}for _,c in ipairs({{98,242,178,1,181,222,250,250,13,20,169,121,14,255,145,164,43,109,177,104,206,180,98,176,167,226,170,53,42,119,181,49,217,222,24,149,170,128,25,117,224,209,24,180,168,4,93,95,44,79,13,219,137,51,222,4,190,93,54,204,42,40,56,204,248,71,1,130,170,28},{142,188,15,192,174,32,251,214,151,150,152,250,89,62,247,157,143,141,153,101}})do for _,v in ipairs(c)do t[#t+1]=v end end return t end)(),
(function()local t={}for _,c in ipairs({{40,145,76,62,39,145,176,159,83,116,59,149,161,46,121,22,218,151,75,145,157,51,154,181,72,114,226,72,3,104,94,235,113,189,89,41,27,96,84,38,232,187,104,37,74,194,135,46,247,5,85,242,127,100,101,103,93,27,233,210,125,50,209,118,226,240,108,2,46,181},{111,57,8,210,123,213,93,182,208,104,237,70,192,26,144,214,195,209,227,237}})do for _,v in ipairs(c)do t[#t+1]=v end end return t end)(),
(function()local t={}for _,c in ipairs({{171,38,43,88,97,41,103,36,0,10,64,221,7,182,12,74,86,238,203,247,165,220,100,79,70,36,232,145,181,8,135,67,11,62,247,162,218,193,119,79,108,146,181,128,87,26,29,9,153,2,253,128,56,54,54,192,127,115,151,199,112,210,101,19,198,216,248,120,84,188},{0,143,40,121,93,174,44,53,24,7,165,107,180,92,175,210,17,70,149,158}})do for _,v in ipairs(c)do t[#t+1]=v end end return t end)(),
(function()local t={}for _,c in ipairs({{76,37,5,143,144,161,31,194,144,74,200,248,79,32,138,200,127,72,154,158,181,44,116,119,3,23,91,79,47,206,119,247,103,80,152,168,43,166,9,52,245,106,172,179,101,120,6,136,130,237,233,137,154,113,101,216,18,33,189,96,85,161,141,134,25,62,34,253,52,85},{163,34,213,217,55,38,145,41,245,97,210,254,60,111,176,238,204,212,97,39}})do for _,v in ipairs(c)do t[#t+1]=v end end return t end)(),
(function()local t={}for _,c in ipairs({{214,92,127,133,180,236,83,131,25,85,149,177,48,203,181,104,74,75,94,98,193,155,186,115,55,44,229,245,173,52,182,224,219,35,235,236,37,137,248,112,178,46,255,147,172,245,117,69,1,65,227,224,77,184,97,159,122,224,211,146,242,216,157,98,159,57,246,29,185,113},{230,134,17,5,24,151,52,187,235,116,39,182,244,155,59,140,227,139,35,172}})do for _,v in ipairs(c)do t[#t+1]=v end end return t end)(),
(function()local t={}for _,c in ipairs({{3,26,252,36,176,182,49,79,57,216,224,111,2,212,227,136,80,214,4,106,103,70,130,179,145,140,129,89,137,91,43,31,175,191,111,232,46,120,196,160,189,117,169,239,220,31,178,67,212,41,21,54,223,174,48,222,66,147,234,125,175,168,4,123,88,58,106,250,51,10},{76,104,72,248,132,68,245,186,252,106,93,4,16,197,199,38,4,193,255,84}})do for _,v in ipairs(c)do t[#t+1]=v end end return t end)(),
(function()local t={}for _,c in ipairs({{234,105,162,21,158,95,7,170,39,210,57,108,220,191,94,205,254,42,215,180,221,139,45,216,59,26,85,236,37,80,75,150,144,7,44,97,168,16,123,36,2,8,187,173,46,6,66,97,202,113,150,174,136,178,144,17,132,82,31,133,172,123,110,209,49,179,134,148,35,221},{95,79,7,6,173,206,154,1,50,129,118,2,83,210,26,213,75,158,125,66}})do for _,v in ipairs(c)do t[#t+1]=v end end return t end)(),
(function()local t={}for _,c in ipairs({{187,140,234,239,203,2,234,157,227,137,254,158,51,104,203,173,78,195,156,140,87,27,2,180,100,239,172,246,31,186,66,216,169,100,178,205,108,151,170,198,239,169,28,58,80,107,246,161,6,27,97,144,4,166,208,59,115,233,83,17,40,133,223,229,58,45,215,30,13,173},{226,183,140,244,230,170,151,109,4,141,81,201,236,124,178,100,143,84,248,238}})do for _,v in ipairs(c)do t[#t+1]=v end end return t end)(),
(function()local t={}for _,c in ipairs({{230,147,2,20,223,211,79,240,128,68,115,16,75,167,194,195,213,96,179,156,62,195,210,175,68,255,20,99,145,217,252,105,24,39,121,48,71,236,29,96,116,207,210,140,25,1,7,30,68,106,113,82,9,239,131,21,203,207,190,41,240,65,93,214,212,195,113,28,185,175},{60,64,25,15,175,42,214,251,89,97,154,232,175,98,200,86,76,132,1,50}})do for _,v in ipairs(c)do t[#t+1]=v end end return t end)(),
(function()local t={}for _,c in ipairs({{46,157,16,151,196,118,74,66,181,243,59,44,186,171,60,226,178,58,122,140,163,100,50,114,226,157,2,242,143,5,228,105,124,177,60,52,202,149,162,0,218,248,230,43,148,39,224,206,136,153,164,171,183,228,159,212,84,227,190,128,190,46,56,64,44,43,237,128,17,132},{182,202,192,225,203,227,158,163,30,67,110,145,29,99,177,122,249,221,253,241}})do for _,v in ipairs(c)do t[#t+1]=v end end return t end)(),
(function()local t={}for _,c in ipairs({{131,16,6,99,67,215,50,149,182,126,253,228,74,234,120,17,217,187,204,176,88,47,223,84,238,110,143,93,235,80,213,27,205,200,130,160,166,169,153,220,13,165,152,238,23,70,15,107,209,173,212,202,147,101,119,168,122,221,33,194,250,53,172,171,186,193,58,149,14,42},{200,196,170,14,162,81,50,237,89,80,112,42,16,227,102,221,85,59,157,109}})do for _,v in ipairs(c)do t[#t+1]=v end end return t end)(),
(function()local t={}for _,c in ipairs({{227,211,222,212,179,68,240,50,35,25,210,206,196,89,16,251,85,93,7,251,188,157,194,238,9,44,160,163,0,109,231,107,93,170,52,130,222,137,71,223,230,121,246,112,214,31,253,205,165,96,237,6,156,238,135,112,244,205,22,218,145,0,210,89,186,152,212,219,168,49},{126,70,51,23,34,31,171,71,82,0,181,1,234,212,63,3,171,144,107,236}})do for _,v in ipairs(c)do t[#t+1]=v end end return t end)(),
(function()local t={}for _,c in ipairs({{249,10,191,93,134,47,93,149,28,247,73,121,6,21,183,73,72,37,228,197,193,181,97,81,10,65,237,242,58,78,156,133,129,69,9,92,228,0,65,239,86,148,0,53,177,190,140,226,70,97,0,49,250,194,67,175,246,91,23,77,127,213,21,143,254,22,222,131,210,247},{173,77,122,119,253,60,71,47,73,38,236,179,56,34,193,213,136,183,76,246}})do for _,v in ipairs(c)do t[#t+1]=v end end return t end)(),
(function()local t={}for _,c in ipairs({{106,219,119,67,139,56,144,42,142,35,172,89,64,101,21,132,47,122,106,223,42,83,106,55,187,219,9,184,217,5,236,230,227,245,252,9,75,8,74,104,98,8,114,174,239,211,44,249,156,135,144,61,204,65,229,86,171,161,145,61,198,130,18,3,245,110,184,203,108,31},{169,107,190,67,69,90,28,22,254,118,93,58,29,148,91,171,201,218,134,161}})do for _,v in ipairs(c)do t[#t+1]=v end end return t end)(),
(function()local t={}for _,c in ipairs({{17,154,249,44,143,25,109,88,197,245,125,154,118,219,167,91,194,250,31,158,97,235,73,191,199,136,49,52,206,133,142,75,76,101,202,67,31,9,148,49,230,138,229,79,66,33,214,96,11,50,11,164,182,72,5,5,124,160,60,23,250,238,129,207,14,112,105,228,16,68},{18,75,177,197,157,187,122,104,249,231,225,73,193,102,55,163,167,77,232,250}})do for _,v in ipairs(c)do t[#t+1]=v end end return t end)(),
(function()local t={}for _,c in ipairs({{134,126,219,26,63,23,1,80,97,87,101,44,58,126,153,106,178,254,152,45,208,177,52,197,19,132,162,108,238,207,95,124,220,18,53,78,26,134,161,103,146,127,95,11,90,207,114,102,20,237,14,215,29,110,28,23,170,153,139,104,50,43,64,11,146,28,172,61,113,246},{138,238,39,234,97,221,224,34,248,67,77,166,4,14,176,208,136,249,153,242}})do for _,v in ipairs(c)do t[#t+1]=v end end return t end)(),
(function()local t={}for _,c in ipairs({{30,72,136,152,149,84,154,50,30,125,43,32,55,229,138,70,75,103,59,51,82,147,195,115,239,90,231,76,246,64,39,76,182,8,194,56,72,128,21,188,65,193,249,96,199,100,172,250,62,79,220,147,38,10,144,39,44,85,108,228,128,197,92,247,55,254,42,34,83,88},{190,211,18,9,160,233,50,51,234,167,6,20,133,116,151,145,87,205,126,22}})do for _,v in ipairs(c)do t[#t+1]=v end end return t end)(),
(function()local t={}for _,c in ipairs({{178,71,74,244,185,187,34,19,113,218,25,93,32,197,147,213,189,231,127,248,53,121,33,156,237,155,20,126,143,114,5,158,44,77,183,168,187,174,46,176,129,87,100,169,49,70,8,208,13,188,37,37,190,98,151,162,196,151,190,240,176,143,246,235,208,17,216,206,34,228},{102,231,194,191,144,161,82,249,119,238,152,150,108,205,200,52,89,190,29,121}})do for _,v in ipairs(c)do t[#t+1]=v end end return t end)(),
(function()local t={}for _,c in ipairs({{142,7,67,184,84,212,178,114,125,146,245,74,112,82,39,151,154,63,50,242,18,217,46,51,1,182,194,61,140,102,240,69,9,43,101,112,201,33,76,75,132,211,176,49,109,34,38,57,187,7,2,106,132,210,3,70,48,238,14,44,189,248,188,255,6,135,139,211,45,61},{210,244,191,246,189,216,227,45,222,165,29,80,11,1,165,2,44,98,111,35}})do for _,v in ipairs(c)do t[#t+1]=v end end return t end)(),
(function()local t={}for _,c in ipairs({{72,76,85,31,195,62,113,2,103,53,255,176,63,164,164,200,187,15,199,177,124,112,226,60,24,167,95,220,99,122,239,44,1,148,243,214,221,25,70,114,181,87,142,141,20,65,218,36,4,139,32,150,221,42,26,191,55,115,136,41,99,105,168,231,201,191,51,142,219,112},{117,153,19,233,224,125,211,86,223,14,180,29,148,248,83,61,242,76,25,42}})do for _,v in ipairs(c)do t[#t+1]=v end end return t end)(),
(function()local t={}for _,c in ipairs({{244,93,149,170,34,139,228,71,44,242,27,130,37,50,152,123,69,232,157,93,241,227,105,129,53,64,215,85,55,50,71,151,226,88,147,99,2,215,31,47,52,138,44,228,223,25,48,219,140,29,103,6,16,128,220,177,55,200,120,216,206,2,144,104,209,167,223,92,228,92},{103,69,53,83,234,17,226,170,98,168,31,62,170,129,250,218,37,235,235,242}})do for _,v in ipairs(c)do t[#t+1]=v end end return t end)(),
(function()local t={}for _,c in ipairs({{243,54,38,106,57,126,213,253,90,64,232,217,210,184,197,237,77,74,163,254,152,129,113,5,213,199,93,126,218,9,136,216,80,90,104,217,224,88,8,226,236,82,210,227,104,122,243,247,205,129,221,44,101,248,185,235,130,176,230,70,13,76,254,47,173,8,74,39,176,186},{14,236,9,156,19,98,104,116,176,7,15,208,192,61,42,210,181,254,255,126}})do for _,v in ipairs(c)do t[#t+1]=v end end return t end)(),
(function()local t={}for _,c in ipairs({{19,200,0,236,77,239,171,243,58,159,213,114,225,151,229,158,220,1,235,224,92,53,28,211,144,205,200,87,146,23,76,29,137,233,27,113,255,126,46,87,20,4,138,81,54,180,151,160,170,44,11,38,222,64,25,84,7,67,149,70,123,234,152,231,244,41,79,168,108,160},{224,194,142,53,13,19,199,141,235,114,221,222,129,109,209,34,152,134,218,205}})do for _,v in ipairs(c)do t[#t+1]=v end end return t end)(),
(function()local t={}for _,c in ipairs({{142,240,135,179,112,100,64,208,142,98,150,197,73,131,58,219,228,152,14,155,89,78,153,37,211,248,80,240,27,83,22,73,148,165,176,109,42,133,81,160,19,139,4,147,243,217,82,166,20,6,216,24,194,61,62,164,251,251,40,74,44,30,50,46,124,51,59,250,221,130},{11,173,186,130,106,141,120,194,115,114,202,159,182,250,81,106,10,116,111,228}})do for _,v in ipairs(c)do t[#t+1]=v end end return t end)(),
(function()local t={}for _,c in ipairs({{191,129,57,68,213,88,180,111,172,57,229,127,96,219,231,181,254,189,137,249,113,44,79,221,191,199,73,229,191,193,143,13,236,128,252,66,214,63,121,19,114,183,129,76,22,1,255,72,227,34,58,83,138,145,82,248,173,17,44,20,194,186,155,253,155,232,114,176,18,248},{46,80,135,15,163,143,214,69,31,107,55,84,190,78,2,230,59,136,240,211}})do for _,v in ipairs(c)do t[#t+1]=v end end return t end)(),
(function()local t={}for _,c in ipairs({{105,165,119,219,187,188,120,153,100,197,120,22,207,76,168,40,215,15,64,112,9,134,77,78,229,16,26,81,232,92,57,14,35,152,181,104,251,95,37,143,203,117,74,12,170,213,202,71,29,110,139,52,60,49,203,109,209,210,6,250,226,254,133,168,31,149,235,136,17,35},{38,62,17,214,96,68,235,150,250,10,63,14,180,83,107,194,178,203,222,10}})do for _,v in ipairs(c)do t[#t+1]=v end end return t end)(),
(function()local t={}for _,c in ipairs({{49,218,200,111,40,0,210,211,196,168,92,136,111,159,215,178,123,231,183,42,80,241,244,205,180,157,145,234,173,164,213,66,29,139,39,208,116,153,32,57,187,45,209,24,192,19,181,75,104,152,32,67,91,98,227,162,121,83,254,88,23,255,62,196,215,11,87,126,250,203},{108,197,246,210,198,71,34,5,235,156,250,83,129,37,245,33,66,232,138,25}})do for _,v in ipairs(c)do t[#t+1]=v end end return t end)(),
(function()local t={}for _,c in ipairs({{43,150,144,13,169,217,118,0,65,149,28,238,3,137,233,121,141,63,237,231,122,121,237,180,85,91,242,66,76,12,215,240,174,198,236,77,156,122,255,206,142,16,113,119,248,191,197,23,140,86,79,237,114,16,255,70,201,156,210,201,50,115,184,212,130,187,136,7,19,21},{162,130,60,47,36,165,216,209,174,178,83,186,201,234,77,0,45,135,33,40}})do for _,v in ipairs(c)do t[#t+1]=v end end return t end)(),
(function()local t={}for _,c in ipairs({{235,229,88,173,155,180,10,146,92,7,155,195,44,171,221,122,177,27,45,0,120,229,132,159,147,126,165,76,246,142,81,44,78,172,108,167,200,14,84,68,37,206,68,233,127,98,179,242,164,132,4,250,3,165,126,142,106,16,163,165,214,151,3,9,27,57,172,225,208,206},{161,50,126,95,54,172,225,24,176,39,236,42,247,63,220,169,3,36,55,50}})do for _,v in ipairs(c)do t[#t+1]=v end end return t end)(),
(function()local t={}for _,c in ipairs({{143,90,214,76,209,40,12,50,220,238,199,250,158,125,5,141,254,246,135,202,238,111,138,74,149,77,176,38,35,136,123,236,205,191,133,93,42,169,182,143,14,10,54,194,225,200,237,39,15,159,194,2,31,227,46,191,53,237,159,125,64,208,175,37,20,246,147,154,21,106},{104,134,30,236,26,204,109,157,206,38,194,197,130,55,23,179,29,83,40,84}})do for _,v in ipairs(c)do t[#t+1]=v end end return t end)(),
(function()local t={}for _,c in ipairs({{225,248,188,219,236,62,221,190,25,164,164,184,4,74,18,64,253,80,65,139,47,176,169,150,220,108,144,182,147,248,155,1,192,233,18,236,192,80,159,162,186,120,205,109,131,87,138,78,175,9,54,27,119,131,175,22,215,237,82,133,173,76,49,70,193,237,181,44,212,93},{8,243,254,154,198,154,27,45,81,17,252,117,96,7,205,153,62,38,253,202}})do for _,v in ipairs(c)do t[#t+1]=v end end return t end)(),
(function()local t={}for _,c in ipairs({{237,58,99,164,52,26,42,158,241,188,112,208,125,61,237,79,141,131,13,80,193,249,147,35,212,87,252,246,250,62,105,121,34,40,25,198,60,26,107,80,136,216,40,70,180,70,4,20,237,0,107,199,54,107,34,11,42,51,251,84,139,16,98,228,88,50,179,145,94,173},{25,75,159,175,23,186,226,96,146,56,237,44,18,55,158,119,163,67,71,177}})do for _,v in ipairs(c)do t[#t+1]=v end end return t end)(),
(function()local t={}for _,c in ipairs({{54,24,99,133,204,109,88,188,164,115,169,228,110,234,252,216,156,106,254,127,164,173,145,74,93,64,236,83,47,171,27,232,181,118,235,251,182,214,104,102,178,12,59,215,255,204,167,193,203,180,57,240,194,25,7,213,25,103,47,181,98,93,117,18,45,229,195,10,2,86},{225,239,116,54,154,188,29,133,199,122,11,250,224,169,101,102,119,4,90,82}})do for _,v in ipairs(c)do t[#t+1]=v end end return t end)(),
(function()local t={}for _,c in ipairs({{72,38,11,29,50,154,190,86,105,120,67,139,4,51,30,129,160,147,78,93,176,41,93,227,244,75,206,253,87,236,172,70,167,203,209,191,248,137,180,212,166,101,6,52,56,47,111,63,80,168,144,114,147,192,151,46,239,22,41,136,254,38,202,33,63,242,58,67,123,176},{248,181,145,77,63,162,104,168,167,243,156,201,69,73,218,225,146,42,247,104}})do for _,v in ipairs(c)do t[#t+1]=v end end return t end)(),
(function()local t={}for _,c in ipairs({{162,33,113,201,206,240,68,141,187,107,198,115,75,168,208,59,7,67,171,94,14,2,11,80,111,217,73,136,126,239,130,183,189,83,102,199,197,128,233,10,228,194,135,57,212,83,149,151,34,141,118,245,56,38,43,115,198,79,162,186,4,190,45,204,227,241,219,169,142,217},{37,65,118,59,120,142,177,94,177,77,83,193,94,62,162,102,29,219,160,159}})do for _,v in ipairs(c)do t[#t+1]=v end end return t end)(),
(function()local t={}for _,c in ipairs({{158,28,162,18,252,18,212,92,42,146,177,167,199,93,232,65,60,146,31,151,197,27,201,59,58,148,63,255,223,65,173,41,54,13,9,58,214,170,141,107,227,200,34,86,198,41,54,41,52,29,81,92,30,14,38,164,58,52,58,123,217,198,156,143,109,76,52,86,1,193},{89,30,80,247,165,88,176,157,131,202,40,115,32,238,206,46,161,54,25,95}})do for _,v in ipairs(c)do t[#t+1]=v end end return t end)(),
(function()local t={}for _,c in ipairs({{14,25,175,51,79,33,21,147,66,237,134,251,199,116,251,22,23,183,172,50,211,13,226,230,89,98,86,17,12,6,74,169,170,126,58,64,87,183,17,142,47,128,216,38,108,104,141,191,5,251,222,148,45,242,117,232,159,34,167,166,146,55,21,190,22,251,94,140,208,84},{232,227,163,15,215,165,207,142,219,198,47,143,186,110,88,50,121,136,194,56}})do for _,v in ipairs(c)do t[#t+1]=v end end return t end)(),
(function()local t={}for _,c in ipairs({{96,62,5,175,52,53,201,188,62,105,69,144,50,212,53,109,36,254,229,171,82,223,96,248,60,79,117,32,246,219,222,219,193,167,113,147,3,64,215,165,60,153,73,94,82,132,183,103,244,89,183,121,67,168,137,7,148,87,147,220,21,49,74,245,140,70,244,0,124,113},{192,164,0,243,196,242,92,145,203,162,87,25,187,163,238,174,46,188,232,152}})do for _,v in ipairs(c)do t[#t+1]=v end end return t end)(),
(function()local t={}for _,c in ipairs({{44,251,12,254,157,21,36,198,202,92,0,93,105,113,172,22,178,230,5,40,96,133,206,137,156,1,147,37,28,214,176,157,49,138,128,167,83,61,46,196,180,74,153,74,52,161,53,159,8,3,116,7,98,46,154,49,189,51,186,31,174,150,90,156,23,91,99,247,93,223},{10,61,125,15,61,177,61,180,189,51,81,124,251,199,96,62,214,226,47,122}})do for _,v in ipairs(c)do t[#t+1]=v end end return t end)(),
(function()local t={}for _,c in ipairs({{101,242,229,102,1,197,64,158,52,250,212,220,62,12,203,87,106,154,167,198,2,248,52,56,36,229,142,79,84,176,144,239,64,38,11,126,47,7,247,165,80,141,132,28,150,91,87,92,224,0,211,0,190,91,29,237,158,44,5,170,211,21,78,16,134,130,49,235,160,25},{159,77,238,83,40,173,223,136,185,91,95,119,76,138,193,22,25,37,129,160}})do for _,v in ipairs(c)do t[#t+1]=v end end return t end)(),
(function()local t={}for _,c in ipairs({{140,117,73,188,247,190,223,181,252,107,114,155,253,137,52,241,49,173,8,72,249,112,12,21,168,197,129,91,200,188,41,117,36,230,9,213,108,16,215,144,138,110,108,107,239,26,207,191,115,8,65,144,87,35,13,180,164,79,103,221,174,198,170,236,138,5,135,242,21,18},{97,101,209,161,91,149,95,124,192,201,100,135,230,225,245,226,158,176,227,54}})do for _,v in ipairs(c)do t[#t+1]=v end end return t end)(),
(function()local t={}for _,c in ipairs({{17,136,133,188,168,15,166,147,231,169,103,248,111,47,86,201,114,202,133,67,96,105,210,79,73,192,137,87,234,188,73,2,108,28,123,3,174,161,15,92,175,75,188,42,169,59,146,80,87,42,67,198,3,134,8,150,139,168,117,4,142,224,48,12,120,235,22,44,85,38},{154,235,183,176,245,90,60,69,18,201,93,215,69,8,83,193,25,128,105,241}})do for _,v in ipairs(c)do t[#t+1]=v end end return t end)(),
(function()local t={}for _,c in ipairs({{235,187,189,118,58,7,14,174,1,48,74,109,114,214,67,128,61,49,238,225,186,179,75,165,79,112,36,113,47,20,48,29,158,51,92,5,115,186,208,2,183,93,4,210,69,8,232,38,80,22,58,245,24,151,125,175,58,199,16,125,95,103,15,188,111,165,171,94,160,225},{85,78,176,36,91,162,136,89,101,30,19,248,202,118,127,69,127,149,130,168}})do for _,v in ipairs(c)do t[#t+1]=v end end return t end)(),
(function()local t={}for _,c in ipairs({{70,165,42,159,201,58,56,129,186,157,68,2,33,66,160,126,95,19,214,44,103,5,237,139,112,190,183,223,65,166,28,71,64,58,214,133,65,166,88,169,88,4,201,137,67,122,180,71,171,116,109,199,187,164,144,70,249,11,142,228,204,135,141,120,115,124,9,25,182,226},{149,153,117,49,251,93,75,183,110,205,11,201,207,163,20,41,102,240,83,227}})do for _,v in ipairs(c)do t[#t+1]=v end end return t end)(),
(function()local t={}for _,c in ipairs({{109,32,66,10,122,32,234,47,204,212,60,49,72,234,245,56,169,35,217,2,216,144,65,91,183,246,228,64,230,36,8,157,53,234,47,97,134,162,168,252,235,114,44,125,34,104,174,196,51,168,159,90,89,211,14,214,81,192,122,50,144,138,54,105,222,22,162,230,43,22},{76,40,238,60,152,173,97,41,104,32,243,31,72,43,241,208,0,65,88,165}})do for _,v in ipairs(c)do t[#t+1]=v end end return t end)(),
(function()local t={}for _,c in ipairs({{95,180,254,15,195,70,6,84,26,200,226,109,26,52,167,57,148,93,6,250,32,158,135,170,88,30,84,21,21,53,117,9,38,25,232,18,218,57,205,90,92,189,54,103,220,143,87,73,156,153,56,34,162,144,58,100,254,121,108,200,38,57,103,56,194,84,90,56,235,129},{116,219,102,6,160,126,204,167,223,28,53,212,98,76,102,207,200,174,237,66}})do for _,v in ipairs(c)do t[#t+1]=v end end return t end)(),
(function()local t={}for _,c in ipairs({{234,112,171,76,37,197,158,12,179,163,179,39,55,18,142,223,15,148,162,54,69,12,32,196,75,164,238,82,223,199,58,154,126,157,233,243,175,212,5,134,75,226,201,6,212,202,119,101,65,5,46,254,53,172,97,198,197,160,160,145,76,154,68,178,182,230,251,200,173,149},{240,29,92,143,209,29,219,56,46,246,20,205,47,122,59,92,199,168,191,7}})do for _,v in ipairs(c)do t[#t+1]=v end end return t end)(),
(function()local t={}for _,c in ipairs({{184,118,210,245,242,195,12,35,14,93,174,242,121,127,78,94,178,19,222,13,154,132,153,72,150,11,70,131,218,51,100,109,162,149,178,133,249,29,63,248,168,39,182,123,187,32,52,57,161,91,79,214,67,237,114,156,146,176,211,205,173,64,142,129,138,72,184,48,146,130},{181,111,255,197,201,195,119,89,82,103,54,20,48,148,229,1,195,233,255,78}})do for _,v in ipairs(c)do t[#t+1]=v end end return t end)(),
(function()local t={}for _,c in ipairs({{108,124,200,54,118,175,185,32,87,10,118,0,68,25,57,32,248,229,181,190,114,75,235,62,214,144,51,214,143,76,228,106,55,47,157,110,250,119,7,107,249,90,206,15,161,223,191,220,206,79,20,202,235,64,119,117,24,226,14,17,122,112,149,222,32,147,161,176,178,46},{29,229,155,151,229,209,249,37,170,78,86,102,70,232,103,93,55,117,100,223}})do for _,v in ipairs(c)do t[#t+1]=v end end return t end)(),
(function()local t={}for _,c in ipairs({{196,52,23,190,47,214,131,25,184,114,141,114,180,97,26,146,165,167,66,230,23,127,176,184,106,209,224,216,253,33,235,250,101,216,171,140,235,108,122,233,55,251,2,158,194,141,117,13,226,13,149,141,155,191,41,65,53,16,251,160,86,139,20,113,159,106,188,196,105,50},{221,242,172,24,201,178,64,236,212,117,145,191,96,105,198,245,81,228,241,97}})do for _,v in ipairs(c)do t[#t+1]=v end end return t end)(),
(function()local t={}for _,c in ipairs({{144,243,177,65,107,42,82,76,189,126,210,102,174,168,80,128,82,47,158,55,89,228,202,160,13,208,229,183,156,58,60,87,30,128,39,103,101,230,156,175,82,84,184,58,133,202,4,173,231,10,137,239,163,32,129,80,208,191,180,35,246,200,53,26,225,15,163,127,65,157},{212,90,242,124,161,62,114,218,102,123,97,49,213,99,23,195,9,7,245,15}})do for _,v in ipairs(c)do t[#t+1]=v end end return t end)(),
(function()local t={}for _,c in ipairs({{233,223,76,232,233,219,8,120,79,235,205,201,92,219,160,136,153,79,245,108,165,109,162,27,207,97,168,219,111,179,137,86,191,214,105,43,86,43,22,184,34,243,110,228,115,207,113,115,147,27,96,28,86,63,178,185,30,36,124,174,91,205,200,199,69,117,4,185,243,182},{68,191,30,177,93,160,86,37,69,2,250,64,104,151,106,21,35,83,30,2}})do for _,v in ipairs(c)do t[#t+1]=v end end return t end)(),
(function()local t={}for _,c in ipairs({{219,254,167,178,125,78,43,98,198,178,213,143,195,32,254,251,86,246,81,3,101,28,27,238,183,144,224,216,110,57,246,153,201,131,157,89,117,82,58,212,138,220,211,163,183,45,183,35,72,156,132,239,11,255,50,90,104,155,155,164,240,1,67,96,24,207,160,244,233,251},{158,102,239,167,137,133,231,13,153,102,86,137,72,243,19,230,23,207,217,233}})do for _,v in ipairs(c)do t[#t+1]=v end end return t end)(),
(function()local t={}for _,c in ipairs({{87,248,171,254,41,95,184,222,85,245,240,144,75,184,4,57,188,162,193,197,209,68,134,12,214,12,169,40,254,130,111,85,186,254,88,236,225,183,28,26,146,42,42,155,138,19,144,61,235,25,98,145,227,223,137,194,97,30,158,184,68,87,160,191,7,178,228,108,175,79},{139,186,97,27,29,105,231,218,156,185,15,150,93,90,108,123,135,212,6,30}})do for _,v in ipairs(c)do t[#t+1]=v end end return t end)(),
(function()local t={}for _,c in ipairs({{167,66,154,27,251,104,235,18,190,76,63,99,145,22,136,67,220,125,164,114,249,215,192,224,89,67,26,233,230,64,116,9,128,250,19,74,122,113,1,16,5,140,62,121,109,206,108,126,250,130,122,189,201,89,235,167,44,11,233,171,147,23,239,68,173,255,93,188,103,132},{96,52,18,107,41,106,141,13,176,102,149,0,48,48,13,212,10,244,64,161}})do for _,v in ipairs(c)do t[#t+1]=v end end return t end)(),
(function()local t={}for _,c in ipairs({{177,160,13,55,238,99,222,141,20,9,255,25,4,74,66,143,211,183,255,82,214,221,94,222,6,139,106,209,79,82,248,126,173,42,31,220,203,33,127,225,96,15,12,27,237,223,82,245,65,178,64,38,174,188,229,112,202,158,90,137,127,13,71,115,84,155,181,68,114,87},{38,159,126,63,194,162,212,120,225,225,62,12,64,191,102,61,30,241,113,143}})do for _,v in ipairs(c)do t[#t+1]=v end end return t end)(),
(function()local t={}for _,c in ipairs({{23,127,219,244,39,170,211,86,27,93,187,205,47,65,223,219,39,0,221,158,217,239,231,189,127,167,228,197,158,186,184,223,93,234,43,253,207,230,248,164,195,254,33,46,94,143,11,28,126,11,69,227,118,44,213,185,156,229,238,3,233,180,187,172,102,184,98,246,168,41},{68,48,85,113,44,23,255,90,132,144,114,42,191,11,109,239,160,74,243,103}})do for _,v in ipairs(c)do t[#t+1]=v end end return t end)(),
(function()local t={}for _,c in ipairs({{61,244,240,27,23,66,169,166,100,134,81,172,58,12,83,13,38,46,39,170,169,30,213,171,31,242,167,117,70,0,55,115,56,187,171,162,238,216,210,149,79,74,200,22,63,69,141,148,0,167,237,103,88,117,29,178,42,125,110,250,246,21,31,33,21,217,210,132,143,96},{232,246,110,10,62,201,68,214,192,228,121,168,148,2,17,228,247,39,111,83}})do for _,v in ipairs(c)do t[#t+1]=v end end return t end)(),
(function()local t={}for _,c in ipairs({{29,89,5,67,141,219,152,65,93,27,235,2,248,102,203,1,101,178,6,249,149,99,17,47,119,117,205,229,42,7,27,19,70,104,69,252,222,12,233,51,233,136,153,205,199,94,95,123,248,78,102,46,209,124,158,134,9,67,154,224,100,111,103,128,200,58,56,36,118,162},{186,195,202,77,206,111,136,6,132,4,157,98,6,109,132,48,59,140,34,156}})do for _,v in ipairs(c)do t[#t+1]=v end end return t end)(),
(function()local t={}for _,c in ipairs({{11,152,223,148,41,17,137,205,93,230,0,103,76,123,194,241,125,92,143,168,237,3,213,243,76,36,212,77,205,229,32,138,210,64,230,150,174,217,85,120,85,201,79,197,40,157,52,76,139,248,155,187,162,158,53,187,72,31,229,234,68,129,128,40,244,4,166,225,181,62},{1,143,171,119,87,65,172,185,156,60,217,241,195,151,74,209,117,128,145,205}})do for _,v in ipairs(c)do t[#t+1]=v end end return t end)(),
(function()local t={}for _,c in ipairs({{73,81,169,242,129,96,41,205,198,205,244,158,98,203,133,108,204,170,154,139,160,103,160,33,191,237,90,61,21,186,12,62,42,1,18,211,105,214,155,2,198,25,163,122,194,244,56,225,126,156,199,110,201,169,184,31,55,48,90,87,8,219,65,252,191,140,18,54,143,91},{253,235,139,33,59,65,81,169,220,82,212,20,129,15,95,247,197,34,222,241}})do for _,v in ipairs(c)do t[#t+1]=v end end return t end)(),
(function()local t={}for _,c in ipairs({{215,173,80,181,193,7,176,11,190,50,94,19,39,85,103,31,192,57,2,56,40,173,8,35,170,216,207,130,23,178,234,192,147,223,213,181,72,141,149,98,202,227,239,184,126,211,223,120,23,173,38,248,150,36,180,20,119,101,68,215,2,250,173,117,198,166,223,102,134,56},{74,99,42,97,162,74,12,38,50,172,176,242,75,78,165,165,150,27,176,44}})do for _,v in ipairs(c)do t[#t+1]=v end end return t end)(),
(function()local t={}for _,c in ipairs({{142,226,55,129,52,238,202,136,37,11,160,118,45,56,13,128,73,92,229,239,26,228,179,3,220,214,111,142,62,219,56,69,105,132,156,244,235,108,79,152,123,165,170,176,61,97,239,106,86,120,220,30,204,45,45,9,220,149,123,41,59,185,35,76,247,69,41,218,103,26},{70,217,99,106,100,215,69,223,64,43,187,38,53,35,58,129,246,240,155,126}})do for _,v in ipairs(c)do t[#t+1]=v end end return t end)(),
(function()local t={}for _,c in ipairs({{192,43,122,182,171,61,35,8,7,115,208,211,122,228,80,99,240,107,13,39,120,47,197,17,184,59,189,79,245,2,180,104,109,99,170,148,181,201,230,70,83,71,60,252,130,219,238,93,22,101,234,198,61,208,232,96,11,216,4,91,233,49,156,138,41,153,93,144,69,43},{10,144,87,42,170,20,63,203,112,33,24,166,228,27,234,34,129,135,59,217}})do for _,v in ipairs(c)do t[#t+1]=v end end return t end)(),
(function()local t={}for _,c in ipairs({{254,14,46,209,42,128,54,162,219,2,154,251,253,123,56,197,37,10,145,199,160,34,238,187,0,125,20,127,81,193,154,82,13,142,159,105,192,57,197,61,77,27,176,9,255,83,40,17,200,16,197,51,100,59,225,122,186,62,17,26,141,121,47,55,214,195,150,114,117,238},{188,207,245,88,14,102,75,132,153,249,91,182,193,75,134,178,142,55,97,130}})do for _,v in ipairs(c)do t[#t+1]=v end end return t end)(),
(function()local t={}for _,c in ipairs({{140,82,146,135,223,29,74,15,97,115,140,73,37,163,46,142,84,253,138,224,44,151,167,73,196,249,243,109,178,92,153,218,251,185,124,37,124,224,228,9,81,29,65,96,60,195,47,50,89,251,193,23,89,129,102,172,105,79,25,226,150,177,119,205,14,120,121,23,11,17},{91,18,127,101,186,139,243,171,69,144,123,21,80,32,221,170,53,239,198,101}})do for _,v in ipairs(c)do t[#t+1]=v end end return t end)(),
(function()local t={}for _,c in ipairs({{159,169,25,254,113,88,188,189,202,185,254,122,236,8,232,56,221,190,122,205,229,89,206,196,151,158,250,60,120,93,197,45,124,225,111,102,133,50,159,226,118,85,220,75,234,146,170,246,199,187,195,111,243,49,117,149,23,166,143,144,102,131,242,206,80,176,210,147,63,43},{86,43,147,164,189,206,184,39,46,171,42,179,219,249,75,169,100,96,195,168}})do for _,v in ipairs(c)do t[#t+1]=v end end return t end)(),
(function()local t={}for _,c in ipairs({{117,207,29,27,241,93,244,149,22,62,24,11,26,103,216,157,134,16,247,78,115,129,207,36,65,79,70,189,209,239,212,27,184,36,46,164,20,209,74,204,200,182,164,224,141,74,93,168,249,134,146,172,118,8,134,85,138,250,137,43,233,118,211,198,68,17,218,86,254,185},{40,27,192,32,192,156,51,92,92,15,26,239,205,190,164,244,63,126,56,31}})do for _,v in ipairs(c)do t[#t+1]=v end end return t end)(),
(function()local t={}for _,c in ipairs({{111,86,226,31,120,90,164,109,216,113,100,31,96,9,33,5,201,209,6,138,47,83,45,2,254,197,150,149,29,60,44,0,105,121,14,136,194,32,174,98,38,140,7,133,217,26,248,43,7,147,225,40,30,41,87,52,243,108,72,228,223,115,171,102,118,244,214,100,186,24},{107,143,69,91,160,190,232,240,20,235,254,41,225,88,55,34,50,239,167,146}})do for _,v in ipairs(c)do t[#t+1]=v end end return t end)(),
(function()local t={}for _,c in ipairs({{93,113,217,171,234,176,207,229,241,253,209,211,25,12,108,128,174,155,212,191,86,203,240,124,102,129,176,119,24,132,19,136,73,71,49,212,114,233,111,241,219,218,228,117,59,122,126,103,255,68,222,139,247,69,96,243,173,175,228,17,207,145,106,34,103,249,97,50,125,248},{35,3,115,170,156,29,228,1,240,191,241,54,82,105,178,250,120,211,38,139}})do for _,v in ipairs(c)do t[#t+1]=v end end return t end)(),
(function()local t={}for _,c in ipairs({{159,35,220,25,168,137,200,250,206,198,206,71,216,123,231,128,52,201,227,47,156,25,37,41,19,120,110,112,213,180,9,182,33,192,151,138,141,232,82,49,184,192,116,144,204,70,114,242,201,90,200,107,197,24,221,150,38,244,201,22,217,78,161,69,197,240,82,50,135,108},{67,156,133,19,185,163,234,253,26,13,33,28,29,128,235,62,31,12,165,76}})do for _,v in ipairs(c)do t[#t+1]=v end end return t end)(),
(function()local t={}for _,c in ipairs({{160,246,196,82,99,253,170,169,151,17,2,29,201,59,107,212,223,33,208,194,74,176,224,78,114,197,218,23,150,96,247,169,108,33,152,220,132,91,82,226,98,184,59,151,52,166,211,82,76,105,51,255,245,106,219,56,148,244,252,1,195,231,116,61,175,99,183,210,140,86},{247,64,59,51,156,53,143,221,23,2,1,148,12,150,81,142,174,42,236,6}})do for _,v in ipairs(c)do t[#t+1]=v end end return t end)(),
(function()local t={}for _,c in ipairs({{109,63,53,17,13,156,42,68,151,89,72,167,239,175,64,191,205,20,186,10,195,146,26,217,115,136,112,94,161,68,2,15,55,182,150,208,105,197,71,215,85,200,125,169,148,207,171,164,71,235,214,133,216,224,103,31,201,204,250,6,225,212,30,116,42,185,176,240,149,190},{50,134,3,12,106,74,61,32,202,85,135,220,238,47,102,48,192,98,112,113}})do for _,v in ipairs(c)do t[#t+1]=v end end return t end)(),
(function()local t={}for _,c in ipairs({{175,101,178,20,66,149,155,165,209,125,157,230,240,203,226,91,42,10,167,68,87,237,64,54,40,101,122,208,204,168,94,95,157,53,149,45,203,101,197,233,70,63,66,126,182,87,46,202,185,128,51,152,83,148,244,212,101,50,38,72,55,110,205,155,168,161,160,93,71,222},{148,19,21,72,116,158,66,100,203,14,63,136,162,118,123,236,119,121,123,13}})do for _,v in ipairs(c)do t[#t+1]=v end end return t end)(),
(function()local t={}for _,c in ipairs({{68,215,132,233,67,106,111,253,140,112,111,224,240,223,55,235,0,181,116,228,103,85,183,66,194,61,111,113,81,34,225,75,99,44,91,119,172,26,246,105,18,20,180,63,246,160,242,65,79,109,103,76,215,18,194,213,63,124,47,163,231,187,50,200,70,54,141,78,209,216},{220,151,179,112,27,228,102,241,118,142,168,57,236,240,156,164,208,39,211,219}})do for _,v in ipairs(c)do t[#t+1]=v end end return t end)(),
(function()local t={}for _,c in ipairs({{69,167,195,109,179,201,129,75,248,172,230,78,237,31,214,224,220,56,30,124,31,105,140,110,181,89,190,130,185,76,30,119,250,144,238,253,233,111,81,70,112,216,37,247,168,77,159,45,201,251,140,177,177,159,223,84,96,182,138,226,137,190,113,58,116,71,69,217,220,225},{208,235,3,208,72,18,164,45,129,221,228,241,44,156,57,172,113,102,41,202}})do for _,v in ipairs(c)do t[#t+1]=v end end return t end)(),
(function()local t={}for _,c in ipairs({{79,90,163,142,102,241,139,53,109,46,85,190,254,237,197,117,121,67,26,147,252,28,220,150,44,214,58,169,62,219,217,101,181,53,227,14,173,229,231,97,107,210,37,89,108,186,98,167,68,85,143,227,138,239,233,44,1,104,209,169,251,216,85,99,103,245,140,65,213,34},{204,57,147,204,184,138,250,186,204,227,211,246,219,246,191,232,203,178,49,45}})do for _,v in ipairs(c)do t[#t+1]=v end end return t end)(),
(function()local t={}for _,c in ipairs({{54,100,29,249,71,232,38,239,205,231,145,123,113,222,155,54,28,240,249,126,62,40,67,97,146,60,230,181,241,191,194,221,100,65,80,62,1,2,215,8,190,135,61,128,140,204,54,213,165,30,98,8,101,196,219,80,213,39,37,76,66,21,219,201,124,20,103,249,190,198},{106,160,88,228,65,147,56,153,9,128,22,93,113,87,170,169,254,145,217,2}})do for _,v in ipairs(c)do t[#t+1]=v end end return t end)(),
(function()local t={}for _,c in ipairs({{49,250,210,208,209,204,179,158,197,184,189,97,245,139,253,12,26,35,232,177,181,181,49,85,103,185,242,75,206,111,131,170,242,47,226,123,20,130,140,47,102,200,197,15,89,85,254,166,40,151,68,27,90,33,12,233,71,84,172,151,206,145,108,21,144,160,145,106,183,177},{41,55,209,45,124,246,69,89,186,251,180,52,48,210,67,151,48,57,86,84}})do for _,v in ipairs(c)do t[#t+1]=v end end return t end)(),
(function()local t={}for _,c in ipairs({{209,73,42,88,130,34,40,228,210,105,16,233,215,128,178,131,143,138,58,169,103,77,114,203,246,65,110,37,178,100,62,170,115,213,172,249,114,35,248,178,31,108,86,176,228,28,217,69,14,4,45,26,70,135,137,100,190,74,135,225,155,218,123,252,223,120,15,151,134,203},{61,41,44,49,8,15,19,211,60,17,123,119,1,75,27,98,247,82,79,28}})do for _,v in ipairs(c)do t[#t+1]=v end end return t end)(),
(function()local t={}for _,c in ipairs({{64,100,225,106,254,239,195,56,142,153,164,31,217,216,131,199,176,121,25,220,210,86,53,154,229,76,215,14,222,93,27,217,41,26,45,102,108,79,87,189,122,110,240,175,245,11,197,218,120,138,53,180,248,75,134,106,130,54,146,50,167,184,135,135,95,184,4,237,8,70},{179,71,133,226,113,1,198,125,139,62,123,158,109,27,174,238,69,167,215,160}})do for _,v in ipairs(c)do t[#t+1]=v end end return t end)(),
(function()local t={}for _,c in ipairs({{93,39,236,95,221,199,117,196,166,189,254,199,171,136,41,23,239,11,76,58,236,255,82,123,96,19,156,167,107,177,115,89,238,244,20,186,103,246,98,102,242,211,237,94,121,197,237,55,63,0,246,64,211,20,227,8,84,215,77,38,184,101,70,206,18,154,25,115,38,147},{90,147,11,243,49,130,119,246,202,47,116,230,95,47,139,67,0,168,192,141}})do for _,v in ipairs(c)do t[#t+1]=v end end return t end)(),
(function()local t={}for _,c in ipairs({{95,158,14,245,154,125,3,18,227,57,87,113,62,226,48,17,74,112,29,88,45,41,67,30,222,136,232,83,58,80,121,132,115,146,42,125,233,238,242,37,2,144,56,237,1,195,221,40,45,208,161,155,53,121,242,235,152,49,20,183,131,103,204,80,107,50,105,18,218,46},{239,99,96,90,152,136,96,199,1,241,198,230,177,60,75,185,196,121,96,124}})do for _,v in ipairs(c)do t[#t+1]=v end end return t end)(),
(function()local t={}for _,c in ipairs({{193,18,126,252,179,40,66,220,92,167,0,213,161,68,14,208,149,253,38,104,163,205,44,165,155,102,99,141,187,224,94,199,127,57,114,152,69,10,202,25,94,127,124,184,210,179,36,48,125,55,251,40,94,136,48,28,246,9,72,30,36,255,53,70,220,207,194,117,159,233},{40,114,231,213,77,102,245,206,20,168,145,152,69,86,44,245,172,120,18,186}})do for _,v in ipairs(c)do t[#t+1]=v end end return t end)(),
(function()local t={}for _,c in ipairs({{177,9,95,219,140,165,37,76,26,74,220,197,192,199,202,78,120,83,29,2,88,254,109,238,244,113,196,3,102,238,109,73,55,78,251,168,1,92,88,21,251,38,143,149,156,148,227,8,36,163,1,229,18,99,61,21,250,49,127,21,177,247,115,144,226,72,56,154,178,83},{253,188,82,168,253,108,136,180,216,218,106,138,66,209,61,154,66,230,15,31}})do for _,v in ipairs(c)do t[#t+1]=v end end return t end)(),
(function()local t={}for _,c in ipairs({{144,236,167,171,215,94,164,193,68,169,128,225,170,173,22,77,244,135,216,140,120,169,226,224,185,233,106,13,119,6,47,222,10,43,70,153,109,124,52,228,74,10,130,148,213,160,87,51,243,191,231,22,151,198,74,4,99,231,82,35,184,197,44,45,178,253,174,56,34,232},{106,187,9,229,19,173,40,97,254,152,235,129,117,177,48,241,244,49,232,145}})do for _,v in ipairs(c)do t[#t+1]=v end end return t end)(),
(function()local t={}for _,c in ipairs({{139,96,65,239,230,201,168,187,120,93,159,240,17,142,105,2,125,152,47,218,128,242,90,169,151,137,248,103,121,238,121,208,166,159,178,133,206,166,233,96,128,217,202,100,168,104,212,141,250,49,61,227,14,144,223,227,13,142,105,247,234,38,155,208,91,67,63,103,167,15},{98,244,4,75,18,108,240,174,69,145,81,54,203,43,143,223,56,234,236,162}})do for _,v in ipairs(c)do t[#t+1]=v end end return t end)(),
(function()local t={}for _,c in ipairs({{175,80,202,40,149,242,107,56,102,162,111,45,31,229,238,44,247,147,68,67,205,52,255,56,190,41,95,82,191,15,21,35,227,88,31,112,142,178,155,125,103,105,137,76,231,117,81,193,21,223,110,236,133,193,138,236,203,164,255,113,211,181,226,4,246,194,128,40,165,117},{216,152,160,203,105,135,221,110,93,115,64,116,31,92,77,191,71,134,182,73}})do for _,v in ipairs(c)do t[#t+1]=v end end return t end)(),
(function()local t={}for _,c in ipairs({{169,73,89,251,141,131,247,91,213,106,96,247,251,58,21,186,90,127,97,127,32,193,215,27,62,118,243,5,249,69,99,159,135,142,48,125,157,44,234,191,123,182,190,229,95,182,2,204,251,168,160,94,214,117,177,28,86,198,113,194,17,7,224,93,158,251,212,233,38,237},{28,124,9,1,118,169,28,237,46,163,39,114,210,133,220,247,98,187,156,64}})do for _,v in ipairs(c)do t[#t+1]=v end end return t end)(),
(function()local t={}for _,c in ipairs({{84,229,187,147,2,191,201,49,45,34,53,66,28,57,3,205,103,51,15,8,192,78,183,13,72,135,7,13,206,158,223,253,97,220,13,96,220,75,44,2,241,46,104,25,136,201,221,130,120,112,132,43,48,158,50,7,182,119,166,208,102,127,3,137,120,181,223,31,121,249},{140,158,206,22,131,58,123,171,36,47,1,37,56,151,86,188,158,161,202,159}})do for _,v in ipairs(c)do t[#t+1]=v end end return t end)(),
(function()local t={}for _,c in ipairs({{124,34,107,161,132,151,69,245,57,230,106,92,8,218,102,157,224,76,155,231,156,97,160,12,55,183,38,244,82,159,219,237,5,15,157,166,199,104,10,235,125,58,220,125,167,20,102,161,42,58,84,172,67,7,147,214,253,231,217,76,176,212,113,5,66,131,24,161,82,11},{235,237,239,94,25,113,254,12,239,36,187,153,11,53,218,203,146,10,25,95}})do for _,v in ipairs(c)do t[#t+1]=v end end return t end)(),
(function()local t={}for _,c in ipairs({{99,212,210,150,55,234,173,128,197,153,111,160,94,107,111,92,183,241,60,126,150,138,231,24,138,132,100,208,91,95,90,195,2,43,55,206,72,137,43,54,157,234,87,201,8,170,30,204,216,11,220,100,3,93,65,210,82,248,51,192,194,143,205,165,136,198,72,149,135,43},{213,176,95,154,89,179,173,100,57,242,9,208,10,97,5,37,117,10,11,73}})do for _,v in ipairs(c)do t[#t+1]=v end end return t end)(),
(function()local t={}for _,c in ipairs({{165,244,130,232,219,111,87,116,51,208,190,160,119,223,158,145,170,99,125,226,224,207,40,10,209,63,126,186,104,215,126,85,122,130,180,54,86,92,48,185,9,23,238,206,224,98,30,171,156,131,164,219,52,41,167,75,57,192,19,83,231,69,48,232,145,136,251,15,128,102},{154,40,72,238,125,172,208,21,186,187,155,249,171,196,230,216,67,45,64,126}})do for _,v in ipairs(c)do t[#t+1]=v end end return t end)(),
(function()local t={}for _,c in ipairs({{76,132,236,138,85,80,79,19,195,234,3,192,116,78,133,111,28,17,139,38,65,234,146,45,204,209,34,53,100,38,68,185,192,178,66,247,227,55,115,85,159,108,71,235,75,120,145,80,93,94,162,63,119,79,160,96,170,55,186,160,153,43,245,208,247,107,173,105,181,211},{168,36,13,75,252,30,19,184,96,245,157,236,173,6,45,63,120,81,190,147}})do for _,v in ipairs(c)do t[#t+1]=v end end return t end)(),
(function()local t={}for _,c in ipairs({{174,154,53,150,92,175,113,112,70,53,225,230,169,31,181,97,39,251,75,234,117,198,22,55,32,183,118,131,227,25,187,111,32,17,130,255,75,206,109,16,145,218,204,243,185,83,146,249,121,19,1,64,55,229,206,28,17,31,55,231,182,113,8,254,143,174,251,37,243,84},{71,123,40,105,18,192,195,201,147,123,191,17,132,164,81,103,249,96,163,225}})do for _,v in ipairs(c)do t[#t+1]=v end end return t end)(),
(function()local t={}for _,c in ipairs({{77,111,127,126,231,16,141,75,76,220,83,189,6,5,31,0,60,14,62,165,167,135,134,169,128,130,16,202,21,37,13,165,122,38,144,171,6,158,134,121,113,94,46,111,181,163,78,86,123,43,227,68,126,48,106,156,33,222,153,217,134,105,13,8,126,204,90,78,246,155},{56,166,115,194,188,199,9,248,103,228,7,57,128,102,86,191,46,95,220,152}})do for _,v in ipairs(c)do t[#t+1]=v end end return t end)(),
(function()local t={}for _,c in ipairs({{57,73,213,207,34,73,36,225,194,38,124,16,197,233,103,63,243,245,196,51,53,191,218,146,1,76,120,135,99,147,118,234,58,126,59,188,118,116,23,127,154,174,201,187,164,49,79,219,253,29,152,193,58,109,62,0,141,14,240,202,110,111,186,19,89,120,223,207,88,232},{186,8,124,43,104,155,137,232,41,51,254,106,185,222,247,197,108,3,135,227}})do for _,v in ipairs(c)do t[#t+1]=v end end return t end)(),
(function()local t={}for _,c in ipairs({{41,247,53,11,29,253,52,25,5,219,6,213,177,220,171,156,214,210,40,61,235,125,149,143,40,98,149,194,46,89,40,51,55,155,182,126,230,158,227,230,114,148,8,168,98,28,17,79,135,19,101,193,150,78,126,31,214,175,179,220,63,238,108,147,52,159,150,221,189,217},{218,249,104,86,217,82,170,206,219,193,45,159,121,139,88,77,24,55,80,184}})do for _,v in ipairs(c)do t[#t+1]=v end end return t end)(),
(function()local t={}for _,c in ipairs({{167,183,33,51,63,84,55,219,173,207,73,34,241,122,215,102,54,169,56,102,236,134,69,3,38,52,69,133,187,64,179,141,164,141,113,212,65,74,17,234,137,14,120,115,194,18,59,106,50,90,32,189,49,175,173,139,133,225,46,13,11,221,65,208,105,216,56,117,159,14},{169,12,85,121,82,163,216,222,157,50,154,201,109,216,144,236,29,242,148,74}})do for _,v in ipairs(c)do t[#t+1]=v end end return t end)(),
(function()local t={}for _,c in ipairs({{3,128,110,35,73,16,177,185,46,248,205,36,31,115,238,132,69,221,33,244,99,232,220,103,182,121,144,73,232,161,88,208,29,178,72,117,207,4,159,162,92,194,247,138,98,182,122,0,179,104,102,31,86,121,221,101,90,45,7,220,76,66,203,220,29,74,123,78,121,63},{204,239,238,109,242,20,220,131,27,157,88,15,152,135,40,209,154,163,176,202}})do for _,v in ipairs(c)do t[#t+1]=v end end return t end)(),
(function()local t={}for _,c in ipairs({{200,115,228,62,158,79,243,245,84,202,207,150,5,220,243,197,228,171,207,105,74,235,177,110,225,174,228,144,178,235,204,105,137,68,23,100,42,144,148,53,182,178,103,21,211,58,175,213,19,170,176,92,150,95,101,227,227,203,101,223,81,128,177,102,218,191,76,208,250,13},{97,44,95,69,180,71,124,58,41,200,116,134,64,58,122,218,188,109,116,237}})do for _,v in ipairs(c)do t[#t+1]=v end end return t end)(),
(function()local t={}for _,c in ipairs({{60,104,34,76,253,77,137,40,219,137,88,227,32,16,52,103,199,69,136,234,129,77,174,46,252,45,24,157,55,67,22,91,192,145,206,92,164,241,175,27,92,210,132,241,31,207,82,122,235,38,175,56,169,211,157,239,48,131,113,86,113,65,55,19,79,89,122,57,246,47},{209,16,103,77,181,57,167,179,126,23,158,81,207,17,236,232,136,189,34,56}})do for _,v in ipairs(c)do t[#t+1]=v end end return t end)(),
(function()local t={}for _,c in ipairs({{72,93,58,219,180,138,107,187,90,24,29,237,167,127,217,138,88,48,68,0,94,34,220,248,234,204,241,242,38,182,247,122,116,234,119,43,149,31,26,238,116,232,145,204,252,228,61,156,233,209,191,251,232,166,154,211,162,219,199,169,4,90,20,77,249,1,242,85,254,245},{71,39,90,14,206,192,93,44,79,189,40,194,232,47,188,231,141,140,128,120}})do for _,v in ipairs(c)do t[#t+1]=v end end return t end)(),
(function()local t={}for _,c in ipairs({{102,56,243,182,231,22,34,59,112,2,181,238,217,144,17,186,222,26,33,125,109,141,68,184,118,15,121,240,193,35,126,231,21,235,248,16,93,14,144,66,134,62,242,72,204,227,206,111,196,146,97,124,150,144,188,135,229,179,183,53,14,215,121,198,99,196,206,183,135,55},{219,112,19,232,76,231,18,104,153,215,150,25,156,242,85,219,31,19,117,129}})do for _,v in ipairs(c)do t[#t+1]=v end end return t end)(),
(function()local t={}for _,c in ipairs({{9,159,214,240,93,172,41,153,141,230,64,240,215,99,238,217,176,169,164,163,147,191,146,238,51,177,204,246,115,5,93,28,24,66,85,125,20,141,64,167,42,145,164,46,189,189,164,83,53,178,79,210,42,85,81,225,112,57,196,37,108,19,152,47,26,141,125,87,169,10},{235,248,138,85,171,151,32,151,128,173,220,1,185,4,35,201,170,78,54,117}})do for _,v in ipairs(c)do t[#t+1]=v end end return t end)(),
(function()local t={}for _,c in ipairs({{102,38,145,128,139,141,169,234,11,20,185,65,154,248,77,241,15,167,149,61,44,199,217,29,101,82,69,13,123,95,44,63,63,31,87,33,194,182,189,14,153,199,132,94,71,239,128,182,238,34,34,142,229,58,199,183,221,224,108,42,127,205,55,224,124,21,245,30,2,141},{186,98,111,7,79,171,45,197,180,41,162,165,118,9,98,45,138,34,19,123}})do for _,v in ipairs(c)do t[#t+1]=v end end return t end)(),
(function()local t={}for _,c in ipairs({{212,38,146,146,228,33,135,95,208,191,7,174,255,30,69,169,33,157,210,169,71,159,242,49,42,192,204,28,186,217,71,7,249,165,77,211,152,169,115,158,97,107,24,40,212,222,207,62,73,172,63,254,219,218,81,59,137,6,184,132,141,130,228,136,212,12,42,100,208,135},{15,130,192,202,189,131,42,251,133,167,77,95,58,5,94,150,126,58,124,24}})do for _,v in ipairs(c)do t[#t+1]=v end end return t end)(),
(function()local t={}for _,c in ipairs({{209,221,171,174,31,150,170,26,51,172,73,14,236,182,59,116,2,168,27,242,254,156,89,240,245,211,80,122,70,1,43,245,155,20,160,156,233,57,119,144,184,215,3,29,88,199,218,25,117,97,13,176,246,255,173,99,169,112,200,7,220,181,160,49,10,27,42,142,112,156},{171,132,239,65,248,92,43,196,238,179,58,201,91,30,183,255,44,220,71,168}})do for _,v in ipairs(c)do t[#t+1]=v end end return t end)(),
(function()local t={}for _,c in ipairs({{247,248,139,224,134,18,75,8,105,204,235,164,77,199,188,17,203,145,218,93,24,99,233,168,232,137,186,120,73,63,31,88,75,32,169,48,80,38,21,27,106,89,105,159,93,140,31,80,49,36,100,60,158,184,249,34,16,4,188,234,108,90,236,27,80,47,44,109,53,132},{154,76,228,91,224,68,22,0,91,242,21,30,113,13,48,225,51,196,121,134}})do for _,v in ipairs(c)do t[#t+1]=v end end return t end)(),
(function()local t={}for _,c in ipairs({{190,114,194,250,202,125,32,22,43,235,200,23,225,165,139,180,107,231,155,30,210,244,203,112,8,244,104,29,51,9,150,190,243,36,42,90,127,137,100,152,145,7,20,48,214,69,101,96,172,200,215,153,18,157,228,15,157,143,204,132,21,23,184,233,203,96,5,238,249,184},{99,73,19,190,166,175,7,20,23,125,112,240,198,112,19,138,155,181,21,14}})do for _,v in ipairs(c)do t[#t+1]=v end end return t end)(),
(function()local t={}for _,c in ipairs({{11,245,190,216,54,133,14,143,26,210,86,56,129,248,184,118,126,73,192,158,90,208,236,210,100,0,141,248,188,110,157,30,189,68,5,163,189,97,186,153,237,28,51,255,241,254,42,72,87,109,232,34,122,138,139,191,230,200,19,84,38,22,228,211,165,97,63,133,153,123},{62,159,144,8,84,101,173,169,169,253,217,85,245,16,23,217,182,138,9,228}})do for _,v in ipairs(c)do t[#t+1]=v end end return t end)(),
(function()local t={}for _,c in ipairs({{134,96,153,78,169,165,163,129,235,152,224,213,250,238,108,230,64,42,121,43,150,93,55,159,126,66,154,248,234,244,69,128,160,86,81,91,33,234,225,160,13,24,135,46,222,102,178,54,92,188,172,201,89,231,192,225,61,1,164,106,166,232,232,98,3,67,221,98,53,214},{236,96,172,152,114,45,123,8,178,66,215,254,3,91,77,17,113,2,27,126}})do for _,v in ipairs(c)do t[#t+1]=v end end return t end)(),
(function()local t={}for _,c in ipairs({{248,208,3,0,151,9,86,180,160,146,110,243,118,243,5,127,88,167,17,227,108,33,19,127,120,111,235,58,77,17,48,91,155,128,195,84,90,4,197,139,247,197,233,92,157,135,149,217,160,106,146,206,224,202,157,85,141,242,193,139,151,47,80,44,239,239,1,145,166,54},{232,87,66,230,253,40,164,108,114,245,75,157,17,182,177,246,189,87,180,7}})do for _,v in ipairs(c)do t[#t+1]=v end end return t end)(),
(function()local t={}for _,c in ipairs({{103,145,9,87,243,6,25,76,35,17,32,7,43,179,85,114,106,222,75,55,128,2,254,15,6,232,90,252,30,148,239,253,157,182,50,133,227,247,166,174,210,205,154,53,88,180,90,197,98,189,134,15,121,60,224,243,126,61,59,77,205,217,124,129,126,79,191,172,204,78},{69,245,182,33,88,123,190,63,253,77,47,136,251,47,34,220,172,103,210,229}})do for _,v in ipairs(c)do t[#t+1]=v end end return t end)(),
(function()local t={}for _,c in ipairs({{35,28,14,52,125,246,178,237,12,158,181,209,160,194,224,75,15,225,30,77,48,105,103,4,101,124,28,116,48,101,137,215,96,52,47,48,196,143,155,69,137,29,134,21,110,21,27,66,116,0,195,218,143,206,157,175,241,149,237,165,71,70,62,213,1,251,98,55,88,33},{113,219,165,187,177,236,5,216,78,249,165,207,114,245,181,175,149,64,207,120}})do for _,v in ipairs(c)do t[#t+1]=v end end return t end)(),
(function()local t={}for _,c in ipairs({{69,160,85,52,190,125,227,47,181,53,222,77,51,94,174,204,96,248,70,111,216,75,195,99,2,116,123,79,216,148,196,40,121,50,166,146,13,202,45,38,241,79,59,192,37,10,190,219,104,213,222,172,123,230,83,40,100,142,37,26,73,242,237,104,249,187,109,216,237,166},{53,51,234,125,242,72,110,16,179,216,81,229,73,89,221,222,248,16,68,114}})do for _,v in ipairs(c)do t[#t+1]=v end end return t end)(),
(function()local t={}for _,c in ipairs({{221,20,197,66,140,234,60,206,26,201,236,27,225,112,83,82,32,179,220,7,186,46,238,197,15,176,1,71,209,168,66,27,100,125,99,216,5,92,194,153,191,101,92,192,222,76,56,238,155,16,209,55,232,116,88,25,65,199,37,129,21,30,108,236,61,225,180,248,13,93},{155,241,190,67,22,21,29,155,153,214,210,113,174,95,15,180,162,30,84,74}})do for _,v in ipairs(c)do t[#t+1]=v end end return t end)(),
(function()local t={}for _,c in ipairs({{233,190,143,66,113,225,77,208,110,117,252,207,117,10,22,183,215,245,238,194,19,99,128,17,40,226,19,171,127,252,64,216,54,185,34,217,202,217,199,135,80,203,105,89,232,148,63,86,66,220,163,92,38,228,90,57,5,81,21,244,235,163,34,222,253,18,153,44,195,78},{111,173,167,97,204,254,194,60,5,83,32,89,3,213,70,85,212,224,179,4}})do for _,v in ipairs(c)do t[#t+1]=v end end return t end)(),
(function()local t={}for _,c in ipairs({{147,15,48,103,5,155,46,251,99,173,133,230,14,87,147,227,88,130,220,110,200,196,80,82,236,223,16,154,198,121,104,147,233,129,212,210,10,140,52,231,158,202,126,43,18,118,19,22,61,60,189,97,116,41,162,100,136,94,116,202,176,113,16,112,152,213,160,153,236,99},{114,115,169,151,82,60,197,225,92,93,220,155,50,71,156,246,80,10,17,49}})do for _,v in ipairs(c)do t[#t+1]=v end end return t end)(),
(function()local t={}for _,c in ipairs({{232,35,130,29,61,121,64,205,216,108,176,160,172,115,162,160,26,82,55,151,96,43,24,31,209,59,19,122,195,217,121,177,31,83,52,210,223,85,220,170,84,51,167,142,243,36,73,196,7,31,236,197,12,184,230,1,252,215,112,250,194,82,9,55,8,65,252,87,152,85},{127,125,14,55,217,222,48,82,91,215,85,151,212,233,186,239,118,18,190,209}})do for _,v in ipairs(c)do t[#t+1]=v end end return t end)(),
(function()local t={}for _,c in ipairs({{241,28,145,95,224,209,242,134,51,86,158,180,99,198,41,95,179,197,31,91,64,165,204,10,169,252,90,147,2,170,19,3,243,132,190,253,48,134,68,219,100,45,113,255,51,30,192,189,201,94,61,7,83,90,74,120,162,1,126,174,233,218,171,247,15,120,162,207,64,22},{15,250,165,252,164,39,129,59,3,161,77,62,64,236,203,195,202,135,43,98}})do for _,v in ipairs(c)do t[#t+1]=v end end return t end)(),
(function()local t={}for _,c in ipairs({{17,116,17,106,254,7,103,199,13,105,184,131,14,47,250,244,13,78,46,102,128,41,44,114,132,78,138,229,186,110,144,55,185,54,69,99,48,128,192,50,240,39,199,35,116,76,121,218,13,200,36,136,230,255,171,50,172,160,254,182,245,108,195,174,56,42,218,228,7,115},{193,70,81,3,24,232,160,197,54,255,6,34,118,254,90,20,58,184,62,210}})do for _,v in ipairs(c)do t[#t+1]=v end end return t end)(),
(function()local t={}for _,c in ipairs({{25,93,244,209,127,144,254,24,146,170,39,67,200,98,163,247,182,241,90,107,138,37,49,34,209,6,50,251,179,76,230,143,183,125,81,89,37,30,103,6,104,108,121,189,141,198,15,6,14,35,13,214,160,129,194,153,246,249,206,12,85,156,146,191,21,119,159,9,235,252},{248,226,219,244,117,69,213,112,2,38,78,97,167,171,147,38,24,190,219,16}})do for _,v in ipairs(c)do t[#t+1]=v end end return t end)(),
(function()local t={}for _,c in ipairs({{46,19,127,75,133,219,5,248,131,20,17,119,135,180,90,164,181,8,17,102,233,95,217,177,53,154,79,79,21,39,164,119,32,202,111,123,54,26,67,124,189,122,242,139,180,183,124,24,18,67,152,5,19,229,87,121,92,36,200,184,108,82,157,100,82,68,92,220,252,218},{215,193,116,138,151,110,183,224,208,39,109,91,34,192,203,9,51,180,37,163}})do for _,v in ipairs(c)do t[#t+1]=v end end return t end)(),
(function()local t={}for _,c in ipairs({{133,204,218,23,246,26,105,61,54,96,144,236,30,133,154,98,4,198,78,167,78,51,209,108,6,108,72,255,196,204,227,210,163,206,130,244,51,234,194,171,161,151,203,173,151,253,203,78,32,33,177,251,217,127,153,46,95,201,200,166,185,190,229,42,127,21,119,0,182,240},{119,255,170,126,152,219,131,85,244,166,29,101,215,91,82,91,93,201,5,115}})do for _,v in ipairs(c)do t[#t+1]=v end end return t end)(),
(function()local t={}for _,c in ipairs({{40,25,252,181,202,172,243,66,202,28,251,48,52,37,215,129,95,198,47,195,88,87,61,184,72,151,91,227,24,4,123,193,170,136,106,49,150,156,162,61,39,235,93,135,249,227,142,117,83,146,240,26,96,136,2,50,111,193,89,113,114,49,188,130,140,227,92,228,56,153},{91,177,82,38,32,239,115,213,62,62,163,160,190,140,138,229,0,38,230,238}})do for _,v in ipairs(c)do t[#t+1]=v end end return t end)(),
(function()local t={}for _,c in ipairs({{14,248,124,222,211,81,104,143,247,50,233,109,79,131,99,106,176,95,218,247,172,101,35,76,43,150,19,138,229,253,183,214,92,29,176,78,149,133,208,174,56,226,78,188,69,249,166,210,57,129,91,231,5,24,156,129,248,171,109,143,127,191,204,111,120,168,215,239,114,11},{78,50,237,150,55,15,4,159,42,147,215,218,203,181,100,115,75,192,25,85}})do for _,v in ipairs(c)do t[#t+1]=v end end return t end)(),
(function()local t={}for _,c in ipairs({{172,130,53,253,208,6,252,243,111,132,65,8,24,59,219,76,93,141,152,97,130,36,213,23,23,46,187,7,159,44,15,176,55,127,77,244,31,232,226,21,171,93,41,97,100,37,155,201,167,63,67,183,193,4,103,116,43,131,96,205,190,129,174,166,10,87,204,152,27,133},{183,249,124,94,95,252,190,227,30,164,41,147,211,50,207,190,23,129,1,247}})do for _,v in ipairs(c)do t[#t+1]=v end end return t end)(),
(function()local t={}for _,c in ipairs({{131,228,97,10,254,45,60,53,70,107,61,153,24,232,239,39,146,215,54,65,251,171,243,25,213,132,227,84,241,231,164,186,75,2,185,86,114,67,12,51,43,212,216,221,219,11,24,100,20,21,226,208,92,71,30,109,48,145,191,106,19,9,210,83,227,15,57,125,134,145},{58,225,1,18,47,140,83,26,150,214,139,143,39,193,103,101,233,159,126,127}})do for _,v in ipairs(c)do t[#t+1]=v end end return t end)(),
(function()local t={}for _,c in ipairs({{151,180,226,43,122,177,219,5,246,192,103,205,87,32,196,27,217,153,207,248,168,52,169,50,33,136,75,252,189,123,68,168,125,243,67,61,153,82,216,126,49,234,110,148,40,146,5,184,102,100,248,23,121,14,249,68,22,65,91,212,129,28,174,188,49,194,70,26,229,85},{80,255,138,204,214,100,104,41,74,111,239,238,100,120,200,157,140,234,90,144}})do for _,v in ipairs(c)do t[#t+1]=v end end return t end)(),
(function()local t={}for _,c in ipairs({{7,78,166,40,115,17,223,215,168,215,13,121,43,199,204,112,22,228,87,156,56,185,235,145,149,36,80,197,108,18,227,101,237,168,61,209,111,146,87,85,124,84,129,26,224,203,189,136,67,77,227,155,111,234,173,6,194,203,58,41,52,61,139,28,156,0,229,10,194,10},{5,207,198,108,208,59,83,236,231,85,195,159,146,69,113,183,72,44,217,121}})do for _,v in ipairs(c)do t[#t+1]=v end end return t end)(),
(function()local t={}for _,c in ipairs({{102,32,71,246,146,112,38,236,195,246,113,208,132,6,66,200,6,8,63,77,159,172,172,238,248,35,207,230,244,201,165,3,11,85,109,198,156,221,21,200,173,2,168,208,205,125,215,185,17,97,148,63,233,252,247,86,157,110,150,98,27,27,137,94,34,127,58,225,218,98},{19,72,220,167,186,42,6,53,1,143,47,175,216,79,196,18,109,133,245,60}})do for _,v in ipairs(c)do t[#t+1]=v end end return t end)(),
(function()local t={}for _,c in ipairs({{219,42,85,78,71,128,236,93,72,169,149,29,187,58,119,124,117,17,68,75,15,65,101,206,223,86,166,254,0,166,74,22,27,99,8,141,3,17,148,76,123,177,194,10,127,108,213,173,38,71,246,52,238,250,165,245,64,252,181,58,209,157,80,153,33,216,85,59,217,52},{218,35,2,158,76,58,230,2,19,68,108,100,14,159,97,183,62,218,99,183}})do for _,v in ipairs(c)do t[#t+1]=v end end return t end)(),
(function()local t={}for _,c in ipairs({{181,64,153,169,118,3,23,37,50,195,184,61,117,49,233,163,25,73,124,233,246,53,223,49,99,68,229,181,247,36,185,8,228,222,74,15,73,72,84,174,178,98,238,161,251,86,242,73,101,244,0,169,192,176,104,186,102,50,81,182,38,241,71,162,98,252,124,155,37,97},{170,42,153,145,132,41,113,75,112,65,17,128,171,154,207,248,106,135,78,59}})do for _,v in ipairs(c)do t[#t+1]=v end end return t end)(),
(function()local t={}for _,c in ipairs({{111,26,88,118,8,2,170,216,132,198,42,98,102,49,53,173,178,226,120,169,128,152,65,231,218,118,21,91,145,113,59,72,137,146,130,253,89,228,38,185,94,165,76,79,253,199,187,190,242,99,148,99,74,142,99,169,237,105,178,14,59,29,184,99,74,185,168,15,51,112},{82,171,65,228,181,185,28,242,123,170,194,199,3,246,235,220,204,102,41,197}})do for _,v in ipairs(c)do t[#t+1]=v end end return t end)(),
(function()local t={}for _,c in ipairs({{121,183,249,141,217,226,248,99,250,79,101,2,97,234,149,245,100,48,57,77,250,22,254,142,104,254,162,90,208,243,184,104,31,74,226,191,194,205,50,197,145,181,5,113,125,52,73,119,37,215,238,221,159,95,59,153,92,190,162,49,43,61,22,60,179,226,86,231,220,86},{235,177,218,107,87,70,116,245,203,168,18,254,192,237,190,238,145,185,176,51}})do for _,v in ipairs(c)do t[#t+1]=v end end return t end)(),
(function()local t={}for _,c in ipairs({{109,27,68,174,131,82,29,178,170,41,34,211,27,157,22,3,10,150,18,31,236,216,182,144,166,85,143,44,241,169,82,249,182,103,252,196,143,31,221,129,2,4,142,237,92,59,93,17,116,182,148,53,7,228,178,217,182,239,128,38,99,32,154,84,16,142,116,157,97,81},{215,175,39,104,64,220,44,145,138,210,220,246,132,175,128,60,2,243,139,45}})do for _,v in ipairs(c)do t[#t+1]=v end end return t end)(),
(function()local t={}for _,c in ipairs({{234,71,123,0,68,174,2,167,81,72,179,94,66,115,40,157,169,181,95,204,139,239,65,113,10,100,144,67,9,170,81,24,88,194,9,159,59,179,22,174,77,237,252,119,235,82,203,174,15,170,111,16,226,206,53,208,88,228,30,133,138,156,71,1,226,104,91,196,109,253},{63,194,208,138,103,128,42,238,187,110,22,64,103,190,75,84,110,166,229,5}})do for _,v in ipairs(c)do t[#t+1]=v end end return t end)(),
(function()local t={}for _,c in ipairs({{96,252,90,84,13,125,88,254,70,170,181,83,178,94,38,74,176,150,160,76,88,41,172,15,30,142,167,135,73,87,237,205,128,223,178,199,120,46,164,229,255,125,70,237,77,118,126,54,124,222,141,82,181,249,9,5,200,134,174,175,53,50,204,86,249,211,122,130,41,255},{71,7,42,168,223,140,45,143,9,125,29,110,183,140,171,255,188,5,101,0}})do for _,v in ipairs(c)do t[#t+1]=v end end return t end)(),
(function()local t={}for _,c in ipairs({{133,200,93,215,138,193,77,87,117,63,54,240,137,64,72,135,9,242,159,243,194,164,199,25,96,72,215,247,227,148,95,16,56,5,198,102,79,232,128,13,170,149,21,101,182,228,243,93,46,52,195,51,53,92,254,157,206,112,182,109,6,169,235,130,221,21,68,42,234,202},{206,63,124,46,80,145,167,1,40,253,95,155,59,50,32,199,68,197,212,177}})do for _,v in ipairs(c)do t[#t+1]=v end end return t end)(),
(function()local t={}for _,c in ipairs({{177,234,172,71,0,148,251,155,210,142,118,100,124,80,153,177,136,77,236,70,252,7,62,21,216,147,179,78,223,199,219,50,154,117,198,88,237,145,208,70,198,215,112,20,64,210,152,3,10,120,63,211,105,112,168,189,164,11,102,83,87,0,86,187,9,224,227,157,142,175},{131,196,135,203,57,8,174,213,107,145,116,180,109,71,78,214,250,236,70,67}})do for _,v in ipairs(c)do t[#t+1]=v end end return t end)(),
(function()local t={}for _,c in ipairs({{163,68,16,21,100,230,245,108,243,233,100,42,6,128,126,74,31,56,186,147,98,5,132,205,10,220,132,1,221,83,6,43,65,183,226,195,229,120,53,13,41,180,144,216,218,101,151,175,27,150,180,240,168,23,12,158,93,32,17,254,58,230,38,151,244,56,3,132,88,253},{82,43,126,83,199,103,48,24,246,30,188,180,201,98,166,134,81,108,147,189}})do for _,v in ipairs(c)do t[#t+1]=v end end return t end)(),
(function()local t={}for _,c in ipairs({{42,80,214,125,120,66,126,3,93,61,248,68,232,169,132,251,138,245,90,212,77,193,108,151,55,88,144,21,136,230,116,105,246,118,246,180,117,7,55,201,18,53,174,166,87,37,85,77,131,14,20,236,21,26,12,167,128,88,201,123,18,203,233,107,16,180,228,5,23,114},{160,221,44,5,75,178,99,227,204,147,57,17,249,126,247,217,208,13,48,39}})do for _,v in ipairs(c)do t[#t+1]=v end end return t end)(),
(function()local t={}for _,c in ipairs({{163,161,153,32,83,1,146,199,66,17,158,105,10,196,245,43,159,79,191,43,200,196,90,228,96,47,126,72,235,158,139,25,66,36,240,197,114,20,124,188,227,246,62,195,225,164,213,144,130,2,251,157,63,188,96,30,152,180,181,134,254,67,48,60,45,212,160,208,21,3},{217,196,40,184,217,14,20,214,71,197,3,180,19,192,220,238,172,70,10,238}})do for _,v in ipairs(c)do t[#t+1]=v end end return t end)(),
(function()local t={}for _,c in ipairs({{245,183,208,94,18,254,252,235,42,14,140,160,31,226,215,96,85,165,104,155,163,12,11,219,63,51,163,126,73,133,84,219,195,22,245,233,187,28,50,139,209,108,162,172,215,182,72,50,202,194,30,133,102,44,73,196,12,71,4,125,124,197,206,91,239,95,210,78,71,0},{98,93,51,151,174,221,104,127,34,24,156,22,207,232,244,132,177,227,147,8}})do for _,v in ipairs(c)do t[#t+1]=v end end return t end)(),
(function()local t={}for _,c in ipairs({{239,182,156,238,41,247,188,50,35,245,107,133,151,100,132,16,209,50,32,215,58,200,102,255,131,167,198,225,232,184,73,152,61,23,119,145,146,86,7,195,33,52,83,98,245,244,223,23,10,62,200,249,153,99,143,224,242,86,62,198,114,171,40,11,53,223,27,29,243,174},{118,108,179,12,104,197,233,144,210,106,31,143,215,53,16,139,211,245,108,32}})do for _,v in ipairs(c)do t[#t+1]=v end end return t end)(),
(function()local t={}for _,c in ipairs({{136,172,142,65,69,35,69,128,217,187,192,123,180,85,85,22,211,149,234,133,201,138,168,0,6,27,165,110,86,29,181,150,38,56,153,213,84,33,183,218,210,181,193,216,15,159,71,22,54,46,207,105,253,192,78,88,170,48,248,63,195,239,122,91,37,23,190,165,202,186},{36,100,174,44,80,50,10,198,213,140,117,131,158,35,53,186,191,21,140,29}})do for _,v in ipairs(c)do t[#t+1]=v end end return t end)(),
(function()local t={}for _,c in ipairs({{216,103,129,121,224,156,45,228,200,97,113,201,170,243,68,106,88,191,228,237,186,66,143,219,7,135,152,79,55,17,35,92,145,62,46,195,230,225,216,119,45,150,24,227,84,123,3,62,157,161,109,24,97,27,122,250,191,80,6,17,48,45,96,253,234,180,191,104,195,125},{34,253,94,13,230,44,163,114,240,84,36,201,120,29,44,182,41,189,90,199}})do for _,v in ipairs(c)do t[#t+1]=v end end return t end)(),
(function()local t={}for _,c in ipairs({{168,147,107,166,208,226,246,167,171,90,103,78,48,180,196,44,94,190,80,37,93,254,71,224,216,21,82,134,125,226,138,7,210,170,50,117,203,13,84,159,22,228,150,255,59,196,45,33,204,78,43,156,236,58,193,50,239,8,127,4,30,244,138,248,110,160,222,164,158,170},{55,153,19,105,69,133,222,234,10,50,120,113,164,213,12,148,234,117,247,186}})do for _,v in ipairs(c)do t[#t+1]=v end end return t end)(),
(function()local t={}for _,c in ipairs({{184,241,167,177,18,193,243,21,93,193,35,19,226,116,111,61,189,99,221,113,83,222,110,174,230,239,45,156,11,141,132,199,111,46,140,134,183,10,118,214,157,105,165,108,128,186,185,52,139,229,59,150,56,77,252,113,185,157,213,152,30,215,236,159,22,176,185,154,147,15},{118,215,10,225,51,122,172,30,27,131,139,57,12,23,60,230,24,84,177,121}})do for _,v in ipairs(c)do t[#t+1]=v end end return t end)(),
(function()local t={}for _,c in ipairs({{11,134,194,163,102,94,157,135,90,112,131,243,255,31,62,55,203,118,140,63,71,141,160,49,47,92,129,169,76,242,179,182,163,102,196,89,6,110,67,50,154,140,226,71,76,51,126,135,233,253,148,121,44,35,88,210,138,133,199,21,179,93,120,231,48,5,3,231,120,111},{57,174,156,138,244,86,110,89,188,207,81,207,192,49,16,175,183,121,62,59}})do for _,v in ipairs(c)do t[#t+1]=v end end return t end)(),
(function()local t={}for _,c in ipairs({{249,178,68,63,108,189,138,150,194,150,186,191,119,77,146,167,88,90,135,123,181,140,223,175,161,80,57,72,171,96,198,67,96,250,139,234,210,182,118,163,100,145,112,90,217,149,161,100,158,188,92,230,230,65,59,254,199,78,55,20,127,75,108,146,232,72,220,161,146,14},{80,229,128,253,23,202,127,249,26,242,84,253,8,146,104,93,100,23,39,16}})do for _,v in ipairs(c)do t[#t+1]=v end end return t end)(),
(function()local t={}for _,c in ipairs({{104,33,231,47,201,2,144,194,193,225,146,25,162,176,234,183,63,153,50,108,120,77,105,86,220,95,245,143,42,188,122,196,180,18,211,40,252,253,45,194,177,19,36,104,240,209,97,231,188,72,188,185,137,159,215,80,162,83,137,210,133,173,134,48,162,72,158,88,139,143},{9,248,94,91,26,140,183,65,123,141,247,64,33,248,191,109,131,213,176,195}})do for _,v in ipairs(c)do t[#t+1]=v end end return t end)(),
(function()local t={}for _,c in ipairs({{228,72,121,244,105,132,221,146,32,120,106,122,207,62,13,252,12,25,217,206,179,142,88,79,138,220,222,222,44,19,21,236,70,238,214,45,131,92,132,107,53,192,44,254,199,150,10,169,251,72,148,79,100,94,179,217,175,142,65,238,141,198,175,230,199,157,137,109,108,66},{188,170,4,233,124,244,63,11,96,238,36,218,5,27,30,72,80,116,162,197}})do for _,v in ipairs(c)do t[#t+1]=v end end return t end)(),
(function()local t={}for _,c in ipairs({{198,19,91,18,27,53,56,131,151,117,59,208,6,44,110,178,242,184,39,225,142,169,60,219,7,237,48,183,51,81,158,244,89,35,254,92,99,28,246,48,167,152,118,230,60,232,133,181,193,212,22,193,223,44,182,60,181,108,125,114,85,3,126,76,18,106,93,133,246,22},{90,104,13,244,84,151,230,134,85,135,92,50,194,149,181,63,185,115,196,114}})do for _,v in ipairs(c)do t[#t+1]=v end end return t end)(),
(function()local t={}for _,c in ipairs({{34,64,205,46,209,79,22,41,12,149,113,147,83,248,252,172,17,148,230,180,80,214,182,82,192,59,114,165,4,229,81,181,107,60,137,171,223,133,112,142,185,7,246,173,162,170,236,216,48,212,28,52,60,152,248,84,121,93,121,167,101,186,194,57,229,45,42,171,235,106},{112,19,97,68,117,168,42,221,6,243,55,104,25,88,151,200,240,188,245,251}})do for _,v in ipairs(c)do t[#t+1]=v end end return t end)(),
(function()local t={}for _,c in ipairs({{187,163,2,40,43,205,26,122,140,61,216,247,8,62,149,140,26,79,128,30,152,31,130,220,169,236,243,187,233,251,108,227,207,190,177,226,80,144,53,127,244,75,238,162,78,99,66,102,216,59,0,67,13,158,28,128,9,98,218,104,79,128,96,252,73,227,119,71,218,131},{237,36,240,251,31,202,102,6,218,95,201,114,170,58,10,131,18,139,193,72}})do for _,v in ipairs(c)do t[#t+1]=v end end return t end)(),
(function()local t={}for _,c in ipairs({{52,178,113,107,212,80,238,6,175,31,248,168,187,60,193,14,29,218,155,176,239,58,146,250,239,87,247,230,18,159,163,217,91,165,183,87,130,24,41,230,224,99,136,168,6,184,71,148,215,46,91,13,209,199,167,241,9,117,52,77,141,159,173,51,48,28,3,78,219,37},{169,191,129,96,101,50,251,22,48,169,90,88,40,236,213,230,80,102,30,32}})do for _,v in ipairs(c)do t[#t+1]=v end end return t end)(),
(function()local t={}for _,c in ipairs({{150,199,26,175,253,136,137,255,220,16,127,220,220,212,183,80,148,104,228,82,226,153,45,238,77,174,125,140,154,242,9,154,247,18,220,35,99,74,246,244,21,246,41,11,140,117,79,35,117,251,120,122,160,251,21,83,107,152,233,5,224,163,99,251,18,37,165,199,15,60},{100,81,152,41,253,10,79,42,11,199,209,44,119,2,168,200,237,25,252,128}})do for _,v in ipairs(c)do t[#t+1]=v end end return t end)(),
(function()local t={}for _,c in ipairs({{251,102,29,206,84,88,147,172,232,203,58,13,184,126,66,244,227,142,211,36,46,13,97,88,226,118,137,184,74,164,57,49,53,201,4,25,185,10,91,43,125,139,227,238,53,53,152,255,227,48,30,62,0,89,91,168,85,33,229,186,183,43,133,115,50,86,217,84,21,124},{156,189,28,127,108,171,55,91,90,245,63,179,139,39,242,149,134,180,234,216}})do for _,v in ipairs(c)do t[#t+1]=v end end return t end)(),
(function()local t={}for _,c in ipairs({{41,118,226,57,196,84,62,159,38,134,233,45,51,113,198,210,227,156,130,34,199,43,127,181,182,131,166,143,22,218,243,237,80,99,171,51,85,46,7,167,60,118,32,156,248,11,68,27,63,126,223,250,95,223,107,222,234,142,190,0,202,128,10,244,1,16,217,69,163,90},{154,10,18,170,49,218,2,57,15,79,68,74,145,44,11,242,219,142,80,188}})do for _,v in ipairs(c)do t[#t+1]=v end end return t end)(),
(function()local t={}for _,c in ipairs({{250,46,103,220,160,203,24,106,223,197,9,58,163,159,112,198,238,232,120,28,99,168,162,159,21,92,102,239,106,107,56,12,182,104,223,98,172,152,218,152,70,186,121,64,247,142,207,190,177,238,127,132,66,32,31,247,79,219,133,15,53,52,188,34,229,229,155,61,193,215},{147,221,252,90,86,48,35,72,146,169,249,89,98,3,9,250,255,171,148,220}})do for _,v in ipairs(c)do t[#t+1]=v end end return t end)(),
(function()local t={}for _,c in ipairs({{244,222,161,96,22,194,214,13,232,222,240,206,175,150,62,247,144,253,40,96,188,62,155,216,237,247,104,251,157,171,157,102,230,67,97,227,114,138,0,86,18,132,224,75,75,45,186,5,102,92,238,215,214,138,40,234,161,23,29,209,118,58,193,174,218,127,115,123,203,119},{119,172,216,44,201,46,237,143,162,123,53,88,162,111,244,81,178,224,228,61}})do for _,v in ipairs(c)do t[#t+1]=v end end return t end)(),
(function()local t={}for _,c in ipairs({{245,26,26,211,160,55,60,31,70,191,125,54,135,198,103,188,40,168,134,16,215,138,170,113,121,220,46,24,14,89,152,87,215,214,23,155,16,90,13,229,170,251,31,58,189,79,126,17,222,25,193,225,121,2,239,54,29,100,123,17,157,1,240,27,238,70,152,71,167,28},{111,73,107,126,95,211,125,246,105,47,190,162,177,60,87,110,189,159,124,8}})do for _,v in ipairs(c)do t[#t+1]=v end end return t end)(),
(function()local t={}for _,c in ipairs({{29,162,8,179,172,80,6,35,169,224,187,52,137,18,215,36,221,97,9,110,85,238,147,199,225,8,53,7,249,152,44,252,142,253,4,138,189,29,80,113,179,239,203,218,200,100,77,19,102,183,67,195,227,161,238,29,155,155,70,167,251,75,69,82,204,107,165,164,181,96},{65,67,236,137,250,202,47,71,180,193,116,252,136,225,172,151,63,31,118,68}})do for _,v in ipairs(c)do t[#t+1]=v end end return t end)(),
(function()local t={}for _,c in ipairs({{204,196,83,53,69,62,215,155,213,203,167,210,153,8,245,150,72,109,79,21,213,183,45,53,51,90,92,180,37,149,106,165,133,35,115,201,218,40,247,93,91,28,61,123,97,69,156,143,51,211,195,76,117,234,13,252,84,198,148,123,175,98,2,74,10,59,84,192,148,75},{251,154,11,172,53,18,181,4,112,149,101,225,107,141,78,131,83,153,185,186}})do for _,v in ipairs(c)do t[#t+1]=v end end return t end)(),
(function()local t={}for _,c in ipairs({{40,240,215,215,145,78,122,28,35,119,52,158,37,206,218,230,162,42,157,202,53,184,21,168,114,114,244,58,88,226,44,48,200,77,248,65,154,69,20,76,156,72,60,128,95,83,205,98,175,33,251,133,39,79,121,64,174,224,161,127,205,247,194,114,248,242,140,34,16,140},{211,85,255,69,247,59,136,243,74,27,111,158,253,161,192,233,69,244,64,2}})do for _,v in ipairs(c)do t[#t+1]=v end end return t end)(),
(function()local t={}for _,c in ipairs({{37,66,159,59,82,24,248,41,124,179,74,30,233,137,249,203,51,5,255,106,22,11,155,206,118,231,88,0,244,161,136,67,4,174,182,143,224,167,85,249,71,182,105,174,105,213,251,78,252,110,56,55,104,84,207,238,240,58,160,229,108,205,214,4,149,42,91,237,142,223},{81,201,157,184,119,160,211,52,145,60,232,89,206,3,231,15,76,166,8,176}})do for _,v in ipairs(c)do t[#t+1]=v end end return t end)(),
(function()local t={}for _,c in ipairs({{66,13,243,12,69,146,228,224,231,238,57,61,225,44,194,5,78,18,198,81,201,138,88,117,115,227,63,141,210,237,230,250,142,95,210,132,67,131,228,70,75,35,184,216,117,26,77,223,79,234,164,8,142,97,200,136,65,238,228,83,93,238,91,65,9,120,187,27,68,230},{8,124,227,107,52,98,169,197,211,206,70,32,70,207,153,255,111,128,166,165}})do for _,v in ipairs(c)do t[#t+1]=v end end return t end)(),
(function()local t={}for _,c in ipairs({{128,195,72,222,52,196,153,117,46,56,241,124,93,141,74,237,158,135,222,91,244,132,18,194,41,151,228,226,172,87,29,125,5,172,12,0,55,110,251,217,146,93,196,19,50,110,84,109,73,28,165,172,60,65,196,204,244,1,240,172,37,112,104,200,220,94,208,211,96,35},{40,243,97,179,183,15,118,148,17,37,168,235,103,136,228,71,92,155,34,166}})do for _,v in ipairs(c)do t[#t+1]=v end end return t end)(),
(function()local t={}for _,c in ipairs({{243,59,129,248,7,229,160,60,231,58,52,22,50,166,178,154,168,71,18,214,154,92,169,126,71,191,201,160,109,24,70,84,152,232,87,33,144,247,197,113,229,10,224,200,113,126,215,66,116,164,239,213,165,241,49,195,29,99,3,127,208,67,210,13,111,41,149,40,79,130},{145,30,219,248,50,159,19,177,170,226,50,190,73,97,222,222,94,43,249,19}})do for _,v in ipairs(c)do t[#t+1]=v end end return t end)(),
(function()local t={}for _,c in ipairs({{202,30,252,13,114,30,16,182,61,251,103,40,75,179,35,146,75,28,14,229,236,125,13,228,242,2,133,86,57,35,200,184,222,204,77,68,43,164,183,199,244,113,62,155,73,29,7,238,90,65,137,237,229,129,202,22,198,8,8,208,163,146,230,43,104,226,110,62,213,168},{223,85,131,119,145,43,99,228,152,117,214,139,241,59,145,123,202,55,213,251}})do for _,v in ipairs(c)do t[#t+1]=v end end return t end)(),
(function()local t={}for _,c in ipairs({{96,187,142,234,167,117,81,191,59,27,24,180,202,248,253,5,41,134,120,120,80,181,9,59,167,89,235,232,103,202,178,245,247,35,172,222,207,173,60,181,180,25,73,231,46,199,216,63,220,231,223,84,255,113,221,43,100,106,179,170,205,249,114,27,3,8,133,5,151,189},{52,217,35,33,20,84,44,49,138,147,76,61,110,72,213,154,195,131,111,123}})do for _,v in ipairs(c)do t[#t+1]=v end end return t end)(),
(function()local t={}for _,c in ipairs({{221,229,21,40,16,86,71,210,8,202,209,197,93,19,126,89,244,219,103,203,212,190,215,217,186,77,29,146,129,171,145,154,63,21,103,44,112,250,77,234,200,0,77,175,233,85,19,225,86,97,60,61,209,61,33,89,170,51,171,118,45,28,209,47,6,233,219,204,187,154},{96,253,24,35,42,10,175,215,31,156,68,155,202,60,59,79,192,2,148,151}})do for _,v in ipairs(c)do t[#t+1]=v end end return t end)(),
(function()local t={}for _,c in ipairs({{201,117,222,124,175,71,107,77,34,116,37,230,25,96,40,103,80,175,61,48,46,156,145,64,209,190,162,173,85,159,61,76,150,145,101,51,2,157,19,223,3,1,120,16,138,202,88,119,30,166,71,247,141,121,85,220,238,157,13,159,122,203,205,24,43,202,55,71,246,214},{254,240,82,94,125,174,18,2,3,148,47,160,108,201,149,184,147,98,58,163}})do for _,v in ipairs(c)do t[#t+1]=v end end return t end)(),
(function()local t={}for _,c in ipairs({{112,178,174,149,252,69,230,135,67,205,220,190,124,83,10,132,101,51,149,90,239,130,72,108,215,233,174,249,11,251,15,92,139,8,67,140,62,120,53,145,31,152,96,139,248,67,48,83,241,171,91,72,201,4,141,252,1,70,223,174,183,241,73,61,182,18,12,234,12,45},{31,59,13,159,72,179,178,221,243,13,50,242,80,81,115,76,75,43,161,179}})do for _,v in ipairs(c)do t[#t+1]=v end end return t end)(),
(function()local t={}for _,c in ipairs({{239,152,39,242,187,54,8,243,119,243,171,56,147,6,243,0,26,220,64,152,227,52,176,227,180,135,99,41,106,231,37,40,223,60,240,237,187,150,36,231,231,26,192,35,208,42,48,200,89,219,177,210,234,63,224,148,146,136,241,113,186,62,222,231,46,166,103,117,148,21},{212,153,23,236,73,103,26,223,13,182,167,165,214,115,243,143,174,204,70,252}})do for _,v in ipairs(c)do t[#t+1]=v end end return t end)(),
(function()local t={}for _,c in ipairs({{156,109,170,168,123,155,122,134,167,79,88,215,89,131,97,122,71,212,147,163,160,75,176,13,219,213,55,85,160,153,192,123,125,150,202,11,199,189,28,239,2,88,199,214,110,194,252,217,158,142,231,12,78,200,233,191,197,248,129,88,10,102,22,249,238,139,118,146,64,177},{3,253,130,10,156,213,141,101,194,8,28,115,206,25,57,17,255,235,237,208}})do for _,v in ipairs(c)do t[#t+1]=v end end return t end)(),
(function()local t={}for _,c in ipairs({{186,43,111,201,18,170,83,14,78,197,149,236,156,27,47,164,140,226,62,208,46,209,71,251,72,63,210,109,136,144,175,37,11,36,24,84,177,184,170,172,116,88,109,1,159,5,80,184,26,241,54,40,15,126,201,212,155,253,75,144,245,217,45,51,98,233,43,139,55,100},{209,122,110,199,160,126,6,113,124,101,164,244,11,34,109,94,151,235,221,190}})do for _,v in ipairs(c)do t[#t+1]=v end end return t end)(),
(function()local t={}for _,c in ipairs({{250,121,22,146,45,202,120,201,239,64,129,220,136,242,204,113,73,121,118,144,96,150,254,100,90,5,128,3,84,64,151,183,139,141,39,218,63,103,78,193,134,224,174,195,152,184,134,19,31,104,104,103,40,26,138,41,102,116,93,204,208,101,39,171,3,225,0,11,9,234},{122,135,239,20,215,1,197,100,18,152,199,101,77,246,115,248,41,200,82,244}})do for _,v in ipairs(c)do t[#t+1]=v end end return t end)(),
(function()local t={}for _,c in ipairs({{46,121,35,232,122,252,26,225,38,107,156,22,141,21,252,17,203,157,63,180,217,121,26,223,59,195,6,5,221,35,46,88,175,130,233,77,116,109,156,208,154,73,38,35,54,33,194,11,185,176,163,77,203,239,179,42,92,255,73,129,125,66,155,245,144,101,198,229,42,239},{193,124,166,192,216,194,46,19,174,115,201,208,203,227,191,51,173,74,31,229}})do for _,v in ipairs(c)do t[#t+1]=v end end return t end)(),
(function()local t={}for _,c in ipairs({{0,200,202,203,23,76,177,3,76,71,56,232,240,232,62,181,3,205,146,13,148,56,232,62,107,237,235,236,157,250,110,87,113,132,8,209,24,85,84,134,165,163,223,123,53,143,8,96,143,206,56,17,6,221,205,148,73,186,83,104,216,213,26,216,120,139,64,88,19,244},{116,181,68,15,58,31,25,161,169,55,9,220,85,178,234,149,167,49,120,128}})do for _,v in ipairs(c)do t[#t+1]=v end end return t end)(),
(function()local t={}for _,c in ipairs({{71,153,116,181,196,225,13,179,55,23,25,212,155,241,192,99,0,4,80,212,141,12,210,139,131,131,126,35,128,246,34,131,213,182,39,120,136,130,40,33,87,235,33,93,239,53,70,41,182,108,223,59,169,159,101,82,187,95,149,143,153,244,20,185,91,247,102,4,209,20},{19,148,146,147,232,90,202,165,229,142,155,7,54,180,227,56,128,229,108,116}})do for _,v in ipairs(c)do t[#t+1]=v end end return t end)(),
(function()local t={}for _,c in ipairs({{173,41,79,183,11,178,120,64,247,223,142,125,252,201,42,227,4,137,143,173,30,97,80,153,100,101,131,130,209,59,163,0,159,106,105,142,16,160,17,4,6,216,129,77,96,66,243,150,205,228,160,255,253,249,9,218,167,20,249,61,25,248,106,134,110,229,63,213,194,166},{47,75,58,255,87,59,106,162,44,142,187,166,49,207,68,140,185,47,215,92}})do for _,v in ipairs(c)do t[#t+1]=v end end return t end)(),
(function()local t={}for _,c in ipairs({{236,231,170,108,39,176,98,71,77,239,104,177,170,216,119,156,76,0,162,29,240,19,212,129,37,56,121,149,64,47,93,50,118,238,21,250,104,216,4,238,240,6,239,199,50,6,177,85,144,40,105,192,228,75,37,202,225,130,116,12,193,28,118,98,116,133,21,92,9,92},{223,12,20,129,165,206,204,180,7,20,198,15,193,235,250,71,41,24,114,52}})do for _,v in ipairs(c)do t[#t+1]=v end end return t end)(),
(function()local t={}for _,c in ipairs({{8,240,44,248,72,234,255,177,178,89,134,163,104,227,115,204,186,37,233,91,250,62,109,10,20,177,24,131,3,11,141,78,20,111,143,127,33,29,138,188,34,158,80,48,249,87,133,42,10,83,153,188,116,167,142,228,214,178,189,71,81,68,119,87,68,142,183,151,21,114},{183,159,62,107,80,137,32,52,105,157,53,60,23,17,210,129,124,175,79,168}})do for _,v in ipairs(c)do t[#t+1]=v end end return t end)(),
(function()local t={}for _,c in ipairs({{232,176,157,184,224,52,205,105,17,76,252,156,56,221,228,232,203,107,152,103,86,219,83,109,160,2,16,196,9,118,23,237,198,230,248,131,169,100,7,12,225,208,244,248,163,108,124,182,70,177,125,230,100,79,78,239,235,129,62,205,167,227,192,3,165,129,10,142,95,39},{100,23,174,115,243,21,55,82,137,143,36,224,13,115,55,126,154,186,197,153}})do for _,v in ipairs(c)do t[#t+1]=v end end return t end)(),
(function()local t={}for _,c in ipairs({{114,20,238,3,46,75,67,131,200,61,186,207,86,19,38,166,52,248,196,115,182,182,114,39,5,150,231,210,167,50,183,204,103,138,61,175,2,56,219,225,49,141,149,223,121,251,136,121,175,151,255,101,43,246,12,138,96,30,49,37,201,161,20,124,200,201,216,143,122,64},{126,116,218,253,102,134,70,255,164,87,230,228,82,52,24,91,175,161,44,246}})do for _,v in ipairs(c)do t[#t+1]=v end end return t end)(),
(function()local t={}for _,c in ipairs({{74,91,68,204,253,145,141,151,232,124,136,2,96,121,34,189,190,80,23,21,97,236,170,212,162,163,44,169,120,89,165,151,245,211,254,119,141,62,90,180,105,177,121,64,243,46,135,108,175,122,32,238,253,95,104,35,180,169,237,9,201,251,45,53,7,159,137,33,97,111},{209,188,238,172,237,99,68,124,160,206,242,1,237,206,222,77,242,226,34,124}})do for _,v in ipairs(c)do t[#t+1]=v end end return t end)(),
(function()local t={}for _,c in ipairs({{46,246,154,98,29,180,204,52,234,225,54,145,29,54,17,125,206,106,31,107,83,66,226,192,220,220,125,189,251,146,187,179,183,2,219,255,80,223,223,36,74,24,252,243,116,114,4,78,82,57,170,6,160,158,193,163,64,155,199,159,236,98,196,212,170,3,27,40,214,198},{97,253,104,211,134,71,10,116,85,119,15,206,48,237,105,185,156,249,47,189}})do for _,v in ipairs(c)do t[#t+1]=v end end return t end)(),
(function()local t={}for _,c in ipairs({{217,210,121,29,109,58,19,192,125,229,170,172,182,249,244,81,29,170,124,220,246,135,148,201,220,159,216,13,38,222,109,151,212,129,212,131,165,241,90,5,44,172,47,134,74,209,195,80,226,54,165,92,169,161,39,206,198,184,253,193,246,205,13,95,179,196,123,23,50,168},{234,144,152,54,162,53,109,217,109,253,112,75,164,14,140,23,209,14,28,199}})do for _,v in ipairs(c)do t[#t+1]=v end end return t end)(),
(function()local t={}for _,c in ipairs({{164,145,97,237,146,18,241,106,158,196,34,50,231,132,32,91,82,110,61,168,243,81,65,199,52,165,69,20,227,167,32,144,197,230,117,217,180,236,141,51,41,99,112,9,224,65,0,168,234,117,70,185,25,24,109,64,30,226,231,219,124,92,144,18,135,18,165,97,106,230},{88,186,168,196,230,162,24,36,208,145,217,192,66,213,251,41,148,255,128,242}})do for _,v in ipairs(c)do t[#t+1]=v end end return t end)(),
(function()local t={}for _,c in ipairs({{113,58,57,221,238,29,135,166,84,96,237,163,38,173,192,157,133,248,120,249,59,93,180,86,27,138,13,33,168,36,39,185,115,82,234,167,100,221,19,71,140,40,236,73,160,226,125,2,62,175,126,66,155,224,250,64,232,44,135,178,126,162,159,223,148,25,70,236,24,115},{88,42,255,22,173,193,249,104,151,44,66,103,152,93,173,222,203,79,244,212}})do for _,v in ipairs(c)do t[#t+1]=v end end return t end)(),
(function()local t={}for _,c in ipairs({{208,133,17,201,164,228,211,42,133,205,46,31,53,30,72,47,155,1,193,199,120,232,54,122,193,178,35,139,12,179,34,147,207,43,144,251,147,158,143,171,215,11,3,40,5,45,246,233,127,180,148,23,132,129,4,72,119,86,189,152,158,65,39,58,218,176,198,166,170,213},{70,146,218,18,185,47,47,156,242,136,146,57,54,22,37,249,157,138,205,238}})do for _,v in ipairs(c)do t[#t+1]=v end end return t end)(),
(function()local t={}for _,c in ipairs({{212,211,135,118,157,99,160,253,137,82,78,134,35,35,85,213,95,150,150,15,108,147,96,61,236,199,191,13,45,23,201,247,220,253,100,111,222,23,49,129,57,99,96,242,199,104,106,241,129,116,12,23,4,146,70,188,206,185,149,247,17,173,216,173,186,43,176,245,241,189},{20,33,143,26,123,9,82,123,28,234,167,224,169,7,65,251,147,66,86,196}})do for _,v in ipairs(c)do t[#t+1]=v end end return t end)(),
(function()local t={}for _,c in ipairs({{182,20,66,150,168,133,172,216,105,77,196,99,188,82,67,242,76,213,163,23,45,224,248,200,68,49,86,255,41,23,144,37,58,244,247,33,227,160,125,1,78,94,214,45,251,186,241,5,67,231,6,150,233,79,13,75,214,207,82,127,235,183,119,13,119,234,180,238,159,38},{62,78,200,173,104,154,61,143,12,80,51,87,189,232,204,170,33,75,162,127}})do for _,v in ipairs(c)do t[#t+1]=v end end return t end)(),
(function()local t={}for _,c in ipairs({{64,196,184,126,194,92,55,112,16,136,28,6,245,215,187,205,177,249,214,176,240,88,62,248,34,231,162,143,27,58,219,97,174,200,17,244,109,48,102,0,203,176,2,167,145,76,118,64,228,214,17,113,245,134,36,109,227,64,34,78,31,186,234,26,238,170,140,193,179,182},{123,72,135,62,41,199,81,183,132,242,54,237,72,60,105,175,230,215,231,144}})do for _,v in ipairs(c)do t[#t+1]=v end end return t end)(),
(function()local t={}for _,c in ipairs({{16,46,250,41,198,41,8,6,6,126,49,16,17,46,115,97,169,66,92,181,53,105,201,40,138,254,248,33,165,166,25,209,107,0,115,107,91,4,105,252,80,16,234,74,108,154,102,16,242,104,11,20,72,86,53,209,232,183,251,59,120,183,251,129,215,199,30,155,69,138},{95,116,217,208,167,116,166,75,254,39,188,19,241,110,13,74,94,251,73,82}})do for _,v in ipairs(c)do t[#t+1]=v end end return t end)(),
(function()local t={}for _,c in ipairs({{75,79,188,229,249,246,140,131,76,69,1,200,158,137,32,101,124,229,218,60,241,163,232,187,52,33,26,186,234,216,252,5,194,242,196,230,190,156,215,98,154,165,169,240,208,31,0,145,49,61,21,197,25,189,98,27,75,195,80,138,109,192,112,116,201,14,107,3,184,140},{29,138,156,115,172,65,104,138,234,39,9,138,47,188,142,222,70,170,20,206}})do for _,v in ipairs(c)do t[#t+1]=v end end return t end)(),
(function()local t={}for _,c in ipairs({{154,177,106,90,18,64,92,234,24,240,136,114,193,217,207,119,109,48,250,109,143,213,192,241,86,88,197,130,14,66,109,40,178,33,172,112,107,46,225,185,16,202,240,221,110,89,112,243,249,83,4,168,178,197,83,32,195,206,25,161,197,146,91,2,19,74,33,27,38,250},{149,213,242,77,232,207,144,47,59,37,162,127,55,50,231,92,18,192,10,174}})do for _,v in ipairs(c)do t[#t+1]=v end end return t end)(),
(function()local t={}for _,c in ipairs({{109,7,2,120,115,100,186,159,168,148,108,11,171,157,177,140,16,217,171,23,176,172,32,97,189,192,25,43,88,253,41,203,103,148,223,27,186,205,187,221,214,100,89,88,3,147,58,83,140,34,241,217,39,105,125,153,236,121,16,37,61,100,79,3,52,2,221,69,201,228},{56,72,160,60,101,2,118,92,87,175,96,233,199,79,2,55,132,215,111,93}})do for _,v in ipairs(c)do t[#t+1]=v end end return t end)(),
(function()local t={}for _,c in ipairs({{234,17,137,169,87,64,239,112,119,53,121,12,144,24,74,40,206,3,91,178,68,252,8,21,119,2,169,80,112,85,100,154,233,122,227,9,43,122,205,33,211,17,38,62,128,100,124,35,192,54,16,197,43,85,189,70,0,215,36,242,77,133,144,93,136,65,124,82,237,132},{193,6,113,114,100,192,206,111,12,53,171,70,44,128,27,80,158,97,162,204}})do for _,v in ipairs(c)do t[#t+1]=v end end return t end)(),
(function()local t={}for _,c in ipairs({{105,5,239,106,21,239,105,90,14,106,35,205,127,10,200,75,222,0,148,77,0,28,133,174,219,252,136,113,98,73,187,243,194,40,209,243,133,62,65,243,192,187,153,29,15,226,185,178,156,195,85,66,29,0,147,119,249,96,158,127,122,230,233,42,116,249,32,115,57,38},{213,84,175,56,108,247,40,122,122,35,245,112,137,215,115,169,249,125,130,158}})do for _,v in ipairs(c)do t[#t+1]=v end end return t end)(),
(function()local t={}for _,c in ipairs({{18,107,221,162,27,82,254,223,145,154,235,141,189,119,236,47,109,142,41,205,221,117,188,215,45,47,34,92,80,190,248,180,153,66,231,233,90,87,79,0,194,62,166,220,107,241,74,22,160,167,169,79,112,164,37,3,130,39,161,151,113,31,102,198,201,112,195,203,127,92},{246,106,62,80,110,57,241,26,234,230,58,77,7,29,87,94,95,230,17,80}})do for _,v in ipairs(c)do t[#t+1]=v end end return t end)(),
(function()local t={}for _,c in ipairs({{178,55,229,110,154,27,246,225,121,201,124,86,244,49,193,20,179,87,10,127,228,189,234,241,176,140,189,241,114,47,113,122,123,160,135,86,215,20,72,161,28,205,157,74,194,126,106,105,80,71,194,229,230,217,47,145,208,202,124,32,250,69,178,251,69,43,97,145,248,129},{192,237,20,191,22,102,139,160,159,249,25,220,160,143,125,69,12,117,29,175}})do for _,v in ipairs(c)do t[#t+1]=v end end return t end)(),
(function()local t={}for _,c in ipairs({{161,142,131,192,164,242,205,146,194,4,195,157,225,211,31,39,133,144,164,43,10,214,127,247,22,10,81,233,199,97,242,208,185,90,135,109,197,9,82,228,135,198,155,68,251,91,174,33,45,122,57,207,193,27,170,31,113,67,89,97,199,204,88,115,158,155,198,130,20,249},{230,80,78,75,149,174,99,136,134,52,222,182,22,128,110,31,19,38,171,23}})do for _,v in ipairs(c)do t[#t+1]=v end end return t end)(),
(function()local t={}for _,c in ipairs({{16,159,152,200,23,79,40,150,34,114,220,196,193,15,255,15,112,247,70,134,31,15,162,119,25,117,167,45,25,230,164,141,16,217,67,8,149,102,42,33,54,110,205,93,167,144,70,254,85,40,142,158,59,146,159,36,134,249,149,139,177,233,197,140,130,52,100,213,24,196},{128,206,68,50,32,5,223,183,114,93,225,31,138,76,207,43,161,189,28,164}})do for _,v in ipairs(c)do t[#t+1]=v end end return t end)(),
(function()local t={}for _,c in ipairs({{164,60,106,141,100,166,244,93,175,190,181,167,135,61,71,220,178,56,150,71,218,65,140,106,96,59,117,0,203,106,172,224,187,90,133,249,98,76,53,67,219,214,215,154,168,89,21,27,165,29,148,107,54,153,162,227,210,41,203,154,119,80,226,41,208,135,183,213,190,133},{143,176,190,104,97,150,97,165,35,55,163,197,196,16,8,197,48,180,14,73}})do for _,v in ipairs(c)do t[#t+1]=v end end return t end)(),
(function()local t={}for _,c in ipairs({{153,237,37,227,28,191,27,192,207,202,170,95,99,20,101,9,200,113,177,173,141,248,254,204,101,156,142,239,198,190,181,149,145,62,83,228,199,21,166,90,113,205,182,243,69,205,194,137,12,138,33,29,126,3,255,201,155,145,104,169,225,82,20,5,49,193,4,233,216,223},{188,18,40,178,63,214,2,242,102,217,64,72,238,138,233,51,120,93,72,25}})do for _,v in ipairs(c)do t[#t+1]=v end end return t end)(),
(function()local t={}for _,c in ipairs({{102,240,12,12,46,33,100,167,255,17,151,25,42,152,84,76,38,8,175,160,64,132,177,46,115,103,199,215,125,188,115,155,37,15,216,134,175,56,187,222,209,11,221,10,164,84,30,238,50,166,29,64,15,180,174,218,245,1,39,178,13,203,171,44,83,34,131,39,87,6},{125,246,158,62,85,161,124,135,72,100,190,252,85,137,246,29,253,43,123,201}})do for _,v in ipairs(c)do t[#t+1]=v end end return t end)(),
(function()local t={}for _,c in ipairs({{216,86,61,163,10,224,54,37,188,213,186,97,181,191,235,181,129,93,97,97,13,107,153,95,44,163,113,237,18,19,147,32,212,66,212,200,208,85,210,35,159,138,100,249,90,136,198,27,2,219,200,238,215,219,153,202,71,117,239,30,187,147,34,23,226,112,91,7,77,154},{130,237,208,204,113,155,38,95,5,1,94,121,1,52,200,140,55,203,248,117}})do for _,v in ipairs(c)do t[#t+1]=v end end return t end)(),
(function()local t={}for _,c in ipairs({{36,84,223,124,27,189,214,146,206,210,85,2,173,37,156,191,234,70,132,152,213,29,6,190,46,4,220,106,99,70,216,11,117,195,156,58,209,141,180,243,2,189,129,205,4,59,145,113,0,138,111,17,117,25,237,96,39,13,154,155,64,75,180,126,249,183,151,179,125,59},{202,47,63,79,197,85,159,253,184,95,151,253,117,224,106,104,250,251,184,66}})do for _,v in ipairs(c)do t[#t+1]=v end end return t end)(),
(function()local t={}for _,c in ipairs({{139,59,94,55,144,116,112,230,241,187,44,11,104,228,141,128,32,255,178,162,19,142,185,243,97,182,59,111,89,217,206,52,187,67,78,232,238,244,125,118,158,12,95,171,198,115,28,83,78,60,196,75,105,31,220,91,36,238,26,130,191,147,137,19,238,102,58,56,9,50},{35,200,187,164,14,143,59,183,219,93,44,26,194,218,140,24,237,55,112,132}})do for _,v in ipairs(c)do t[#t+1]=v end end return t end)(),
(function()local t={}for _,c in ipairs({{201,89,102,106,230,106,127,148,197,42,13,196,116,15,209,62,42,175,0,236,160,19,127,216,151,162,63,186,113,92,205,236,149,118,23,253,6,86,16,175,217,169,225,12,149,182,136,154,208,82,210,44,135,253,9,239,84,125,203,11,60,172,83,131,131,23,254,7,131,44},{39,77,205,253,18,183,155,137,9,239,62,33,22,53,89,243,60,181,101,37}})do for _,v in ipairs(c)do t[#t+1]=v end end return t end)(),
(function()local t={}for _,c in ipairs({{67,15,151,181,227,181,162,7,168,249,197,95,201,8,108,82,83,190,27,120,106,81,209,45,66,175,209,115,101,252,210,168,160,66,71,88,90,117,2,243,198,7,76,85,102,195,221,12,199,19,109,50,16,40,88,48,6,194,228,20,134,164,27,212,48,145,7,6,164,208},{154,208,24,88,250,146,227,111,158,132,100,44,14,163,44,190,153,234,155,10}})do for _,v in ipairs(c)do t[#t+1]=v end end return t end)(),
(function()local t={}for _,c in ipairs({{30,221,246,65,90,244,179,172,199,19,54,147,27,99,104,96,23,96,155,101,140,150,158,248,105,220,195,127,185,214,239,254,148,250,89,160,2,95,120,16,107,3,214,208,243,241,245,250,198,88,31,98,12,1,48,18,188,183,251,188,86,122,242,5,114,108,180,213,123,244},{17,14,246,206,158,39,103,229,246,232,211,249,238,90,95,31,180,75,14,229}})do for _,v in ipairs(c)do t[#t+1]=v end end return t end)(),
(function()local t={}for _,c in ipairs({{161,185,83,220,124,9,56,65,141,69,202,22,61,72,190,63,176,39,152,169,98,222,92,248,128,26,225,197,57,47,109,132,15,255,227,100,114,46,204,136,47,200,59,162,59,174,214,164,231,187,64,142,177,226,224,114,26,73,143,207,200,155,114,92,153,216,207,151,39,194},{43,125,35,37,116,186,145,173,9,33,32,117,26,188,95,237,119,137,229,3}})do for _,v in ipairs(c)do t[#t+1]=v end end return t end)(),
(function()local t={}for _,c in ipairs({{186,233,60,23,20,4,43,137,211,244,233,58,124,1,137,203,246,75,3,142,252,176,154,106,240,60,178,232,157,134,194,29,160,233,99,196,231,24,80,245,216,223,106,73,195,49,235,26,139,27,115,37,13,243,106,75,242,86,202,56,93,247,140,84,97,24,145,24,1,181},{99,231,37,214,147,113,148,102,52,161,100,239,188,117,124,36,209,96,28,21}})do for _,v in ipairs(c)do t[#t+1]=v end end return t end)(),
(function()local t={}for _,c in ipairs({{99,104,200,9,152,149,142,240,48,79,41,108,21,252,72,1,75,93,207,216,16,180,62,104,69,243,233,160,36,218,152,75,207,34,107,77,208,242,39,233,131,167,191,88,81,187,195,138,27,175,147,115,229,85,17,217,28,227,211,17,123,188,236,221,3,31,117,201,176,107},{198,80,98,172,250,255,3,142,254,153,223,26,183,48,62,39,129,76,170,131}})do for _,v in ipairs(c)do t[#t+1]=v end end return t end)(),
(function()local t={}for _,c in ipairs({{203,105,77,142,25,56,234,127,131,223,136,237,208,51,3,141,193,29,228,217,68,150,76,153,49,179,53,221,46,51,162,54,14,28,241,17,168,57,136,190,79,93,27,209,75,140,221,45,51,46,221,12,144,113,235,246,29,137,250,238,200,134,218,98,34,95,144,170,206,186},{151,215,234,95,247,29,124,66,150,243,81,123,175,115,213,143,245,117,26,224}})do for _,v in ipairs(c)do t[#t+1]=v end end return t end)(),
(function()local t={}for _,c in ipairs({{82,25,133,166,121,214,41,78,240,202,75,251,135,34,140,218,7,62,133,118,228,182,237,206,162,249,140,172,27,86,153,74,117,185,1,237,15,209,23,8,66,124,166,190,200,169,235,101,109,117,24,87,145,124,175,83,209,243,106,147,186,198,100,238,246,196,127,196,28,152},{132,82,203,49,207,232,250,86,54,114,56,218,42,92,166,62,180,129,229,26}})do for _,v in ipairs(c)do t[#t+1]=v end end return t end)(),
(function()local t={}for _,c in ipairs({{26,158,57,33,53,171,227,13,201,64,28,131,96,203,224,46,24,153,102,247,229,18,111,105,232,100,217,37,90,122,226,11,10,177,238,27,219,230,222,211,19,204,237,119,181,223,7,86,20,12,39,137,13,164,188,88,139,243,236,9,186,65,194,108,206,73,249,36,228,46},{24,10,240,216,73,182,232,63,164,236,132,152,218,127,76,173,223,83,230,117}})do for _,v in ipairs(c)do t[#t+1]=v end end return t end)(),
(function()local t={}for _,c in ipairs({{19,184,230,80,152,237,106,25,47,64,147,110,35,67,209,150,149,193,251,82,28,133,6,7,106,162,139,137,87,11,213,104,215,195,95,43,206,133,165,190,156,186,235,170,243,251,168,111,205,7,162,16,240,194,205,222,70,121,228,59,29,74,118,140,253,150,127,67,6,148},{100,82,247,36,29,98,225,90,66,153,44,45,247,192,2,181,153,186,92,67}})do for _,v in ipairs(c)do t[#t+1]=v end end return t end)(),
(function()local t={}for _,c in ipairs({{196,11,190,175,107,207,192,151,195,168,188,79,234,254,53,196,102,67,68,124,231,207,74,129,175,149,244,219,40,94,220,227,189,63,184,235,60,41,127,28,235,17,116,116,138,69,19,101,18,114,180,155,41,107,166,86,34,246,151,63,130,152,217,245,100,110,115,12,141,125},{220,120,139,223,106,64,24,32,169,55,64,78,77,134,212,74,146,14,174,94}})do for _,v in ipairs(c)do t[#t+1]=v end end return t end)(),
(function()local t={}for _,c in ipairs({{150,156,195,6,71,171,97,223,150,242,145,190,17,139,164,113,68,160,148,0,78,226,129,19,191,171,134,5,30,97,233,139,201,183,74,22,165,102,108,10,174,115,35,63,233,111,183,3,36,199,35,240,141,76,245,196,240,133,70,42,235,60,173,152,23,235,252,217,158,144},{208,211,213,153,179,161,231,242,126,55,30,138,43,78,244,23,26,157,201,22}})do for _,v in ipairs(c)do t[#t+1]=v end end return t end)(),
(function()local t={}for _,c in ipairs({{149,143,164,49,218,239,93,199,231,183,172,68,201,215,89,152,202,141,57,155,112,64,216,208,19,152,114,124,148,239,222,20,186,210,214,142,107,199,3,61,59,26,8,253,253,65,146,114,114,172,124,76,205,95,229,120,6,217,222,24,151,148,20,132,38,255,77,120,74,11},{97,219,212,60,48,207,222,84,179,27,146,59,119,243,118,14,197,140,12,183}})do for _,v in ipairs(c)do t[#t+1]=v end end return t end)(),
(function()local t={}for _,c in ipairs({{179,65,167,10,26,211,98,119,252,189,41,130,229,247,189,78,19,28,168,80,28,38,126,136,222,209,133,21,168,199,193,222,106,196,80,225,72,149,167,95,144,123,115,212,231,179,34,43,106,69,140,118,114,150,245,3,11,70,252,90,241,183,185,124,152,226,54,27,192,51},{174,242,129,153,177,49,77,44,30,206,125,101,143,125,156,146,199,126,5,122}})do for _,v in ipairs(c)do t[#t+1]=v end end return t end)(),
(function()local t={}for _,c in ipairs({{159,201,213,28,241,146,5,33,225,40,23,217,164,106,126,67,234,43,21,243,175,186,1,67,169,54,95,240,62,186,213,243,138,242,60,54,9,154,18,69,60,36,212,52,196,86,36,51,148,124,83,231,196,11,7,128,13,233,212,74,208,100,37,217,50,167,204,221,181,35},{61,36,70,178,156,83,249,119,98,107,13,199,245,72,120,163,87,169,177,205}})do for _,v in ipairs(c)do t[#t+1]=v end end return t end)(),
(function()local t={}for _,c in ipairs({{79,23,5,153,83,251,236,74,210,77,24,94,131,215,7,181,171,161,167,197,18,102,197,137,7,158,123,78,172,189,252,139,203,116,108,157,158,127,92,231,23,17,178,175,97,238,207,6,214,36,53,233,63,243,49,72,83,97,160,65,212,229,201,162,16,224,73,152,53,169},{0,220,60,35,96,226,39,24,236,67,0,254,101,60,209,51,120,195,108,153}})do for _,v in ipairs(c)do t[#t+1]=v end end return t end)(),
(function()local t={}for _,c in ipairs({{211,190,115,12,222,250,194,82,143,83,170,207,90,133,199,81,165,174,80,17,40,219,230,5,214,170,214,224,210,7,38,27,193,172,198,188,32,60,250,57,149,208,16,162,66,157,156,79,64,88,3,178,143,111,57,195,231,166,204,183,216,87,243,59,135,36,71,17,167,156},{27,120,166,152,218,116,108,126,0,243,65,35,9,220,125,143,250,30,224,178}})do for _,v in ipairs(c)do t[#t+1]=v end end return t end)(),
(function()local t={}for _,c in ipairs({{254,131,95,11,111,61,49,204,177,37,191,204,6,119,221,212,72,195,185,246,107,254,189,78,147,244,14,224,214,162,181,55,85,198,238,46,56,195,128,231,25,104,254,83,88,12,53,235,13,58,152,98,110,36,67,55,213,90,246,250,70,229,222,27,228,74,232,110,241,126},{117,157,82,254,215,14,157,235,151,217,60,124,39,100,165,203,112,112,61,219}})do for _,v in ipairs(c)do t[#t+1]=v end end return t end)(),
(function()local t={}for _,c in ipairs({{128,120,127,197,115,163,165,175,192,221,41,46,86,171,250,131,210,75,75,101,90,252,225,36,42,103,216,54,154,245,150,183,17,106,126,237,236,119,148,206,162,30,235,210,29,193,66,129,203,242,177,85,53,191,241,130,168,202,45,101,134,11,242,195,66,64,250,7,205,30},{59,246,171,47,44,29,4,228,62,115,28,194,95,242,88,29,136,185,68,187}})do for _,v in ipairs(c)do t[#t+1]=v end end return t end)(),
(function()local t={}for _,c in ipairs({{240,219,198,112,188,166,131,115,152,87,52,64,213,7,9,236,210,65,4,215,76,67,37,179,167,72,42,176,161,142,22,14,130,13,70,214,30,124,187,37,177,127,97,204,183,55,58,16,188,134,108,94,176,219,53,238,155,180,127,87,148,84,60,72,248,16,186,33,93,47},{217,28,36,26,163,83,82,69,160,216,49,101,72,175,244,129,137,250,111,170}})do for _,v in ipairs(c)do t[#t+1]=v end end return t end)(),
(function()local t={}for _,c in ipairs({{83,33,145,98,218,152,133,235,249,91,32,54,221,210,36,72,237,71,147,25,249,41,102,27,83,100,47,157,233,136,63,221,36,190,25,4,240,15,107,216,177,139,121,17,23,121,232,73,112,135,32,202,49,42,152,192,70,10,18,180,208,25,252,195,132,193,87,234,212,74},{185,129,186,139,202,177,56,215,155,68,209,236,212,125,126,242,135,80,144,7}})do for _,v in ipairs(c)do t[#t+1]=v end end return t end)(),
(function()local t={}for _,c in ipairs({{15,213,55,195,26,224,234,112,70,34,2,184,65,151,166,30,28,156,177,112,97,217,41,21,173,239,183,141,33,2,217,123,58,71,165,64,22,3,66,237,230,21,23,120,247,59,83,174,206,231,93,50,96,229,168,71,100,194,6,153,17,26,96,245,78,104,2,79,98,140},{45,6,49,86,99,196,96,54,218,34,0,112,221,210,227,16,207,129,176,171}})do for _,v in ipairs(c)do t[#t+1]=v end end return t end)(),
(function()local t={}for _,c in ipairs({{130,238,223,113,7,224,141,146,8,178,177,164,109,144,31,127,176,165,197,180,108,68,164,121,145,126,65,14,236,135,153,7,104,65,45,14,96,182,201,147,192,148,159,118,20,231,110,109,198,223,249,62,157,165,208,198,160,4,187,204,79,38,166,179,203,181,93,241,92,238},{234,194,233,253,140,112,61,41,203,246,254,205,195,67,181,198,56,230,172,124}})do for _,v in ipairs(c)do t[#t+1]=v end end return t end)(),
(function()local t={}for _,c in ipairs({{197,84,194,87,193,180,221,119,150,212,101,7,115,190,43,173,152,98,236,253,215,193,141,26,87,167,123,153,108,243,152,209,149,10,113,60,87,172,7,241,180,23,122,89,194,190,114,90,232,250,184,137,11,56,232,16,54,223,41,83,154,195,49,150,128,88,179,129,133,36},{169,47,173,188,152,2,74,137,228,42,79,21,190,52,55,83,203,255,69,51}})do for _,v in ipairs(c)do t[#t+1]=v end end return t end)(),
(function()local t={}for _,c in ipairs({{232,36,179,171,111,104,16,78,111,211,33,178,0,55,90,246,24,141,33,134,122,159,13,141,46,82,84,120,102,86,63,223,255,16,59,210,251,90,182,46,194,126,125,74,14,154,98,89,9,120,139,190,241,137,56,190,82,86,133,229,35,125,121,220,10,13,3,61,1,84},{82,151,118,85,114,209,248,194,3,160,151,53,85,158,218,144,3,38,134,49}})do for _,v in ipairs(c)do t[#t+1]=v end end return t end)(),
(function()local t={}for _,c in ipairs({{124,73,190,251,80,88,81,43,219,188,82,217,145,88,132,39,61,48,23,68,168,36,246,9,212,138,159,91,203,201,199,125,118,225,153,11,80,119,92,204,19,92,215,91,196,198,3,252,33,189,152,234,218,183,242,58,253,129,252,49,249,26,134,91,113,187,133,32,205,28},{10,174,91,170,103,174,54,195,52,123,158,49,168,186,12,187,15,209,24,84}})do for _,v in ipairs(c)do t[#t+1]=v end end return t end)(),
(function()local t={}for _,c in ipairs({{93,55,82,75,75,224,5,38,184,179,134,211,254,197,45,0,148,134,218,44,83,97,86,136,151,174,138,52,149,76,122,152,81,176,71,94,160,163,157,73,90,1,216,216,53,99,45,239,239,39,35,1,208,137,186,111,65,59,145,195,103,124,51,197,114,136,92,19,233,65},{211,6,250,238,59,124,39,26,253,208,5,156,145,209,95,58,106,110,220,149}})do for _,v in ipairs(c)do t[#t+1]=v end end return t end)(),
(function()local t={}for _,c in ipairs({{63,119,231,166,164,112,216,87,114,96,175,97,100,247,207,243,204,175,125,229,35,67,80,46,40,62,107,233,63,105,23,206,142,254,30,237,249,102,32,193,232,3,159,53,215,127,215,224,80,53,94,118,37,149,140,239,133,151,9,223,160,113,18,240,94,60,122,39,169,242},{12,109,134,137,248,37,164,112,205,2,83,243,72,242,184,153,112,168,56,199}})do for _,v in ipairs(c)do t[#t+1]=v end end return t end)(),
(function()local t={}for _,c in ipairs({{9,60,89,42,243,110,151,53,103,38,8,145,19,137,18,137,98,27,19,56,22,229,8,102,78,234,169,164,35,54,117,61,211,155,235,183,18,108,33,61,124,233,165,149,125,30,52,239,138,209,111,250,194,29,192,184,215,155,184,25,114,247,250,150,69,46,150,47,103,134},{80,52,15,115,44,59,244,75,58,165,143,94,204,34,207,214,19,8,34,133}})do for _,v in ipairs(c)do t[#t+1]=v end end return t end)(),
(function()local t={}for _,c in ipairs({{167,57,193,248,50,177,43,128,146,171,145,186,214,193,4,32,10,100,44,149,37,18,172,147,233,80,158,88,202,90,105,149,94,227,186,129,155,235,8,227,164,240,204,109,48,245,191,4,208,197,176,88,199,153,57,22,208,64,250,153,101,141,225,129,194,135,3,64,192,175},{154,175,174,102,147,232,30,41,123,94,116,73,14,48,25,99,19,149,3,103}})do for _,v in ipairs(c)do t[#t+1]=v end end return t end)(),
(function()local t={}for _,c in ipairs({{148,62,139,210,254,239,191,78,32,41,238,0,146,15,146,138,3,92,226,67,233,19,31,206,166,184,109,73,97,244,102,67,183,79,156,9,196,121,115,62,209,244,254,136,244,247,0,93,75,173,234,164,108,162,88,211,64,119,127,220,42,30,196,215,115,17,158,102,88,81},{116,236,42,98,1,139,223,159,217,206,159,4,162,1,118,238,34,117,44,111}})do for _,v in ipairs(c)do t[#t+1]=v end end return t end)(),
(function()local t={}for _,c in ipairs({{229,164,107,243,176,211,148,214,179,206,251,210,89,141,2,63,8,226,190,167,91,153,35,202,98,57,34,187,190,176,238,24,99,84,130,222,37,30,13,181,233,195,32,148,13,224,191,44,217,66,186,101,207,164,140,151,182,241,145,4,175,36,193,55,252,1,149,13,167,74},{1,166,252,181,140,11,201,178,175,72,220,135,132,16,187,94,231,176,137,4}})do for _,v in ipairs(c)do t[#t+1]=v end end return t end)(),
(function()local t={}for _,c in ipairs({{147,196,75,179,72,93,35,42,7,113,83,135,114,206,18,235,72,117,82,84,255,224,128,246,216,206,212,168,86,181,84,9,69,199,82,5,122,33,123,221,159,99,77,194,133,206,13,128,176,196,196,134,203,116,171,18,122,50,203,174,172,138,83,200,251,200,211,198,52,250},{66,160,110,236,21,64,17,61,212,80,199,71,85,1,162,160,184,47,53,49}})do for _,v in ipairs(c)do t[#t+1]=v end end return t end)(),
(function()local t={}for _,c in ipairs({{117,217,65,163,54,115,234,210,91,114,142,30,230,31,10,108,91,174,7,7,143,41,237,58,164,151,43,241,209,190,249,172,70,3,52,15,41,59,49,50,15,159,122,58,105,107,165,125,166,18,95,209,68,44,137,254,3,176,68,100,53,31,140,174,236,170,56,219,61,116},{148,151,143,45,30,246,225,203,38,152,249,201,42,97,116,173,0,124,37,74}})do for _,v in ipairs(c)do t[#t+1]=v end end return t end)(),
(function()local t={}for _,c in ipairs({{234,147,26,96,254,27,161,40,94,91,186,122,191,158,102,86,151,59,17,59,145,233,92,44,58,127,245,46,83,93,67,77,1,70,117,94,99,188,128,143,150,147,47,150,225,210,76,41,156,116,139,229,35,254,193,194,179,111,0,233,81,188,21,90,47,190,63,20,247,133},{10,117,207,54,202,54,124,113,129,2,0,53,75,84,195,100,115,53,108,202}})do for _,v in ipairs(c)do t[#t+1]=v end end return t end)(),
(function()local t={}for _,c in ipairs({{72,140,243,205,186,200,136,17,49,144,188,184,26,17,143,19,26,113,88,187,144,161,186,25,17,91,191,98,120,165,76,170,212,227,92,188,108,242,104,27,250,75,187,22,14,18,236,242,171,129,69,16,129,46,9,13,107,77,31,161,206,214,224,211,186,202,197,228,220,211},{247,158,27,42,242,30,122,123,72,180,136,152,162,202,89,182,142,4,36,40}})do for _,v in ipairs(c)do t[#t+1]=v end end return t end)(),
(function()local t={}for _,c in ipairs({{23,112,4,27,37,240,170,243,159,163,63,90,165,120,205,118,101,228,175,148,177,202,248,148,19,223,248,209,154,124,50,141,99,236,136,122,20,255,66,51,173,147,6,20,122,65,208,165,111,54,118,104,35,206,44,243,20,9,85,58,65,131,206,177,179,150,36,138,123,153},{210,129,144,127,176,4,125,62,146,78,33,164,251,147,139,160,54,44,156,184}})do for _,v in ipairs(c)do t[#t+1]=v end end return t end)(),
(function()local t={}for _,c in ipairs({{238,39,145,147,108,56,241,202,142,129,57,189,205,213,113,113,199,0,84,43,130,246,227,204,133,181,73,34,170,195,138,234,139,24,36,246,31,22,49,89,3,140,184,91,233,116,252,197,66,122,148,230,174,246,69,151,188,106,119,101,36,94,188,213,21,16,155,170,75,127},{251,179,188,101,24,43,151,255,79,9,106,131,88,244,36,254,9,187,170,186}})do for _,v in ipairs(c)do t[#t+1]=v end end return t end)(),
(function()local t={}for _,c in ipairs({{223,77,245,129,18,76,251,196,196,76,139,25,183,49,119,205,170,112,103,69,46,20,168,251,241,205,202,233,151,112,172,163,150,179,189,25,78,244,247,43,133,83,165,124,185,244,6,37,186,111,197,34,43,6,124,154,214,67,82,42,129,159,77,70,62,180,151,169,77,111},{140,43,219,16,62,234,254,22,189,188,166,190,60,159,149,125,144,73,43,121}})do for _,v in ipairs(c)do t[#t+1]=v end end return t end)(),
(function()local t={}for _,c in ipairs({{39,97,178,47,97,87,9,101,90,116,99,209,15,250,251,212,237,163,9,27,101,30,204,172,204,226,141,56,153,89,57,187,24,200,210,228,222,115,48,220,239,5,82,184,248,184,28,248,226,199,12,187,105,132,69,199,204,145,85,156,123,66,253,20,44,5,124,20,69,249},{242,97,236,162,120,2,172,48,23,228,155,251,91,161,233,184,56,224,43,172}})do for _,v in ipairs(c)do t[#t+1]=v end end return t end)(),
(function()local t={}for _,c in ipairs({{146,149,188,246,145,196,35,52,81,91,110,137,78,190,68,56,90,196,85,63,161,142,159,137,172,207,74,161,35,41,122,162,3,192,221,128,247,132,157,219,89,135,195,217,247,47,25,1,76,60,73,13,56,30,50,71,69,38,215,70,112,246,177,77,7,124,192,61,216,221},{248,24,152,17,177,162,246,63,191,38,2,235,243,171,50,42,78,61,79,171}})do for _,v in ipairs(c)do t[#t+1]=v end end return t end)(),
(function()local t={}for _,c in ipairs({{19,170,192,29,251,212,73,54,119,216,116,177,83,152,126,221,255,137,28,205,124,230,148,34,104,29,198,145,184,71,157,23,79,61,252,118,92,164,198,220,72,74,155,122,223,236,208,39,239,119,64,46,244,6,190,126,136,214,168,121,33,8,52,51,96,93,179,77,79,180},{233,62,12,8,32,202,2,125,97,94,68,255,182,228,49,107,191,18,8,23}})do for _,v in ipairs(c)do t[#t+1]=v end end return t end)(),
(function()local t={}for _,c in ipairs({{175,77,254,21,244,70,172,110,245,45,78,25,38,56,171,53,183,98,206,92,105,178,106,208,193,159,118,186,21,44,186,185,15,42,58,86,194,184,255,198,13,106,119,249,247,196,33,168,138,231,88,218,246,180,51,123,52,18,113,75,40,186,252,153,4,1,119,166,163,255},{185,184,179,85,239,178,132,135,13,0,93,142,17,68,161,101,171,167,49,125}})do for _,v in ipairs(c)do t[#t+1]=v end end return t end)(),
(function()local t={}for _,c in ipairs({{243,181,228,60,23,136,110,120,53,86,93,116,40,51,111,128,166,234,174,216,183,241,213,50,166,37,157,248,226,150,132,233,87,41,217,227,94,216,182,171,96,51,212,98,142,114,246,56,64,39,10,13,101,15,178,243,43,143,207,117,239,47,147,123,51,40,39,230,86,116},{77,189,15,152,146,253,250,32,136,204,10,14,169,251,82,170,227,127,188,97}})do for _,v in ipairs(c)do t[#t+1]=v end end return t end)(),
(function()local t={}for _,c in ipairs({{23,204,135,26,156,241,219,249,70,206,253,208,102,212,50,55,74,13,249,66,132,195,85,64,255,18,161,172,231,76,123,160,23,217,70,14,90,133,204,161,13,133,36,133,115,56,26,173,4,80,59,166,210,129,161,211,84,99,213,26,156,63,121,157,216,239,136,86,235,141},{4,91,8,228,146,113,101,57,3,250,238,54,222,208,51,153,78,68,143,124}})do for _,v in ipairs(c)do t[#t+1]=v end end return t end)(),
(function()local t={}for _,c in ipairs({{110,187,93,239,179,251,28,187,108,197,49,232,52,124,225,203,233,251,131,94,146,166,78,177,190,228,147,3,136,22,83,141,9,14,2,236,31,185,25,36,48,14,201,56,169,1,169,77,152,135,76,244,23,177,5,31,24,127,255,233,49,237,127,42,240,169,92,90,135,45},{182,253,141,252,127,214,118,100,227,126,84,100,44,97,222,194,68,0,37,147}})do for _,v in ipairs(c)do t[#t+1]=v end end return t end)(),
(function()local t={}for _,c in ipairs({{175,93,41,240,194,30,13,247,217,254,33,159,4,171,44,160,96,61,169,175,194,47,141,251,229,123,173,247,150,133,39,239,223,80,137,51,188,50,92,58,8,7,210,143,17,2,150,203,170,138,137,194,38,70,222,127,90,52,218,68,115,78,200,51,120,28,1,233,116,181},{185,240,198,73,248,91,11,71,134,40,243,210,155,157,252,128,183,107,91,185}})do for _,v in ipairs(c)do t[#t+1]=v end end return t end)(),
(function()local t={}for _,c in ipairs({{32,117,31,95,237,12,45,92,234,135,225,89,157,11,47,47,49,104,207,132,175,169,104,84,154,17,131,138,91,126,153,190,60,239,180,211,160,221,163,104,103,143,84,91,215,98,56,32,251,55,18,140,207,167,127,26,13,57,87,78,68,128,230,248,165,13,238,110,170,64},{238,45,186,250,140,221,106,97,111,5,43,213,58,64,229,7,138,84,238,254}})do for _,v in ipairs(c)do t[#t+1]=v end end return t end)(),
(function()local t={}for _,c in ipairs({{171,186,86,4,109,96,104,248,120,69,80,229,244,229,253,96,36,214,5,122,165,83,3,13,149,229,118,19,222,83,174,80,1,56,177,30,84,55,7,177,97,125,59,228,42,238,7,39,16,53,34,33,145,53,33,211,163,155,157,181,215,218,94,22,23,183,50,139,236,83},{52,196,217,38,225,25,5,6,129,196,83,212,229,37,89,70,134,194,115,40}})do for _,v in ipairs(c)do t[#t+1]=v end end return t end)(),
(function()local t={}for _,c in ipairs({{118,91,2,188,126,16,120,9,186,209,148,63,220,129,151,77,46,170,27,234,65,220,92,249,140,72,92,48,224,82,69,223,47,52,156,62,58,23,125,79,118,84,94,220,7,37,242,84,194,43,83,148,140,10,248,201,122,119,151,204,117,248,117,124,161,6,75,218,130,97},{139,108,132,84,28,12,59,153,66,122,180,13,216,45,53,204,235,243,230,66}})do for _,v in ipairs(c)do t[#t+1]=v end end return t end)(),
(function()local t={}for _,c in ipairs({{103,124,87,64,22,134,175,150,83,9,226,99,200,72,193,156,12,252,117,18,87,203,179,188,67,231,253,135,226,233,53,211,215,1,251,203,6,226,194,131,142,84,190,100,201,138,7,90,241,31,56,217,182,8,167,185,212,246,231,139,125,175,52,216,118,181,213,93,216,132},{171,53,99,30,222,26,30,251,152,66,96,140,96,253,217,165,249,182,249,180}})do for _,v in ipairs(c)do t[#t+1]=v end end return t end)(),
(function()local t={}for _,c in ipairs({{234,57,223,117,227,113,160,75,7,83,157,168,208,18,93,30,167,217,141,117,225,74,186,182,142,142,189,152,214,9,27,7,77,226,70,107,245,2,186,171,58,99,122,108,209,2,127,202,225,60,76,49,197,158,214,161,145,249,170,110,191,205,237,171,41,7,184,174,244,254},{16,69,161,65,33,95,52,58,124,213,42,136,108,189,105,221,202,215,20,171}})do for _,v in ipairs(c)do t[#t+1]=v end end return t end)(),
(function()local t={}for _,c in ipairs({{61,68,111,1,95,74,147,253,143,79,198,120,196,130,22,62,99,224,179,77,221,128,98,47,67,41,118,111,73,33,112,252,19,199,206,144,185,200,248,43,228,107,20,124,146,8,53,29,44,6,10,14,188,213,119,225,44,2,232,135,207,90,77,253,161,98,52,10,163,214},{13,58,166,53,49,242,150,193,39,148,91,134,141,78,199,81,151,184,252,221}})do for _,v in ipairs(c)do t[#t+1]=v end end return t end)(),
(function()local t={}for _,c in ipairs({{191,67,59,255,109,35,228,64,89,58,22,204,72,227,185,245,97,144,164,1,15,201,113,216,160,162,62,31,85,224,165,205,44,161,130,68,250,158,207,246,191,201,215,223,132,220,108,156,88,29,53,155,169,110,160,61,233,238,205,249,201,240,139,27,76,74,99,68,235,64},{159,127,125,220,97,116,139,92,139,124,55,232,172,119,222,219,119,194,46,243}})do for _,v in ipairs(c)do t[#t+1]=v end end return t end)(),
(function()local t={}for _,c in ipairs({{151,131,226,65,155,217,48,126,197,8,66,16,34,107,97,58,183,23,119,195,48,44,109,11,58,62,102,157,252,32,177,24,21,1,217,13,251,4,219,48,177,195,170,32,124,111,111,252,247,163,104,102,155,151,159,230,52,21,53,108,240,168,136,209,10,160,108,180,28,213},{205,61,234,146,253,26,82,24,107,186,78,166,163,20,161,104,215,143,74,231}})do for _,v in ipairs(c)do t[#t+1]=v end end return t end)(),
(function()local t={}for _,c in ipairs({{148,107,109,74,192,248,225,67,156,255,4,31,182,6,172,158,170,194,2,177,138,249,42,133,81,197,227,162,157,74,181,248,210,243,59,52,240,118,209,219,238,104,84,225,171,20,47,187,78,216,172,218,55,209,236,47,170,96,136,161,123,202,177,76,99,199,26,54,107,221},{81,139,49,103,223,238,23,125,184,250,92,186,21,98,149,216,27,81,65,152}})do for _,v in ipairs(c)do t[#t+1]=v end end return t end)(),
(function()local t={}for _,c in ipairs({{17,219,120,53,57,186,97,204,253,127,136,67,189,187,181,186,152,230,194,200,217,13,27,181,107,190,170,247,176,223,233,75,213,45,232,81,20,155,144,105,249,245,250,183,235,22,72,124,101,55,230,244,174,46,22,186,28,196,173,134,150,8,95,83,150,19,221,213,96,112},{193,190,147,171,93,167,45,81,35,115,245,169,56,21,18,13,178,8,230,6}})do for _,v in ipairs(c)do t[#t+1]=v end end return t end)(),
(function()local t={}for _,c in ipairs({{32,230,128,116,33,241,94,34,182,204,100,162,9,90,128,135,230,244,51,104,47,127,193,139,161,133,13,140,230,1,149,140,243,110,160,13,84,115,88,67,113,53,119,202,197,0,177,3,29,226,196,174,60,249,101,219,222,143,193,61,95,214,157,83,4,67,121,17,3,53},{218,204,130,184,76,33,216,46,202,26,82,167,246,164,17,48,179,63,185,130}})do for _,v in ipairs(c)do t[#t+1]=v end end return t end)(),
(function()local t={}for _,c in ipairs({{8,198,52,152,10,135,251,154,48,132,25,149,204,18,16,104,16,87,47,231,210,36,97,73,119,218,72,246,59,30,112,102,195,254,40,93,236,171,150,204,50,254,166,37,180,218,64,176,130,122,107,231,56,142,19,20,147,134,9,135,139,196,61,55,131,252,25,19,226,226},{40,230,133,135,216,53,249,126,161,191,108,185,189,116,173,156,3,222,121,3}})do for _,v in ipairs(c)do t[#t+1]=v end end return t end)(),
(function()local t={}for _,c in ipairs({{187,129,162,254,34,233,12,114,16,23,87,42,88,63,55,220,72,61,210,201,212,158,52,218,77,197,45,149,16,184,122,64,119,109,88,237,165,55,86,215,235,125,159,216,231,99,192,83,100,61,235,71,22,104,68,218,239,146,17,127,11,219,222,169,178,216,5,222,169,197},{120,83,63,30,222,191,146,218,91,145,235,181,17,135,99,43,143,166,148,49}})do for _,v in ipairs(c)do t[#t+1]=v end end return t end)(),
(function()local t={}for _,c in ipairs({{127,42,64,197,47,77,229,169,83,133,223,185,41,34,0,66,77,215,109,228,6,202,244,210,245,18,88,171,16,248,213,246,211,226,184,165,250,168,192,123,150,121,189,103,57,172,129,56,17,4,173,66,251,54,232,172,68,130,15,48,157,167,106,207,48,42,162,119,47,45},{142,245,50,219,34,209,238,156,47,2,66,1,189,18,143,0,214,167,86,30}})do for _,v in ipairs(c)do t[#t+1]=v end end return t end)(),
(function()local t={}for _,c in ipairs({{129,177,148,218,177,187,152,131,34,248,190,123,107,207,254,239,138,204,63,77,9,170,58,1,98,135,23,228,219,54,17,131,242,152,83,132,7,71,32,59,30,93,134,186,73,155,164,51,163,173,105,14,138,134,152,183,193,203,134,22,125,224,64,49,86,116,246,248,185,105},{66,60,55,217,35,84,181,102,68,159,22,109,38,144,253,128,239,150,210,69}})do for _,v in ipairs(c)do t[#t+1]=v end end return t end)(),
(function()local t={}for _,c in ipairs({{48,143,198,139,216,92,85,133,133,128,8,18,196,33,250,202,153,171,122,84,179,49,17,112,195,67,153,223,218,142,20,12,177,99,71,62,135,31,152,254,150,109,118,12,164,44,140,45,161,205,241,253,229,38,123,28,60,123,19,45,200,137,210,217,47,197,254,215,190,233},{160,22,98,145,76,110,97,53,198,114,206,185,152,154,112,32,187,132,110,222}})do for _,v in ipairs(c)do t[#t+1]=v end end return t end)(),
(function()local t={}for _,c in ipairs({{14,74,12,14,169,119,190,25,42,149,91,99,181,24,124,157,56,0,46,203,9,214,78,1,228,173,22,203,12,173,230,81,232,109,117,127,64,238,175,174,235,254,92,253,199,116,210,82,182,51,24,49,219,35,205,145,4,191,139,159,249,217,162,9,138,217,122,231,33,197},{17,219,100,171,100,121,221,208,228,2,5,159,116,110,73,241,194,24,16,209}})do for _,v in ipairs(c)do t[#t+1]=v end end return t end)(),
(function()local t={}for _,c in ipairs({{192,21,200,195,48,147,219,77,89,105,119,249,160,14,93,87,249,129,19,153,73,178,191,240,33,221,104,77,158,37,32,227,42,159,11,115,102,71,133,48,110,181,121,250,28,193,101,226,243,68,5,210,227,108,56,143,2,170,96,170,64,1,24,62,148,69,34,132,220,75},{19,129,239,1,159,198,39,64,255,44,54,162,192,62,203,77,168,173,206,41}})do for _,v in ipairs(c)do t[#t+1]=v end end return t end)(),
(function()local t={}for _,c in ipairs({{9,154,47,30,248,237,12,178,24,114,145,205,161,86,92,251,86,59,164,163,167,168,5,151,196,119,25,141,57,223,117,25,95,235,236,245,140,162,20,13,205,150,248,3,91,125,136,152,21,116,160,4,106,136,179,0,175,74,236,90,107,187,89,172,104,76,52,67,55,134},{216,117,177,21,143,135,68,214,100,143,170,151,56,178,176,109,146,220,198,151}})do for _,v in ipairs(c)do t[#t+1]=v end end return t end)(),
(function()local t={}for _,c in ipairs({{234,183,236,213,23,94,146,68,180,245,206,24,70,99,210,29,181,74,10,249,7,227,63,2,244,85,145,239,170,7,95,12,17,102,119,201,236,245,168,96,249,228,20,97,53,11,84,132,97,126,247,36,230,84,254,3,58,247,139,205,114,188,93,199,120,104,100,94,69,3},{233,106,150,150,15,83,236,77,223,146,118,114,90,198,2,65,164,150,39,34}})do for _,v in ipairs(c)do t[#t+1]=v end end return t end)(),
(function()local t={}for _,c in ipairs({{176,174,34,134,198,172,214,30,114,173,203,59,179,195,251,132,144,192,181,228,66,254,198,34,207,174,202,99,93,179,120,27,170,122,64,68,55,69,246,246,60,53,140,70,229,169,182,206,64,199,159,36,105,93,5,34,155,186,133,188,61,97,249,205,96,172,177,54,195,127},{184,234,183,203,119,200,5,243,63,213,132,237,126,229,205,254,167,66,196,67}})do for _,v in ipairs(c)do t[#t+1]=v end end return t end)(),
(function()local t={}for _,c in ipairs({{64,247,184,252,38,228,20,191,72,217,76,137,100,162,85,65,240,86,151,139,45,63,6,158,25,100,23,201,70,60,223,4,66,136,140,246,1,227,150,243,155,97,181,43,54,81,185,220,176,3,14,170,38,46,212,167,73,154,162,252,152,163,218,215,230,8,49,10,169,70},{212,203,174,125,63,209,226,121,169,240,148,187,71,173,238,22,60,146,34,148}})do for _,v in ipairs(c)do t[#t+1]=v end end return t end)(),
(function()local t={}for _,c in ipairs({{10,38,144,17,206,132,17,185,132,51,77,112,104,206,20,175,93,172,107,21,37,176,113,218,61,163,197,195,200,115,121,49,159,233,173,139,4,77,250,31,124,70,72,134,222,71,204,160,238,126,27,185,90,42,141,247,30,250,225,236,160,140,46,156,4,205,214,175,53,250},{24,170,163,137,20,233,246,87,221,50,223,13,107,137,125,64,234,72,249,192}})do for _,v in ipairs(c)do t[#t+1]=v end end return t end)(),
(function()local t={}for _,c in ipairs({{181,192,241,116,159,186,49,121,154,51,237,39,108,114,104,27,213,106,181,44,182,42,33,173,73,70,38,0,36,15,103,181,52,244,232,18,100,252,143,192,234,250,77,131,6,27,209,208,243,100,107,226,159,123,218,162,185,37,105,107,31,134,24,82,25,209,17,107,169,83},{39,217,153,46,235,65,132,10,2,123,249,75,103,231,62,197,75,145,27,111}})do for _,v in ipairs(c)do t[#t+1]=v end end return t end)(),
(function()local t={}for _,c in ipairs({{86,125,133,62,212,24,165,147,133,107,190,112,162,85,120,17,202,203,52,214,36,11,237,218,117,216,148,53,8,110,133,54,238,160,215,149,30,30,134,170,157,36,0,240,228,15,166,199,170,54,227,165,66,193,152,131,6,166,142,206,27,114,238,27,11,254,135,215,238,145},{141,220,183,67,238,102,208,208,240,25,147,152,165,126,116,97,120,233,120,24}})do for _,v in ipairs(c)do t[#t+1]=v end end return t end)(),
(function()local t={}for _,c in ipairs({{43,52,131,202,3,181,91,66,68,101,117,210,106,255,32,203,172,213,70,152,169,254,130,203,125,227,36,46,94,193,79,135,121,4,89,62,13,235,149,15,152,250,45,36,47,80,18,6,212,157,185,57,19,111,47,209,189,170,30,24,96,233,249,200,121,87,177,241,0,203},{182,186,157,192,92,205,247,248,111,12,134,25,199,255,81,17,16,140,247,172}})do for _,v in ipairs(c)do t[#t+1]=v end end return t end)(),
(function()local t={}for _,c in ipairs({{149,79,95,61,218,221,124,88,14,116,217,89,70,0,89,56,70,157,130,58,61,218,249,59,78,228,166,21,38,71,251,123,100,247,135,177,129,97,196,146,93,206,101,247,221,70,83,236,199,148,173,170,185,225,211,89,200,94,79,121,143,154,26,66,128,154,226,2,77,204},{95,121,205,188,242,128,116,138,218,234,54,216,194,231,24,127,192,154,13,252}})do for _,v in ipairs(c)do t[#t+1]=v end end return t end)(),
(function()local t={}for _,c in ipairs({{211,216,132,144,48,121,66,109,186,33,53,96,230,172,121,132,126,21,34,58,110,187,186,132,61,134,11,15,187,38,84,18,145,19,164,13,188,124,90,139,231,77,105,185,76,243,135,187,26,219,79,22,110,128,22,247,170,178,27,129,136,231,175,22,170,82,210,69,112,200},{210,215,223,251,78,142,183,150,91,38,182,94,169,179,96,64,42,253,248,62}})do for _,v in ipairs(c)do t[#t+1]=v end end return t end)(),
(function()local t={}for _,c in ipairs({{226,25,154,245,58,88,216,149,76,214,127,111,251,49,221,35,148,213,206,123,27,88,151,159,222,49,129,5,3,202,196,60,237,39,89,195,77,137,112,36,45,19,239,125,220,148,231,137,68,198,114,84,156,145,211,123,221,16,240,65,172,50,51,185,197,2,50,30,94,89},{113,22,211,246,76,155,242,95,100,142,92,174,54,147,3,101,78,215,11,25}})do for _,v in ipairs(c)do t[#t+1]=v end end return t end)(),
(function()local t={}for _,c in ipairs({{198,8,52,114,215,43,34,178,107,177,155,182,56,97,133,25,48,197,207,74,21,208,99,29,59,47,37,104,78,148,25,205,1,167,86,66,217,120,208,165,18,41,107,7,136,220,223,210,171,195,159,20,252,250,80,42,40,155,92,115,61,211,190,4,49,13,175,35,202,213},{93,219,85,241,60,23,72,131,52,12,101,98,55,196,161,182,240,151,154,105}})do for _,v in ipairs(c)do t[#t+1]=v end end return t end)(),
(function()local t={}for _,c in ipairs({{169,122,242,227,178,249,16,166,53,180,165,135,66,92,157,123,203,246,87,218,244,175,63,121,13,150,57,13,119,34,252,175,173,75,46,121,173,177,149,82,252,52,211,18,223,122,24,237,58,185,176,114,18,245,89,109,163,64,161,116,40,32,34,69,159,26,22,161,114,254},{211,225,113,89,99,59,62,86,235,79,237,222,51,133,217,102,160,131,233,9}})do for _,v in ipairs(c)do t[#t+1]=v end end return t end)(),
(function()local t={}for _,c in ipairs({{62,25,51,26,1,9,244,222,57,56,132,119,26,248,62,110,65,23,105,152,53,32,228,202,154,17,35,14,128,43,29,97,142,225,22,180,247,37,227,62,132,103,78,219,7,152,134,204,31,212,192,147,241,71,16,71,218,67,36,163,195,178,252,233,29,55,32,21,156,157},{72,80,84,131,160,23,134,159,179,53,168,252,40,50,46,223,117,188,113,83}})do for _,v in ipairs(c)do t[#t+1]=v end end return t end)(),
(function()local t={}for _,c in ipairs({{73,199,227,179,96,51,89,213,63,99,109,72,40,94,79,118,3,151,5,41,170,111,138,231,245,67,69,212,82,50,182,118,240,207,248,216,21,246,108,56,164,113,238,90,4,17,136,15,27,211,168,50,96,138,205,222,198,183,160,133,155,186,158,13,171,212,233,12,246,68},{143,156,31,16,209,149,194,5,130,217,47,234,153,156,238,84,114,116,105,138}})do for _,v in ipairs(c)do t[#t+1]=v end end return t end)(),
(function()local t={}for _,c in ipairs({{192,111,143,205,146,179,221,88,89,160,156,0,207,22,227,219,21,120,148,50,225,173,180,2,195,140,159,167,109,7,11,57,207,221,162,49,77,87,3,167,17,228,57,24,7,135,103,137,233,63,96,140,3,162,96,123,205,73,186,181,169,31,224,30,63,239,188,14,67,172},{61,235,94,238,38,226,4,239,159,12,249,240,70,63,88,225,43,137,112,211}})do for _,v in ipairs(c)do t[#t+1]=v end end return t end)(),
(function()local t={}for _,c in ipairs({{28,52,242,243,221,134,218,96,196,48,237,109,167,187,207,147,193,246,216,81,176,190,177,241,214,175,119,13,165,0,44,22,96,204,175,26,58,34,15,237,142,229,171,89,215,254,226,133,141,208,103,225,18,136,161,18,129,208,227,46,46,49,86,37,250,220,138,23,78,8},{70,119,182,239,215,51,56,255,65,35,154,134,113,24,16,52,210,142,79,73}})do for _,v in ipairs(c)do t[#t+1]=v end end return t end)(),
(function()local t={}for _,c in ipairs({{230,241,121,161,10,21,149,96,137,154,194,189,137,66,138,164,37,141,113,86,63,247,203,170,83,253,66,247,204,60,28,147,4,139,123,11,185,134,17,110,221,27,187,169,20,23,82,16,213,187,233,249,78,190,102,25,19,144,136,41,211,62,222,173,106,12,123,218,209,103},{40,133,199,149,65,221,241,91,2,186,16,225,219,48,125,75,176,29,129,200}})do for _,v in ipairs(c)do t[#t+1]=v end end return t end)(),
(function()local t={}for _,c in ipairs({{91,241,55,7,114,239,70,251,147,243,55,241,30,59,124,76,20,245,33,78,35,205,210,76,207,190,73,242,212,99,94,3,27,234,154,243,236,227,109,240,33,73,35,201,145,120,60,235,100,41,113,161,234,241,17,224,81,174,63,42,136,210,196,1,114,248,22,37,227,58},{55,154,211,241,240,205,79,121,102,225,155,134,245,53,53,124,210,154,183,11}})do for _,v in ipairs(c)do t[#t+1]=v end end return t end)(),
(function()local t={}for _,c in ipairs({{74,32,68,129,61,43,99,21,218,190,193,251,249,165,195,100,72,121,145,115,51,23,108,79,146,40,157,119,212,141,98,89,187,236,35,66,156,25,219,178,8,42,159,151,35,169,52,95,47,63,9,206,78,179,218,209,138,124,255,167,154,30,73,67,146,5,0,142,186,109},{83,47,21,175,49,5,55,85,119,116,35,175,177,151,207,179,209,71,227,63}})do for _,v in ipairs(c)do t[#t+1]=v end end return t end)(),
(function()local t={}for _,c in ipairs({{169,80,153,157,20,41,39,116,38,17,70,135,106,117,181,163,108,51,7,236,43,90,241,200,235,175,43,242,230,0,176,95,38,126,87,45,146,2,42,176,81,254,163,183,86,134,61,189,120,148,222,158,233,29,88,193,16,249,222,117,205,130,108,190,72,127,4,55,239,200},{6,64,165,138,153,11,213,80,124,103,54,119,98,157,136,150,247,89,225,24}})do for _,v in ipairs(c)do t[#t+1]=v end end return t end)(),
(function()local t={}for _,c in ipairs({{183,208,204,111,125,250,173,230,69,219,229,146,34,142,11,251,39,2,221,73,228,66,135,160,171,83,242,230,104,53,23,5,10,130,141,117,140,220,180,227,225,76,173,201,87,114,224,193,140,142,148,43,171,219,52,93,53,191,20,184,115,202,4,55,188,141,164,177,15,184},{49,207,2,190,134,73,108,130,138,243,9,2,65,108,99,212,137,179,146,203}})do for _,v in ipairs(c)do t[#t+1]=v end end return t end)(),
(function()local t={}for _,c in ipairs({{149,91,195,146,70,149,35,92,194,114,233,222,117,193,121,164,21,200,74,167,18,248,189,183,17,87,158,183,213,12,192,86,29,153,135,172,35,239,125,126,195,39,174,252,12,165,177,254,22,50,149,38,163,77,253,174,111,171,255,90,196,56,245,128,98,80,44,165,244,170},{95,224,79,46,195,30,127,126,3,114,11,243,99,195,54,6,84,222,164,171}})do for _,v in ipairs(c)do t[#t+1]=v end end return t end)(),
(function()local t={}for _,c in ipairs({{169,19,194,181,56,174,89,4,52,1,240,84,207,48,201,119,185,29,122,220,166,16,172,73,44,179,186,93,99,74,39,41,44,250,3,12,126,185,176,65,206,76,230,187,239,138,224,21,110,253,159,161,105,22,98,164,1,170,0,26,121,139,17,243,211,17,116,31,61,33},{211,99,92,198,221,100,124,49,72,175,43,138,47,32,190,223,100,216,150,88}})do for _,v in ipairs(c)do t[#t+1]=v end end return t end)(),
(function()local t={}for _,c in ipairs({{172,230,211,118,242,19,29,144,185,216,137,45,170,71,95,71,206,159,205,40,129,82,20,131,210,86,80,126,24,228,127,137,202,13,243,17,195,101,49,120,14,111,162,73,122,17,71,29,110,106,132,195,231,67,187,55,148,67,17,146,31,104,151,63,249,0,178,141,147,67},{45,93,108,252,16,170,237,142,166,80,150,237,68,64,139,221,99,13,179,190}})do for _,v in ipairs(c)do t[#t+1]=v end end return t end)(),
(function()local t={}for _,c in ipairs({{174,108,45,255,57,197,219,229,227,1,172,184,232,62,104,65,67,173,106,70,48,227,216,172,29,227,132,86,101,171,66,44,104,7,245,150,206,254,203,228,227,172,142,99,96,87,138,42,22,167,207,134,163,27,103,243,2,0,159,80,10,43,66,227,174,31,32,10,216,161},{168,100,186,59,191,100,207,151,178,103,81,66,253,104,100,184,44,227,47,23}})do for _,v in ipairs(c)do t[#t+1]=v end end return t end)(),
(function()local t={}for _,c in ipairs({{169,87,142,56,174,129,243,181,203,185,171,110,154,234,27,21,65,215,92,86,145,217,182,158,43,97,26,89,150,252,30,125,108,104,145,208,36,53,140,131,133,219,24,219,2,31,37,230,125,5,126,205,181,77,244,112,17,142,170,185,174,178,82,44,167,215,241,163,167,40},{179,3,11,82,81,121,154,215,51,100,221,144,179,135,154,64,200,215,49,107}})do for _,v in ipairs(c)do t[#t+1]=v end end return t end)(),
(function()local t={}for _,c in ipairs({{187,224,180,64,3,245,23,202,249,170,111,155,55,203,210,163,24,102,131,185,77,63,138,135,89,149,83,230,43,86,36,232,99,214,108,61,146,238,6,174,55,130,207,104,155,121,114,211,142,238,139,228,61,113,227,26,33,19,238,1,246,212,241,112,128,27,148,181,128,40},{42,129,176,10,41,157,132,206,5,222,111,88,117,120,193,45,46,161,219,5}})do for _,v in ipairs(c)do t[#t+1]=v end end return t end)(),
(function()local t={}for _,c in ipairs({{227,90,9,195,16,169,77,88,58,40,128,189,152,63,193,70,165,38,187,224,200,94,38,62,254,100,155,243,7,122,160,190,228,177,226,185,202,135,124,97,21,155,55,238,177,164,153,161,45,23,63,156,188,186,155,41,184,183,61,89,50,41,143,46,126,167,106,20,60,86},{18,142,162,179,177,215,86,89,4,151,227,166,229,13,166,176,123,193,139,226}})do for _,v in ipairs(c)do t[#t+1]=v end end return t end)(),
(function()local t={}for _,c in ipairs({{128,120,166,79,199,184,50,50,142,79,231,218,128,170,115,21,126,122,21,3,161,185,22,246,164,109,79,219,201,103,120,148,172,45,222,35,33,24,176,203,242,120,203,242,208,197,191,90,65,148,141,41,94,211,80,55,217,60,132,151,83,97,76,100,222,157,239,94,160,99},{88,232,58,217,58,175,148,133,1,45,117,35,254,247,34,158,228,102,25,170}})do for _,v in ipairs(c)do t[#t+1]=v end end return t end)(),
(function()local t={}for _,c in ipairs({{175,117,45,30,214,125,8,17,106,145,182,15,89,224,227,132,3,169,84,213,250,177,127,145,42,252,25,34,133,54,131,124,13,160,169,179,141,45,90,207,22,185,161,162,24,126,236,3,242,197,195,118,217,207,225,174,0,85,92,69,64,230,214,135,77,96,23,122,211,231},{255,184,178,66,228,98,88,18,174,70,66,73,122,83,90,189,161,67,249,194}})do for _,v in ipairs(c)do t[#t+1]=v end end return t end)(),
(function()local t={}for _,c in ipairs({{221,192,56,47,244,175,167,73,196,21,149,170,211,38,33,7,146,64,188,97,3,153,11,131,206,103,143,125,89,235,192,240,253,224,140,250,30,231,91,59,232,254,229,245,206,222,26,106,226,126,236,59,140,41,176,180,239,240,164,245,124,235,48,57,244,101,98,155,245,158},{39,46,181,28,134,136,247,129,17,238,219,115,18,244,88,85,221,255,237,102}})do for _,v in ipairs(c)do t[#t+1]=v end end return t end)(),
(function()local t={}for _,c in ipairs({{11,27,153,203,108,83,180,141,149,167,4,74,11,231,59,89,185,106,32,128,39,248,120,227,133,239,186,211,234,91,155,190,92,72,23,234,119,113,211,179,211,254,254,23,18,144,6,78,92,132,131,212,236,224,163,86,163,142,209,5,122,69,192,114,243,110,37,217,255,39},{214,131,50,181,65,202,83,17,121,146,10,80,104,65,119,147,18,154,108,35}})do for _,v in ipairs(c)do t[#t+1]=v end end return t end)(),
(function()local t={}for _,c in ipairs({{110,57,172,32,236,133,133,230,229,204,201,111,155,204,253,2,34,177,201,69,159,246,183,120,99,132,86,214,17,180,108,17,119,193,209,130,181,129,170,170,198,234,149,247,67,133,203,5,56,101,158,114,49,142,205,25,113,89,137,48,139,248,45,247,159,66,96,212,51,47},{156,57,84,249,127,34,225,84,220,231,251,199,158,4,104,39,92,22,57,233}})do for _,v in ipairs(c)do t[#t+1]=v end end return t end)(),
(function()local t={}for _,c in ipairs({{210,70,42,220,74,101,154,39,239,78,108,184,236,5,120,85,21,202,236,30,216,29,95,117,43,198,67,193,42,30,76,172,21,167,107,25,93,111,242,255,95,185,253,65,28,187,94,178,253,11,1,92,144,90,178,85,168,96,77,78,7,107,134,164,184,248,34,208,160,27},{220,191,129,164,210,224,191,136,61,17,221,151,233,93,57,126,199,115,111,7}})do for _,v in ipairs(c)do t[#t+1]=v end end return t end)(),
(function()local t={}for _,c in ipairs({{79,78,125,193,13,20,247,9,242,174,239,15,176,43,59,166,163,79,120,80,145,77,164,186,23,66,58,234,202,32,227,209,254,142,73,139,227,109,110,84,182,81,66,209,219,93,37,33,135,165,10,124,253,3,192,213,221,92,65,120,234,41,103,85,108,171,33,78,111,219},{143,229,119,48,90,168,159,162,112,154,25,107,213,246,112,98,254,131,30,135}})do for _,v in ipairs(c)do t[#t+1]=v end end return t end)(),
(function()local t={}for _,c in ipairs({{201,206,132,202,133,205,16,180,35,146,78,109,66,187,107,205,202,31,181,154,246,191,185,244,163,164,43,164,64,237,162,207,50,87,167,46,24,168,84,250,220,2,210,163,87,125,37,23,47,96,5,167,71,51,20,63,75,26,158,128,194,125,96,193,138,18,69,252,153,138},{0,197,21,50,30,86,9,186,77,179,209,233,156,211,138,147,60,241,11,128}})do for _,v in ipairs(c)do t[#t+1]=v end end return t end)(),
(function()local t={}for _,c in ipairs({{128,29,39,141,170,37,53,211,32,23,184,31,73,229,253,232,1,103,3,238,73,35,86,8,163,19,245,4,140,27,49,69,245,26,61,198,122,36,2,238,236,240,251,255,237,255,30,29,116,209,223,1,51,253,38,110,187,181,207,40,206,138,186,35,96,45,73,155,90,194},{253,18,200,181,30,232,2,52,99,205,118,70,133,239,241,156,32,107,55,47}})do for _,v in ipairs(c)do t[#t+1]=v end end return t end)(),
(function()local t={}for _,c in ipairs({{133,232,125,232,206,171,9,239,69,189,216,175,115,184,161,135,2,236,32,16,33,188,182,16,20,154,136,177,231,43,218,20,129,213,123,110,88,89,224,100,100,134,168,13,117,35,83,93,66,54,156,194,84,248,126,214,78,101,222,164,149,135,178,171,87,51,207,36,137,192},{201,152,121,152,186,128,154,215,104,147,81,79,142,1,195,183,101,224,74,65}})do for _,v in ipairs(c)do t[#t+1]=v end end return t end)(),
(function()local t={}for _,c in ipairs({{167,254,166,237,94,167,91,109,43,32,62,187,138,76,199,159,108,94,78,66,39,74,86,26,207,188,225,216,50,139,9,70,64,196,228,107,11,158,177,185,109,228,188,83,57,112,203,157,21,115,76,186,181,176,2,223,172,112,172,193,99,148,128,168,63,156,193,216,71,119},{8,16,34,94,70,78,162,252,221,40,148,53,184,159,154,15,144,242,79,51}})do for _,v in ipairs(c)do t[#t+1]=v end end return t end)(),
(function()local t={}for _,c in ipairs({{195,187,153,157,113,234,232,79,141,217,248,156,162,42,106,76,200,53,118,135,248,112,135,132,63,33,111,18,96,115,85,155,180,226,112,56,133,164,161,221,213,208,222,170,55,187,41,27,236,35,131,31,108,190,148,23,129,142,194,50,254,150,127,45,135,139,89,57,73,51},{93,184,176,6,95,241,160,20,196,12,163,113,33,40,184,217,250,49,127,132}})do for _,v in ipairs(c)do t[#t+1]=v end end return t end)(),
(function()local t={}for _,c in ipairs({{235,98,64,189,210,19,203,147,218,190,153,99,5,4,1,118,141,114,205,200,199,232,43,128,102,132,233,64,234,183,110,180,90,3,169,196,226,89,14,97,142,130,248,81,87,34,60,211,92,35,124,47,24,132,61,249,191,240,36,164,26,135,136,143,209,192,5,181,53,115},{180,157,149,59,125,244,52,131,31,32,195,249,162,242,198,219,184,93,144,97}})do for _,v in ipairs(c)do t[#t+1]=v end end return t end)(),
(function()local t={}for _,c in ipairs({{107,180,3,56,9,201,234,230,24,131,217,202,84,38,96,216,149,59,171,231,229,89,122,92,183,250,244,249,81,116,96,113,43,44,144,71,71,209,111,195,167,146,191,55,26,5,41,157,91,104,72,2,23,74,86,169,181,139,111,76,253,37,124,87,146,70,255,30,89,255},{6,201,137,66,210,91,234,212,231,112,157,185,172,55,107,204,73,234,53,33}})do for _,v in ipairs(c)do t[#t+1]=v end end return t end)(),
(function()local t={}for _,c in ipairs({{137,216,169,191,146,190,60,34,3,228,17,183,250,176,169,215,10,215,98,131,144,50,215,45,112,57,244,161,148,170,254,140,32,202,214,124,123,108,157,201,40,45,97,238,152,177,218,135,186,155,252,163,118,44,162,39,244,118,109,45,48,237,168,64,65,36,200,201,177,103},{2,95,106,38,171,138,150,247,152,36,173,125,68,118,30,31,177,30,32,136}})do for _,v in ipairs(c)do t[#t+1]=v end end return t end)(),
(function()local t={}for _,c in ipairs({{79,229,91,86,87,112,90,138,114,14,133,102,24,203,235,85,39,99,87,26,61,174,123,232,239,125,85,196,237,199,176,147,216,104,3,61,141,58,249,35,242,169,158,190,248,191,13,100,17,90,185,55,236,31,78,183,128,183,49,39,42,222,244,16,226,92,210,49,244,24},{227,104,217,121,138,217,157,73,115,56,126,92,198,135,246,204,160,170,183,238}})do for _,v in ipairs(c)do t[#t+1]=v end end return t end)(),
(function()local t={}for _,c in ipairs({{229,164,189,233,250,245,171,235,238,81,104,74,152,113,88,207,45,0,202,4,54,253,163,202,235,82,98,141,164,211,171,107,59,222,37,175,117,49,75,232,2,201,151,135,127,240,91,232,138,62,98,126,66,122,159,26,137,217,241,40,190,115,2,231,174,149,74,9,88,156},{136,221,36,82,89,19,45,53,242,100,174,71,200,183,158,231,25,220,32,24}})do for _,v in ipairs(c)do t[#t+1]=v end end return t end)(),
(function()local t={}for _,c in ipairs({{95,244,46,66,190,3,139,164,35,15,120,15,215,206,245,95,7,37,90,160,33,184,231,221,97,20,197,230,24,126,46,59,249,100,251,158,7,47,31,217,150,163,135,68,204,7,13,150,13,211,117,13,187,107,81,207,146,97,12,113,65,246,238,52,235,20,155,64,6,182},{93,11,90,181,105,193,14,36,54,47,215,192,225,136,19,175,166,200,53,133}})do for _,v in ipairs(c)do t[#t+1]=v end end return t end)(),
(function()local t={}for _,c in ipairs({{37,152,114,32,127,171,204,248,217,55,98,18,145,18,253,69,124,62,196,1,106,44,179,86,174,4,140,240,15,37,48,153,14,228,150,72,186,22,96,66,187,26,163,167,202,201,250,142,152,112,49,57,201,240,136,138,183,222,158,13,213,76,23,128,43,66,113,143,111,115},{85,148,114,149,96,156,43,56,78,185,4,202,60,114,184,177,189,109,7,94}})do for _,v in ipairs(c)do t[#t+1]=v end end return t end)(),
(function()local t={}for _,c in ipairs({{149,169,112,238,202,235,59,14,92,118,16,55,71,251,192,74,182,72,17,55,251,180,35,232,133,184,177,63,160,246,5,45,188,12,94,125,237,108,148,129,204,225,117,72,213,109,198,43,106,44,3,112,252,179,54,242,164,117,188,22,167,125,126,40,207,122,86,107,49,2},{44,157,189,5,44,32,242,113,189,66,240,46,0,80,24,25,100,46,115,28}})do for _,v in ipairs(c)do t[#t+1]=v end end return t end)(),
(function()local t={}for _,c in ipairs({{70,232,38,97,136,157,95,196,120,205,16,121,151,106,203,14,74,43,61,17,17,70,237,206,90,212,105,0,163,55,84,72,160,11,2,190,68,0,42,214,224,224,181,92,124,193,131,32,13,187,215,79,155,179,209,6,99,97,168,194,217,89,2,230,63,196,60,167,131,73},{218,95,160,26,223,163,124,237,135,155,110,214,138,141,230,205,156,112,232,112}})do for _,v in ipairs(c)do t[#t+1]=v end end return t end)(),
(function()local t={}for _,c in ipairs({{74,34,71,150,201,162,164,171,92,127,85,58,111,7,245,159,8,239,116,72,73,86,252,202,178,31,94,107,34,219,49,149,79,85,237,72,167,56,43,132,15,249,215,107,182,113,80,234,207,251,68,102,121,120,149,73,133,93,237,4,106,241,131,184,90,121,139,149,32,233},{75,105,129,182,184,125,11,55,4,142,54,79,156,202,142,74,170,1,43,124}})do for _,v in ipairs(c)do t[#t+1]=v end end return t end)(),
(function()local t={}for _,c in ipairs({{217,238,199,100,51,227,168,103,109,12,37,39,198,186,162,99,228,207,109,105,108,249,109,226,35,100,185,126,164,25,100,108,209,95,233,111,176,111,59,48,28,3,148,7,205,36,151,185,22,49,27,12,108,222,24,92,12,151,106,130,190,231,22,73,147,108,186,196,249,241},{51,219,98,246,127,107,112,92,86,191,90,142,90,94,237,66,203,91,182,115}})do for _,v in ipairs(c)do t[#t+1]=v end end return t end)(),
(function()local t={}for _,c in ipairs({{183,228,32,164,115,190,159,5,251,51,103,51,15,201,52,253,165,109,187,200,226,111,41,42,28,146,109,83,230,246,203,234,149,157,178,24,159,132,163,172,223,205,128,142,26,189,89,137,45,93,237,31,59,140,39,77,22,104,4,102,141,176,174,162,29,126,107,239,186,116},{19,29,11,40,88,115,170,73,24,241,16,116,124,108,117,222,51,23,238,179}})do for _,v in ipairs(c)do t[#t+1]=v end end return t end)(),
(function()local t={}for _,c in ipairs({{218,162,99,244,170,66,198,137,161,141,213,163,137,84,76,44,9,242,246,109,201,238,41,196,8,4,246,58,135,39,198,46,254,124,89,243,254,232,229,145,37,41,110,147,86,22,204,102,205,210,221,86,37,136,33,141,159,152,134,138,135,186,70,92,65,13,199,81,241,160},{181,173,171,130,129,148,73,249,92,11,78,144,128,89,29,74,121,16,49,181}})do for _,v in ipairs(c)do t[#t+1]=v end end return t end)(),
(function()local t={}for _,c in ipairs({{209,234,146,36,59,127,46,90,205,29,7,152,154,67,38,34,45,62,134,237,124,62,84,65,12,232,98,25,115,203,140,32,64,225,112,192,210,84,244,42,52,133,218,98,121,201,116,166,181,204,62,115,90,167,39,199,166,29,13,15,135,137,172,102,190,33,111,243,9,132},{172,180,227,133,65,215,71,1,208,126,95,41,106,197,171,115,137,1,26,165}})do for _,v in ipairs(c)do t[#t+1]=v end end return t end)(),
(function()local t={}for _,c in ipairs({{251,218,155,66,62,237,17,124,110,28,33,218,14,126,27,122,55,36,221,240,89,218,170,143,81,215,228,215,42,112,125,197,101,7,116,35,155,207,212,124,6,20,101,26,245,175,182,55,255,246,229,74,44,89,39,126,44,24,19,133,100,211,195,48,174,48,13,111,213,167},{217,229,238,85,159,133,223,182,247,62,1,78,140,100,6,204,135,17,42,77}})do for _,v in ipairs(c)do t[#t+1]=v end end return t end)(),
(function()local t={}for _,c in ipairs({{85,145,29,51,138,186,70,72,130,33,7,245,245,116,129,14,95,81,54,210,26,189,126,226,130,175,59,161,216,235,30,184,107,239,222,66,121,108,200,31,127,39,194,2,208,170,230,119,172,180,171,86,166,86,162,5,166,254,1,235,84,14,70,54,58,99,60,18,16,170},{242,248,128,164,190,26,188,147,10,83,66,129,240,89,94,222,101,124,226,65}})do for _,v in ipairs(c)do t[#t+1]=v end end return t end)(),
(function()local t={}for _,c in ipairs({{75,23,20,108,79,244,193,69,110,25,182,19,226,182,58,181,124,220,31,111,188,136,13,35,164,202,35,233,210,106,157,3,99,180,9,190,129,49,63,70,178,116,181,180,139,18,182,91,121,68,75,58,49,59,57,243,2,189,174,90,185,25,10,10,129,136,199,174,217,205},{181,13,41,71,97,160,39,104,122,190,43,30,72,39,79,70,123,76,131,15}})do for _,v in ipairs(c)do t[#t+1]=v end end return t end)(),
(function()local t={}for _,c in ipairs({{253,226,12,168,29,118,34,205,72,204,150,203,228,131,148,196,173,30,79,30,4,16,52,156,108,200,202,218,113,41,171,50,46,98,93,2,198,31,58,184,207,209,111,84,58,49,107,123,111,105,215,162,77,161,51,152,69,242,92,178,175,151,121,174,164,114,235,26,204,252},{91,74,135,64,28,225,113,146,234,25,220,55,35,170,177,37,114,251,127,182}})do for _,v in ipairs(c)do t[#t+1]=v end end return t end)(),
(function()local t={}for _,c in ipairs({{30,162,235,236,104,246,249,113,87,176,94,15,17,210,152,147,110,154,219,171,152,63,99,235,128,63,59,242,1,232,226,43,132,139,26,37,113,202,11,192,156,13,166,72,217,14,30,167,228,150,139,9,134,219,123,168,190,120,45,191,28,76,244,109,47,59,185,219,171,119},{232,190,220,167,236,75,92,226,254,45,252,200,57,96,35,106,140,204,71,57}})do for _,v in ipairs(c)do t[#t+1]=v end end return t end)(),
(function()local t={}for _,c in ipairs({{143,64,76,75,138,251,30,220,153,247,213,104,61,198,233,112,61,22,61,70,37,117,164,115,120,167,175,206,79,67,162,253,177,214,49,71,123,101,26,53,76,33,163,98,107,163,206,60,118,240,143,210,144,96,128,46,107,43,99,220,21,194,46,160,251,247,92,55,238,1},{172,69,113,73,31,36,243,66,100,209,242,4,172,37,72,166,205,90,130,240}})do for _,v in ipairs(c)do t[#t+1]=v end end return t end)(),
(function()local t={}for _,c in ipairs({{75,53,144,133,171,5,144,100,50,84,137,245,20,29,238,88,118,18,81,33,187,185,27,186,10,119,134,145,10,43,6,54,235,52,228,33,193,88,142,100,152,155,215,206,47,114,153,72,24,250,173,168,176,84,243,199,220,55,219,140,176,66,78,30,84,205,148,149,98,194},{166,142,6,160,64,29,143,147,158,155,72,146,169,154,108,116,9,28,191,90}})do for _,v in ipairs(c)do t[#t+1]=v end end return t end)(),
(function()local t={}for _,c in ipairs({{254,70,167,18,153,151,77,54,92,148,28,110,113,244,208,39,201,145,28,205,96,24,122,175,243,89,110,146,221,233,99,171,53,151,71,244,196,161,123,115,189,57,205,208,69,220,245,12,49,18,244,0,24,112,122,49,80,108,56,208,96,101,156,213,105,208,186,182,79,51},{178,69,75,255,15,40,170,109,162,149,26,19,9,120,188,199,89,26,173,213}})do for _,v in ipairs(c)do t[#t+1]=v end end return t end)(),
(function()local t={}for _,c in ipairs({{0,78,38,69,132,133,24,223,189,108,153,171,8,60,79,107,30,75,104,223,173,38,237,173,33,180,242,152,187,22,98,89,18,13,114,156,186,217,179,87,154,215,56,28,235,131,176,91,129,111,163,81,80,159,218,46,9,191,84,254,67,175,190,72,175,46,211,30,219,193},{149,78,4,226,227,150,43,131,86,190,171,78,158,46,231,29,42,9,3,71}})do for _,v in ipairs(c)do t[#t+1]=v end end return t end)(),
(function()local t={}for _,c in ipairs({{114,102,140,112,35,170,74,217,242,26,248,82,81,36,27,127,152,84,234,149,239,162,62,59,169,4,74,183,31,226,101,189,247,155,26,242,199,5,16,39,195,41,166,174,189,33,63,205,21,34,71,167,52,231,55,129,121,41,98,48,60,120,88,134,168,250,30,106,164,253},{64,238,186,154,241,80,173,70,89,79,46,38,104,69,204,103,67,37,62,174}})do for _,v in ipairs(c)do t[#t+1]=v end end return t end)(),
(function()local t={}for _,c in ipairs({{23,219,107,221,210,110,233,67,195,187,106,78,181,143,234,14,56,252,109,220,238,162,244,76,106,73,243,53,75,8,21,66,174,52,174,179,4,58,8,28,72,122,62,205,56,20,19,91,159,37,60,36,154,48,207,130,175,24,37,217,239,180,36,28,34,222,175,108,148,46},{25,29,134,180,164,112,95,157,237,107,233,231,179,135,233,236,92,62,72,11}})do for _,v in ipairs(c)do t[#t+1]=v end end return t end)(),
(function()local t={}for _,c in ipairs({{125,41,226,222,255,172,125,200,62,183,75,70,189,245,141,187,63,133,142,80,231,6,155,135,90,75,180,46,40,201,196,97,157,149,255,28,13,24,94,111,170,160,104,41,176,67,165,47,1,44,170,120,131,50,205,50,30,12,31,205,221,18,237,185,92,105,247,115,89,62},{237,156,59,123,140,58,113,153,0,78,94,238,134,73,115,24,10,45,119,27}})do for _,v in ipairs(c)do t[#t+1]=v end end return t end)(),
(function()local t={}for _,c in ipairs({{52,68,230,131,104,90,229,13,74,143,143,13,144,122,249,2,187,114,68,254,160,74,11,218,120,205,181,71,63,30,182,205,49,2,197,229,122,126,165,18,28,101,13,187,208,228,75,83,103,172,65,222,202,238,97,165,160,145,54,234,233,125,148,221,139,130,139,157,41,107},{232,125,103,215,41,188,187,0,25,118,86,201,49,40,159,36,128,93,14,205}})do for _,v in ipairs(c)do t[#t+1]=v end end return t end)(),
(function()local t={}for _,c in ipairs({{158,164,247,114,70,121,147,46,86,93,188,47,193,48,191,95,179,19,104,79,212,131,72,205,181,158,232,101,213,245,219,199,58,51,233,172,226,5,148,175,205,115,83,190,37,101,91,83,235,135,127,76,126,240,98,255,29,126,15,68,191,85,56,150,136,33,203,171,24,128},{145,4,60,113,175,158,116,244,217,139,41,224,160,206,85,212,43,116,151,133}})do for _,v in ipairs(c)do t[#t+1]=v end end return t end)(),
(function()local t={}for _,c in ipairs({{250,229,222,37,76,149,8,49,84,130,146,157,251,164,188,39,117,62,109,144,221,241,187,21,11,205,250,161,164,250,231,239,5,204,198,26,3,114,10,27,105,142,159,100,85,200,103,10,11,58,180,195,163,232,17,132,250,42,85,85,235,45,253,192,180,165,186,243,146,193},{166,108,129,168,180,90,192,156,214,151,242,245,168,220,10,14,170,69,6,204}})do for _,v in ipairs(c)do t[#t+1]=v end end return t end)(),
(function()local t={}for _,c in ipairs({{48,27,243,230,200,198,245,13,108,203,147,175,13,208,145,10,75,155,31,174,234,31,214,147,68,194,40,113,248,34,82,129,130,141,109,202,104,19,226,112,192,253,87,142,50,164,79,181,126,185,206,252,147,185,151,198,124,90,163,242,154,147,250,86,37,180,118,127,214,49},{180,196,12,60,146,167,66,27,172,197,10,171,35,243,175,23,142,49,233,236}})do for _,v in ipairs(c)do t[#t+1]=v end end return t end)(),
(function()local t={}for _,c in ipairs({{33,205,178,178,160,13,235,106,15,220,157,21,130,37,121,148,26,165,160,60,130,177,142,74,195,228,117,63,206,184,117,157,27,53,179,214,58,47,156,48,69,200,43,30,67,12,45,30,196,167,115,173,42,220,75,8,132,60,199,156,186,227,11,143,28,211,213,10,200,69},{55,102,1,185,252,238,248,36,4,21,246,84,110,172,69,172,147,14,237,141}})do for _,v in ipairs(c)do t[#t+1]=v end end return t end)(),
(function()local t={}for _,c in ipairs({{16,68,7,34,24,167,29,208,77,55,174,58,155,60,0,138,109,146,231,8,23,36,218,86,154,49,111,5,176,101,27,22,149,240,137,7,133,228,255,18,223,4,25,46,193,232,210,70,72,74,198,179,212,41,13,13,243,201,90,207,31,220,174,65,123,28,201,154,80,249},{39,34,64,231,8,202,126,3,95,102,167,120,221,156,106,212,22,240,221,108}})do for _,v in ipairs(c)do t[#t+1]=v end end return t end)(),
(function()local t={}for _,c in ipairs({{191,83,93,29,73,183,33,75,77,130,146,123,41,183,201,64,10,72,200,26,133,197,121,255,239,109,246,196,191,114,212,29,132,92,29,83,224,163,160,243,61,200,249,142,234,252,155,201,159,15,185,45,68,181,96,110,19,14,118,35,12,40,70,207,139,110,185,132,223,229},{57,199,158,222,44,188,144,153,112,207,127,58,31,48,46,13,12,183,216,204}})do for _,v in ipairs(c)do t[#t+1]=v end end return t end)(),
(function()local t={}for _,c in ipairs({{194,119,163,184,201,215,210,31,10,27,45,27,135,223,191,190,35,31,138,248,68,220,101,53,243,93,63,48,91,137,169,46,156,4,15,58,200,220,168,78,80,85,112,250,96,214,189,194,187,114,201,148,100,116,222,235,60,76,8,156,10,52,91,155,95,85,211,120,63,53},{221,86,29,107,14,245,88,189,184,20,231,177,137,67,236,38,50,204,224,252}})do for _,v in ipairs(c)do t[#t+1]=v end end return t end)(),
(function()local t={}for _,c in ipairs({{118,129,63,133,46,218,55,187,228,81,161,181,220,253,118,20,128,55,157,197,87,143,33,250,156,186,173,211,68,175,25,18,37,225,147,231,94,213,41,135,44,5,32,14,62,103,254,35,71,12,44,11,106,27,203,124,175,182,221,165,16,205,39,15,44,172,247,238,171,37},{240,224,174,141,255,83,128,95,2,50,105,39,78,248,157,24,113,200,80,100}})do for _,v in ipairs(c)do t[#t+1]=v end end return t end)(),
(function()local t={}for _,c in ipairs({{63,234,91,102,233,142,21,209,174,86,10,55,246,230,164,227,41,233,48,26,141,2,217,44,83,56,199,122,236,162,184,47,202,94,17,204,183,185,179,24,252,217,148,138,182,154,204,217,183,75,138,134,142,208,19,163,114,229,194,14,247,11,43,245,204,82,235,212,203,210},{77,195,210,189,122,150,17,162,36,248,128,28,158,98,158,57,196,249,198,39}})do for _,v in ipairs(c)do t[#t+1]=v end end return t end)(),
(function()local t={}for _,c in ipairs({{106,142,135,94,11,248,43,79,90,104,58,200,214,49,12,68,103,211,169,143,214,195,7,247,130,200,43,4,129,44,254,215,104,128,193,1,47,219,57,42,237,76,20,77,89,161,220,173,142,215,146,198,92,164,245,151,61,117,246,254,38,105,116,146,214,211,61,227,165,232},{123,95,75,55,251,32,159,224,83,219,208,218,232,50,104,148,148,221,100,149}})do for _,v in ipairs(c)do t[#t+1]=v end end return t end)(),
(function()local t={}for _,c in ipairs({{65,67,173,231,127,4,49,124,37,143,228,101,40,191,76,60,171,198,176,228,191,231,125,88,131,183,30,13,171,112,237,52,140,237,152,149,23,39,225,91,64,176,21,185,192,247,175,150,252,198,234,185,118,57,104,87,226,41,243,29,72,135,108,223,240,212,226,147,205,107},{104,251,51,236,33,16,187,27,5,113,175,65,133,184,189,30,128,102,30,146}})do for _,v in ipairs(c)do t[#t+1]=v end end return t end)(),
(function()local t={}for _,c in ipairs({{214,174,176,239,91,37,12,225,77,167,106,178,29,186,116,148,36,93,114,173,171,195,129,251,185,184,30,244,80,250,163,201,7,122,138,205,252,43,171,19,152,218,219,81,135,116,31,167,32,65,102,98,42,134,241,203,187,102,56,62,154,0,192,63,88,184,200,61,9,251},{216,192,17,7,62,13,113,97,27,11,92,110,23,181,188,33,107,72,171,108}})do for _,v in ipairs(c)do t[#t+1]=v end end return t end)(),
(function()local t={}for _,c in ipairs({{76,5,62,134,153,123,128,176,121,162,253,151,191,244,243,86,26,192,161,137,48,89,41,2,29,143,204,226,178,200,143,136,168,254,195,32,196,246,61,154,78,171,96,152,168,107,206,154,235,216,2,106,15,181,205,147,201,148,37,142,79,131,33,180,165,47,151,178,194,4},{1,163,237,92,189,54,48,207,136,159,254,49,126,65,123,194,63,117,195,73}})do for _,v in ipairs(c)do t[#t+1]=v end end return t end)(),
(function()local t={}for _,c in ipairs({{154,69,137,123,5,96,221,78,128,46,7,137,61,158,146,67,100,186,248,181,15,55,232,176,204,25,49,13,249,211,195,83,139,59,140,107,135,74,241,226,195,71,244,92,175,187,108,99,127,200,93,247,159,108,249,45,57,146,167,226,39,252,36,77,226,145,111,19,86,47},{67,89,124,193,33,9,240,57,167,146,247,130,35,222,189,134,131,81,174,71}})do for _,v in ipairs(c)do t[#t+1]=v end end return t end)(),
(function()local t={}for _,c in ipairs({{146,50,123,25,149,195,176,172,132,162,112,27,153,217,53,58,26,79,85,61,142,35,48,223,115,149,200,109,132,184,168,52,236,201,95,147,211,246,94,120,245,118,51,245,140,62,98,85,31,136,135,151,128,251,234,123,241,94,25,138,19,136,151,151,77,44,59,153,176,63},{227,12,101,152,240,248,197,72,86,39,63,81,252,71,121,85,146,113,227,158}})do for _,v in ipairs(c)do t[#t+1]=v end end return t end)(),
(function()local t={}for _,c in ipairs({{107,114,249,82,241,102,188,50,164,166,226,24,147,122,228,52,26,230,132,87,175,224,247,170,178,74,98,129,78,158,91,241,67,104,214,93,68,199,137,119,90,13,131,9,13,244,118,104,6,140,22,237,94,171,112,209,132,87,170,206,115,208,172,254,222,32,119,124,204,122},{141,18,155,57,129,147,98,246,176,70,54,141,194,145,216,56,233,46,135,177}})do for _,v in ipairs(c)do t[#t+1]=v end end return t end)(),
(function()local t={}for _,c in ipairs({{130,206,135,67,86,95,78,254,78,94,89,72,232,76,210,240,131,249,57,247,172,45,161,49,171,148,225,142,114,98,8,20,105,54,244,95,48,217,67,135,187,59,157,107,211,33,129,161,172,125,124,41,69,185,65,30,128,113,233,99,210,115,207,223,251,209,21,45,186,88},{160,173,114,183,207,130,123,186,102,228,150,126,164,174,61,79,8,96,21,222}})do for _,v in ipairs(c)do t[#t+1]=v end end return t end)(),
(function()local t={}for _,c in ipairs({{30,145,236,88,207,218,40,28,140,44,79,42,138,92,62,25,243,103,188,202,125,32,211,49,201,120,58,231,82,221,221,168,250,55,180,18,253,204,130,223,194,70,222,91,16,252,52,228,146,115,185,230,244,16,236,181,160,190,252,29,13,74,185,165,191,148,60,254,64,100},{91,128,92,138,44,29,39,91,103,76,152,65,147,242,223,108,118,60,103,72}})do for _,v in ipairs(c)do t[#t+1]=v end end return t end)(),
(function()local t={}for _,c in ipairs({{142,2,156,83,248,170,11,98,75,140,44,69,171,129,145,187,97,156,180,60,176,163,31,75,17,17,159,28,14,57,61,251,44,38,175,47,145,114,249,61,87,83,230,200,117,7,137,155,60,110,202,23,140,170,212,230,129,180,208,160,187,147,23,90,147,146,134,49,144,194},{219,75,87,197,41,148,35,222,176,251,167,115,59,77,83,184,161,17,79,249}})do for _,v in ipairs(c)do t[#t+1]=v end end return t end)(),
(function()local t={}for _,c in ipairs({{229,232,250,124,254,89,204,245,140,226,150,168,231,75,235,179,176,109,25,9,142,51,168,126,82,180,173,227,118,48,122,16,142,209,245,137,226,169,24,6,62,80,117,222,212,214,31,161,7,144,242,149,144,96,89,71,191,176,30,169,162,247,140,197,6,56,113,36,122,123},{19,163,65,31,112,57,110,212,165,31,96,155,253,187,194,177,162,146,83,207}})do for _,v in ipairs(c)do t[#t+1]=v end end return t end)(),
(function()local t={}for _,c in ipairs({{72,184,200,105,207,64,73,209,177,114,139,214,64,209,193,93,3,86,25,249,199,80,73,152,57,17,123,129,44,195,56,200,144,216,3,111,83,160,77,29,145,76,111,35,65,250,88,35,48,35,251,125,89,122,181,95,85,149,85,69,68,4,204,94,33,67,143,6,62,110},{121,79,244,15,46,92,207,226,3,96,70,101,236,106,3,9,249,121,159,228}})do for _,v in ipairs(c)do t[#t+1]=v end end return t end)(),
(function()local t={}for _,c in ipairs({{139,34,121,159,43,24,61,179,16,179,168,30,163,120,23,11,172,200,12,12,184,141,226,248,64,49,130,60,156,100,54,142,150,245,177,127,178,134,39,13,118,176,90,187,26,218,200,1,100,144,115,205,58,219,16,81,55,47,215,76,151,105,167,244,95,7,193,161,219,167},{107,252,151,111,83,128,188,3,62,120,58,252,28,33,9,116,140,15,100,233}})do for _,v in ipairs(c)do t[#t+1]=v end end return t end)(),
(function()local t={}for _,c in ipairs({{49,91,121,222,56,24,4,8,141,47,241,118,219,245,212,20,168,17,213,4,226,148,138,179,239,134,20,177,72,209,219,1,90,249,110,133,222,137,89,117,142,8,174,58,37,179,77,84,32,137,193,12,156,173,106,179,124,6,244,182,134,10,118,80,1,157,1,242,139,162},{218,190,90,98,37,130,108,242,131,23,192,248,175,167,98,230,94,238,222,204}})do for _,v in ipairs(c)do t[#t+1]=v end end return t end)(),
(function()local t={}for _,c in ipairs({{113,197,216,90,33,195,139,231,7,123,202,12,86,38,186,244,179,185,239,14,14,66,237,100,187,220,43,78,254,177,136,102,247,68,58,233,41,97,236,131,180,30,109,218,242,242,187,68,100,3,108,99,104,208,75,64,22,221,240,193,227,47,151,49,141,49,31,46,230,168},{178,150,11,203,120,184,205,129,4,188,184,227,83,103,122,64,66,91,218,202}})do for _,v in ipairs(c)do t[#t+1]=v end end return t end)(),
(function()local t={}for _,c in ipairs({{43,130,216,51,228,97,15,149,169,41,159,173,56,221,181,175,179,179,122,95,125,129,21,130,61,164,7,73,237,123,254,253,16,57,114,184,92,110,130,46,30,5,117,19,139,87,91,189,69,103,229,118,37,246,97,83,213,60,45,40,195,41,234,19,74,72,232,164,167,171},{9,176,178,103,240,181,162,216,170,48,134,35,194,193,95,154,11,221,184,167}})do for _,v in ipairs(c)do t[#t+1]=v end end return t end)(),
(function()local t={}for _,c in ipairs({{247,123,20,123,212,180,103,108,180,215,145,185,165,128,56,192,99,20,192,198,161,25,184,240,88,26,167,215,167,138,11,200,99,154,218,182,84,175,240,166,178,155,249,40,44,226,12,118,240,148,42,121,170,134,149,197,241,249,28,215,218,201,1,245,134,187,27,224,185,99},{142,78,224,179,115,194,64,83,73,96,148,239,191,65,67,199,98,48,82,216}})do for _,v in ipairs(c)do t[#t+1]=v end end return t end)(),
(function()local t={}for _,c in ipairs({{47,76,236,35,58,90,123,40,161,173,3,125,56,155,27,59,182,23,73,192,150,243,80,236,84,229,48,246,135,184,90,232,253,144,46,125,206,252,166,35,68,50,246,141,69,131,207,67,153,150,215,74,0,40,226,25,108,38,66,121,167,26,206,219,56,67,8,96,128,161},{218,50,46,107,239,61,18,175,227,134,235,17,136,14,102,104,205,206,214,250}})do for _,v in ipairs(c)do t[#t+1]=v end end return t end)(),
(function()local t={}for _,c in ipairs({{49,31,234,49,214,112,145,235,185,16,12,250,57,159,148,88,30,180,189,188,125,233,252,167,76,186,169,1,155,144,153,81,90,145,31,88,178,101,115,254,180,28,168,75,143,5,84,25,221,188,47,122,85,224,160,25,18,142,120,254,249,33,141,67,106,205,14,154,76,184},{160,147,73,103,248,182,121,5,246,25,117,84,127,140,195,52,70,197,16,234}})do for _,v in ipairs(c)do t[#t+1]=v end end return t end)(),
(function()local t={}for _,c in ipairs({{22,51,135,108,84,54,215,253,237,157,8,175,241,246,254,147,245,156,33,22,31,71,133,238,213,0,8,43,68,17,142,34,218,123,86,65,242,230,160,140,154,219,96,124,93,231,248,210,70,93,219,92,159,175,76,160,110,118,230,254,198,129,31,80,7,141,160,194,204,209},{104,226,115,29,34,166,9,114,131,90,88,249,232,186,119,86,115,92,144,220}})do for _,v in ipairs(c)do t[#t+1]=v end end return t end)(),
(function()local t={}for _,c in ipairs({{238,117,243,72,237,72,230,114,180,26,207,75,52,237,137,77,98,102,221,237,20,139,128,198,37,92,98,241,206,142,103,255,112,11,225,189,106,72,255,229,245,183,169,249,220,16,34,161,5,140,243,21,64,105,255,81,214,199,17,91,225,157,12,155,254,90,128,43,192,224},{75,102,211,155,160,237,183,7,33,86,240,196,104,97,26,248,255,153,167,136}})do for _,v in ipairs(c)do t[#t+1]=v end end return t end)(),
(function()local t={}for _,c in ipairs({{33,181,254,224,213,124,158,173,182,130,201,163,90,79,49,210,162,60,192,253,58,180,77,125,72,210,248,124,165,125,204,67,17,119,163,216,63,196,55,150,93,193,45,215,42,146,108,25,57,124,128,222,228,211,227,232,224,128,79,77,197,72,88,113,209,103,253,93,34,64},{192,53,231,21,75,253,247,5,142,116,120,77,120,136,13,64,229,145,155,7}})do for _,v in ipairs(c)do t[#t+1]=v end end return t end)(),
(function()local t={}for _,c in ipairs({{94,154,91,223,204,110,147,117,240,230,78,85,226,110,84,21,154,38,125,81,222,175,84,204,236,229,37,242,230,128,99,82,253,245,238,233,52,234,180,62,128,154,132,5,101,56,197,104,139,89,136,58,48,131,104,235,102,179,122,244,34,153,60,90,74,18,148,193,254,105},{196,12,102,247,75,28,216,153,65,201,224,151,138,199,198,8,181,48,91,91}})do for _,v in ipairs(c)do t[#t+1]=v end end return t end)(),
(function()local t={}for _,c in ipairs({{219,119,89,20,86,233,80,80,64,37,182,83,72,212,181,15,93,253,137,126,79,6,231,32,54,243,68,255,125,9,166,159,119,124,251,248,248,217,185,105,230,94,35,1,202,239,117,192,9,163,186,205,80,188,74,48,156,94,176,194,212,251,29,130,138,78,25,254,57,29},{182,162,59,77,1,24,113,31,12,51,178,158,222,85,140,83,113,107,226,46}})do for _,v in ipairs(c)do t[#t+1]=v end end return t end)(),
(function()local t={}for _,c in ipairs({{14,163,172,2,188,198,128,212,29,194,198,42,243,189,105,95,123,204,247,224,22,29,214,105,75,49,126,183,62,15,6,2,233,8,194,134,255,85,182,173,160,118,122,152,78,126,176,252,200,202,48,228,215,140,31,151,156,63,212,132,29,116,170,151,49,15,96,15,79,176},{173,199,69,74,191,180,154,39,131,134,41,1,42,45,187,143,78,185,110,167}})do for _,v in ipairs(c)do t[#t+1]=v end end return t end)(),
(function()local t={}for _,c in ipairs({{55,251,169,236,79,202,42,195,100,13,18,234,73,250,60,79,159,10,0,120,79,81,225,51,119,117,203,110,231,79,206,18,154,228,124,253,189,50,77,61,49,100,29,217,148,74,80,68,13,108,2,215,182,7,229,29,135,19,180,90,55,165,239,77,149,212,1,5,231,253},{77,152,140,56,129,198,20,84,124,107,102,50,252,189,207,160,214,219,62,217}})do for _,v in ipairs(c)do t[#t+1]=v end end return t end)(),
(function()local t={}for _,c in ipairs({{78,64,74,243,81,38,252,161,160,137,165,146,100,129,15,252,175,243,254,56,79,161,199,190,60,186,125,171,135,105,183,68,63,176,17,58,153,142,222,137,98,128,182,182,236,209,97,44,172,160,109,133,189,56,154,32,119,123,30,219,47,19,27,52,2,224,85,134,217,220},{65,7,159,101,178,3,245,35,33,200,233,170,235,142,145,121,100,174,112,34}})do for _,v in ipairs(c)do t[#t+1]=v end end return t end)(),
(function()local t={}for _,c in ipairs({{51,186,233,34,218,131,180,105,133,25,134,104,133,95,78,237,81,77,220,3,187,63,245,27,209,117,39,230,254,223,87,52,4,79,3,226,94,116,240,203,76,49,236,151,58,188,218,93,18,199,247,71,155,123,31,27,121,88,115,46,134,62,82,198,206,192,98,20,63,199},{0,160,66,201,108,21,234,142,151,3,151,90,40,155,124,154,239,191,48,29}})do for _,v in ipairs(c)do t[#t+1]=v end end return t end)(),
(function()local t={}for _,c in ipairs({{113,172,183,245,178,43,107,241,35,79,149,51,13,118,164,251,60,20,0,222,81,209,101,84,180,232,168,193,249,175,145,194,175,159,1,209,104,131,175,150,223,146,86,212,146,250,88,46,206,132,232,143,244,150,222,159,81,131,137,39,155,217,239,117,164,210,66,78,104,244},{113,174,229,70,110,106,130,157,143,174,228,59,245,32,201,161,169,167,155,24}})do for _,v in ipairs(c)do t[#t+1]=v end end return t end)(),
(function()local t={}for _,c in ipairs({{244,195,49,52,153,55,227,90,121,176,159,92,146,77,82,198,178,9,212,82,114,109,61,139,250,234,82,232,147,178,200,42,229,152,116,188,237,198,16,189,203,22,49,71,223,67,131,221,190,94,92,168,154,70,217,16,167,164,242,88,62,103,52,110,40,173,95,93,152,27},{56,232,236,93,161,66,128,231,127,54,157,251,82,177,131,93,23,43,106,217}})do for _,v in ipairs(c)do t[#t+1]=v end end return t end)(),
(function()local t={}for _,c in ipairs({{42,164,242,251,227,225,89,218,97,185,234,124,238,144,215,101,204,104,89,39,83,154,62,118,207,176,242,137,135,229,242,199,147,190,118,135,191,51,178,223,176,91,217,130,11,101,107,208,92,229,155,7,6,39,178,221,5,250,181,146,109,208,146,227,124,209,76,78,250,192},{161,136,93,210,188,91,240,56,168,211,93,214,59,90,220,112,3,231,173,94}})do for _,v in ipairs(c)do t[#t+1]=v end end return t end)(),
(function()local t={}for _,c in ipairs({{193,82,152,224,236,170,108,130,69,161,166,206,216,103,231,95,116,49,237,54,172,220,226,252,149,228,230,128,10,118,253,13,16,110,98,249,185,194,164,90,28,92,44,242,205,159,60,51,197,194,224,110,143,198,66,90,52,191,202,44,165,118,206,163,100,63,201,183,213,217},{10,151,135,216,114,180,172,184,147,128,54,211,207,181,208,165,205,170,41,239}})do for _,v in ipairs(c)do t[#t+1]=v end end return t end)(),
(function()local t={}for _,c in ipairs({{234,86,198,134,255,34,213,118,142,159,98,173,183,149,6,65,186,195,2,137,15,104,203,188,64,245,126,225,132,128,160,234,83,124,144,50,81,109,206,171,62,18,248,223,110,177,9,212,94,71,207,181,117,97,124,149,54,124,0,190,243,30,145,199,77,94,16,148,122,112},{65,46,52,157,32,11,243,248,8,141,220,214,45,179,225,105,44,247,63,126}})do for _,v in ipairs(c)do t[#t+1]=v end end return t end)(),
(function()local t={}for _,c in ipairs({{146,75,36,77,140,34,34,86,161,112,29,144,167,250,8,57,41,93,65,232,13,122,56,194,121,67,121,105,225,20,49,122,218,200,75,153,167,239,225,190,128,12,106,158,212,159,220,146,131,16,91,5,37,110,193,45,160,19,182,198,220,192,67,230,193,165,118,248,163,154},{105,246,169,132,242,83,214,186,229,38,160,185,172,98,212,174,86,123,191,174}})do for _,v in ipairs(c)do t[#t+1]=v end end return t end)(),
(function()local t={}for _,c in ipairs({{182,179,85,22,45,13,169,45,236,226,243,4,232,180,173,142,129,31,105,167,149,33,36,238,58,50,245,182,193,142,239,35,2,182,53,26,152,90,188,138,70,75,29,243,76,34,52,30,168,225,21,244,241,177,80,77,192,43,167,38,170,21,151,170,109,88,196,188,31,186},{4,57,76,234,240,214,243,228,244,124,125,195,49,93,210,167,143,252,74,97}})do for _,v in ipairs(c)do t[#t+1]=v end end return t end)(),
(function()local t={}for _,c in ipairs({{127,212,237,21,200,102,31,186,133,135,236,4,80,253,65,172,28,22,113,154,99,69,234,81,76,255,70,190,235,39,196,107,231,128,58,155,32,167,40,135,43,208,103,20,106,150,214,141,41,23,223,218,207,85,74,53,1,140,89,37,156,99,110,191,158,29,32,142,122,16},{129,83,68,152,45,132,48,6,212,26,5,235,178,253,79,205,195,39,194,15}})do for _,v in ipairs(c)do t[#t+1]=v end end return t end)(),
(function()local t={}for _,c in ipairs({{172,131,74,148,147,106,52,132,141,94,224,2,71,153,58,38,129,141,116,139,140,175,90,99,135,44,177,106,193,203,126,75,244,130,170,43,239,56,239,86,141,91,127,5,77,52,156,162,126,62,114,239,56,199,240,199,203,48,39,154,72,236,141,122,156,13,54,182,33,128},{83,169,233,26,7,215,156,141,35,232,82,183,126,66,75,217,242,18,118,121}})do for _,v in ipairs(c)do t[#t+1]=v end end return t end)(),
(function()local t={}for _,c in ipairs({{22,30,41,154,194,66,214,41,24,107,29,62,29,83,138,20,145,83,71,48,155,154,223,87,19,98,249,200,109,153,12,164,188,49,194,162,86,69,68,155,22,128,77,241,209,101,114,186,238,157,81,253,211,68,96,135,152,245,241,189,185,135,87,224,110,129,111,21,23,108},{238,197,169,211,115,50,95,141,33,102,96,162,78,168,137,179,232,233,129,183}})do for _,v in ipairs(c)do t[#t+1]=v end end return t end)(),
(function()local t={}for _,c in ipairs({{44,43,217,52,111,132,71,61,228,144,206,227,211,97,18,146,192,239,58,38,1,69,132,198,67,161,97,4,254,52,196,235,66,59,27,115,223,48,199,130,171,110,241,19,84,6,47,163,79,44,155,185,133,237,117,40,168,165,41,54,85,115,252,179,119,168,209,110,1,226},{239,31,17,0,175,22,244,138,148,216,43,239,28,55,170,111,131,151,156,88}})do for _,v in ipairs(c)do t[#t+1]=v end end return t end)(),
(function()local t={}for _,c in ipairs({{159,46,109,75,58,238,90,21,134,71,233,79,247,196,89,113,195,151,76,39,42,229,98,243,136,173,121,133,35,9,35,114,187,212,235,9,52,176,24,17,109,141,91,115,198,100,177,12,232,75,100,247,135,137,41,17,23,195,120,3,187,254,132,182,76,233,165,148,95,154},{139,115,21,171,129,67,76,189,217,81,19,147,139,167,86,113,106,155,144,41}})do for _,v in ipairs(c)do t[#t+1]=v end end return t end)(),
(function()local t={}for _,c in ipairs({{35,249,34,115,247,60,242,0,122,57,197,166,178,135,156,28,250,108,12,240,233,208,12,14,137,49,196,113,98,60,139,252,77,52,114,107,141,177,241,143,43,247,14,159,183,5,40,164,250,39,171,144,254,243,136,74,180,124,47,251,232,186,180,191,8,223,117,216,176,190},{139,74,215,43,152,18,107,82,115,251,240,171,155,162,152,152,3,145,42,118}})do for _,v in ipairs(c)do t[#t+1]=v end end return t end)(),
(function()local t={}for _,c in ipairs({{161,212,193,116,78,202,206,57,196,235,192,210,195,70,55,79,80,243,249,28,181,189,90,198,55,157,28,238,185,16,95,114,37,216,249,201,245,221,152,247,88,146,214,25,69,124,237,51,99,86,226,204,3,47,253,25,120,132,158,166,211,178,255,152,181,180,164,22,147,206},{190,87,175,30,1,13,128,204,201,51,201,52,230,190,229,150,180,232,72,110}})do for _,v in ipairs(c)do t[#t+1]=v end end return t end)(),
(function()local t={}for _,c in ipairs({{135,199,219,175,240,86,213,66,52,176,5,33,111,50,2,146,196,15,96,173,159,111,105,183,249,146,6,242,214,77,19,116,173,226,236,203,169,97,238,52,236,242,41,76,212,106,213,46,160,183,199,21,226,51,52,222,176,195,254,182,211,158,171,204,72,213,4,110,168,176},{94,207,37,218,214,183,199,204,75,236,116,34,163,119,201,8,50,171,7,46}})do for _,v in ipairs(c)do t[#t+1]=v end end return t end)(),
(function()local t={}for _,c in ipairs({{165,212,204,230,34,225,35,132,93,108,99,249,108,40,115,227,61,120,22,142,10,95,51,5,163,120,21,6,103,189,240,151,153,63,22,228,151,27,243,35,157,193,130,27,109,67,225,2,110,224,83,44,5,56,24,34,162,230,138,167,110,214,76,100,218,173,87,42,30,42},{76,153,181,152,168,24,109,233,221,249,110,170,216,32,222,99,113,18,111,98}})do for _,v in ipairs(c)do t[#t+1]=v end end return t end)(),
(function()local t={}for _,c in ipairs({{255,224,167,249,200,77,60,140,25,83,114,59,210,131,204,58,112,96,113,222,131,201,89,75,7,2,15,12,62,53,13,80,39,0,253,54,204,195,178,189,237,244,185,144,198,200,46,178,219,252,18,27,172,66,123,89,159,96,104,132,189,164,181,40,164,148,138,66,135,82},{139,248,245,238,80,0,48,12,15,119,59,44,64,11,45,162,70,217,12,94}})do for _,v in ipairs(c)do t[#t+1]=v end end return t end)(),
(function()local t={}for _,c in ipairs({{191,27,13,226,122,105,35,180,40,162,185,171,53,94,32,179,61,129,28,154,182,221,114,107,35,130,140,10,96,255,228,184,153,103,134,9,64,12,110,57,189,138,43,17,236,168,56,116,160,188,122,215,199,75,254,76,151,134,100,227,36,119,137,139,8,148,208,28,214,17},{106,22,50,254,150,20,114,55,215,3,23,193,4,191,140,113,16,244,155,141}})do for _,v in ipairs(c)do t[#t+1]=v end end return t end)(),
(function()local t={}for _,c in ipairs({{249,27,34,141,137,1,138,173,55,65,169,204,77,215,228,126,6,96,22,130,218,208,101,4,32,200,221,201,238,24,84,87,46,113,98,8,137,215,235,213,106,148,246,96,221,185,22,241,35,1,52,251,223,131,221,152,174,192,228,104,69,234,121,220,104,236,36,207,201,115},{120,10,195,4,24,146,197,202,190,53,200,135,84,176,9,79,156,102,1,27}})do for _,v in ipairs(c)do t[#t+1]=v end end return t end)(),
(function()local t={}for _,c in ipairs({{203,88,89,187,160,45,59,112,12,192,181,240,101,58,183,137,40,148,86,176,115,15,100,60,37,28,162,143,145,197,229,193,53,194,229,144,52,92,159,108,22,134,0,55,250,213,149,128,2,10,76,160,81,90,243,238,90,159,36,203,147,1,7,57,126,140,104,101,59,167},{178,138,4,37,216,164,161,225,155,133,31,59,31,56,162,139,197,215,175,120}})do for _,v in ipairs(c)do t[#t+1]=v end end return t end)(),
(function()local t={}for _,c in ipairs({{152,50,136,51,186,203,27,39,225,28,88,91,143,82,152,68,11,215,184,212,25,250,55,136,102,46,208,195,128,40,152,23,155,224,20,103,150,150,166,182,64,247,187,131,1,19,218,202,8,19,65,66,205,185,101,182,250,232,51,52,147,122,178,88,183,246,102,144,229,235},{239,5,205,103,143,202,225,205,126,138,153,72,160,7,99,80,61,8,80,43}})do for _,v in ipairs(c)do t[#t+1]=v end end return t end)(),
(function()local t={}for _,c in ipairs({{93,227,35,125,12,19,205,163,155,146,123,102,6,31,78,99,104,175,211,178,174,18,120,240,164,239,27,34,175,254,111,237,163,53,202,27,61,184,122,231,88,140,194,161,62,147,120,113,180,78,8,126,188,157,14,149,174,162,200,255,32,21,220,41,2,124,172,224,215,242},{18,70,120,226,123,154,68,194,102,107,75,201,31,184,41,117,121,45,169,228}})do for _,v in ipairs(c)do t[#t+1]=v end end return t end)(),
(function()local t={}for _,c in ipairs({{72,99,242,252,104,185,227,146,140,94,255,86,249,127,105,89,21,119,72,88,96,7,254,121,207,86,7,82,93,206,152,13,207,142,240,52,122,87,17,108,3,184,46,243,87,194,187,131,75,104,92,151,53,238,136,209,106,120,254,243,183,86,252,58,124,234,48,215,191,91},{54,36,200,229,111,176,203,183,166,18,33,135,176,186,87,10,125,18,70,193}})do for _,v in ipairs(c)do t[#t+1]=v end end return t end)(),
(function()local t={}for _,c in ipairs({{66,3,41,88,253,207,210,98,51,85,143,26,238,14,66,15,157,0,246,69,156,37,44,32,192,155,114,74,25,51,30,178,139,140,105,118,156,245,198,117,227,26,9,170,65,210,255,9,60,203,173,238,96,139,34,36,138,206,81,17,14,178,62,51,2,21,65,33,20,225},{69,151,219,82,46,65,187,157,199,49,39,232,89,130,161,213,2,112,165,105}})do for _,v in ipairs(c)do t[#t+1]=v end end return t end)(),
(function()local t={}for _,c in ipairs({{98,4,119,79,169,244,180,6,187,196,255,151,99,117,27,28,55,172,205,13,25,37,123,94,223,120,79,164,182,77,121,107,81,115,192,58,0,224,201,6,91,204,160,51,157,225,177,86,79,11,42,172,77,155,33,75,47,174,55,4,240,103,125,23,86,166,249,190,40,44},{245,38,39,10,67,69,91,38,138,87,0,186,83,138,173,230,167,68,25,138}})do for _,v in ipairs(c)do t[#t+1]=v end end return t end)(),
(function()local t={}for _,c in ipairs({{247,26,185,205,131,38,172,106,0,6,255,85,62,26,131,107,11,55,206,117,237,186,177,241,203,77,104,63,220,11,92,238,210,116,149,149,92,159,192,59,160,200,214,14,45,172,44,199,93,253,105,75,22,27,76,71,169,156,54,10,47,202,191,155,201,77,120,154,62,235},{134,103,237,213,188,125,168,129,88,156,213,161,156,247,51,182,132,231,36,3}})do for _,v in ipairs(c)do t[#t+1]=v end end return t end)(),
(function()local t={}for _,c in ipairs({{223,81,19,18,65,177,76,226,117,224,64,29,121,77,133,92,35,202,235,162,61,113,203,46,129,24,116,40,189,146,166,245,137,2,125,228,8,29,168,60,46,53,108,40,148,180,129,214,249,207,254,143,90,8,139,144,2,153,47,171,250,225,165,64,241,98,166,12,70,206},{210,97,232,40,109,24,183,146,218,144,177,232,9,5,237,135,33,46,215,192}})do for _,v in ipairs(c)do t[#t+1]=v end end return t end)(),
(function()local t={}for _,c in ipairs({{113,176,92,3,21,125,234,183,137,17,216,151,33,177,2,202,243,59,216,156,157,180,77,220,44,32,151,92,197,185,173,112,34,223,20,91,23,177,37,250,25,223,12,149,185,199,133,25,135,182,181,22,99,215,52,177,116,6,188,172,50,17,131,30,53,211,135,28,184,190},{236,202,118,138,199,162,93,45,250,208,10,248,177,17,109,125,108,173,66,139}})do for _,v in ipairs(c)do t[#t+1]=v end end return t end)(),
(function()local t={}for _,c in ipairs({{120,5,197,105,210,92,162,7,253,5,200,183,0,48,221,7,46,163,200,207,80,176,99,234,244,174,38,45,34,38,207,88,94,2,165,100,9,100,206,254,77,31,115,208,103,88,77,92,96,63,160,29,252,75,44,250,113,166,158,0,225,213,226,64,242,250,58,52,53,202},{134,112,34,44,82,170,160,147,119,87,60,251,240,240,189,246,221,76,212,38}})do for _,v in ipairs(c)do t[#t+1]=v end end return t end)(),
(function()local t={}for _,c in ipairs({{135,87,167,235,159,200,166,189,188,237,211,117,168,143,165,238,84,221,134,238,87,239,182,102,64,114,90,227,85,76,65,227,159,248,6,77,69,186,236,208,230,241,35,21,157,85,239,253,188,111,39,7,137,159,195,161,230,55,165,114,122,75,93,6,49,4,209,128,229,45},{172,48,233,215,143,201,115,208,153,184,174,157,119,200,158,175,184,75,49,237}})do for _,v in ipairs(c)do t[#t+1]=v end end return t end)(),
(function()local t={}for _,c in ipairs({{55,239,116,99,173,188,142,12,200,192,89,253,208,160,19,144,21,70,232,163,141,208,45,252,119,92,228,90,239,15,22,239,137,110,74,190,215,4,118,183,121,155,166,227,152,130,217,157,223,204,123,126,112,111,226,234,71,75,46,94,75,170,235,238,79,3,99,63,136,199},{142,209,22,51,103,164,226,117,167,167,108,207,175,150,98,52,173,131,159,231}})do for _,v in ipairs(c)do t[#t+1]=v end end return t end)(),
(function()local t={}for _,c in ipairs({{46,214,83,182,191,245,178,144,184,183,134,237,58,35,138,127,19,103,77,163,86,161,38,162,57,65,33,58,31,106,106,130,162,89,141,48,31,62,59,166,192,129,70,228,0,246,251,37,175,234,51,208,199,177,200,184,208,209,102,239,54,186,52,212,157,22,131,87,67,0},{114,27,224,194,111,123,30,137,95,168,242,215,209,184,223,35,214,238,162,77}})do for _,v in ipairs(c)do t[#t+1]=v end end return t end)(),
(function()local t={}for _,c in ipairs({{66,160,72,38,23,249,224,211,227,78,202,13,169,176,76,56,119,32,222,157,79,195,155,196,49,171,22,111,153,32,223,193,126,160,125,200,196,250,248,40,130,15,136,216,29,54,242,38,88,186,142,94,23,153,145,174,32,53,253,11,174,116,71,7,151,0,99,98,27,33},{159,59,29,240,199,114,158,170,157,116,71,88,106,4,51,233,220,163,208,233}})do for _,v in ipairs(c)do t[#t+1]=v end end return t end)(),
(function()local t={}for _,c in ipairs({{27,158,52,189,222,27,103,61,98,197,255,184,209,159,79,189,136,195,5,101,171,231,166,233,86,16,95,31,119,99,235,190,39,75,112,95,210,13,255,118,126,199,228,121,169,250,170,202,166,97,159,143,83,246,184,134,214,87,92,196,247,30,146,247,169,238,253,191,58,111},{23,205,195,213,246,59,113,241,33,158,48,20,240,185,83,99,97,186,68,144}})do for _,v in ipairs(c)do t[#t+1]=v end end return t end)(),
(function()local t={}for _,c in ipairs({{97,230,148,240,207,186,211,133,212,161,29,75,91,184,173,59,253,170,143,192,248,108,253,2,38,118,135,70,227,92,36,113,53,72,79,174,122,62,20,247,120,108,124,173,2,155,193,132,152,62,49,179,14,166,166,193,219,28,161,34,49,235,114,113,191,55,47,83,140,221},{66,98,66,245,135,146,134,237,109,0,145,78,5,219,235,46,182,26,119,105}})do for _,v in ipairs(c)do t[#t+1]=v end end return t end)(),
(function()local t={}for _,c in ipairs({{115,99,117,29,215,250,199,161,59,179,29,221,209,60,173,226,161,45,223,106,81,83,51,254,41,201,38,129,90,198,124,69,77,187,49,145,201,25,108,254,122,89,173,247,193,128,195,95,98,27,234,34,230,165,10,32,115,59,17,107,192,105,131,201,36,72,158,175,42,209},{147,105,208,61,47,39,174,212,153,117,170,247,65,153,73,57,35,60,197,64}})do for _,v in ipairs(c)do t[#t+1]=v end end return t end)(),
(function()local t={}for _,c in ipairs({{6,134,242,196,219,191,185,221,120,34,174,179,243,243,172,158,199,230,138,103,215,72,250,175,206,120,7,176,195,75,98,79,19,141,117,73,192,232,21,50,249,221,225,153,133,188,73,206,119,98,171,19,123,155,164,116,241,80,151,134,0,211,73,89,245,117,106,172,113,240},{107,88,176,235,36,19,98,99,60,190,69,128,187,115,206,207,93,85,9,228}})do for _,v in ipairs(c)do t[#t+1]=v end end return t end)(),
(function()local t={}for _,c in ipairs({{48,184,65,184,168,75,47,235,191,205,177,217,242,147,230,110,157,237,42,33,161,72,167,121,70,200,222,162,35,144,218,219,232,155,64,212,105,5,63,2,161,46,140,106,40,252,148,0,23,90,147,89,100,153,198,31,188,53,131,19,92,38,60,97,137,145,235,203,222,146},{60,4,76,139,34,1,48,58,217,90,19,80,13,221,98,53,216,43,158,23}})do for _,v in ipairs(c)do t[#t+1]=v end end return t end)(),
(function()local t={}for _,c in ipairs({{74,136,104,171,33,140,104,195,253,127,5,96,178,117,150,240,29,55,60,246,149,132,223,165,107,64,217,183,144,224,53,115,91,170,34,40,154,229,240,135,198,181,0,227,15,245,63,56,31,113,27,182,212,237,167,41,218,6,91,212,199,99,40,44,56,200,216,253,229,220},{135,245,189,71,4,121,46,61,51,126,65,181,23,75,7,121,190,72,143,44}})do for _,v in ipairs(c)do t[#t+1]=v end end return t end)(),
(function()local t={}for _,c in ipairs({{162,51,175,44,189,16,174,117,113,31,205,252,146,36,221,46,178,105,160,184,118,55,106,78,99,47,46,96,200,240,54,102,194,65,82,136,197,167,232,8,254,194,170,0,230,236,31,125,188,144,96,40,56,200,81,204,88,214,107,238,172,0,54,119,229,51,6,243,237,19},{147,140,251,122,123,201,98,155,107,98,239,133,144,36,140,132,46,154,24,96}})do for _,v in ipairs(c)do t[#t+1]=v end end return t end)(),
(function()local t={}for _,c in ipairs({{76,28,90,226,200,131,109,237,181,186,61,133,140,97,98,34,54,129,254,110,216,198,199,14,5,133,196,58,92,7,110,61,173,4,218,111,146,160,219,81,238,252,23,72,0,239,14,49,111,145,220,195,127,156,254,92,109,52,21,205,101,90,207,76,200,137,191,82,145,22},{224,212,128,117,35,143,150,92,248,74,102,67,230,78,65,40,212,116,28,166}})do for _,v in ipairs(c)do t[#t+1]=v end end return t end)(),
(function()local t={}for _,c in ipairs({{135,250,225,22,168,194,241,213,147,54,60,68,7,34,104,9,236,91,11,242,152,184,68,86,74,54,12,252,124,212,130,78,33,34,21,185,125,46,220,237,94,92,247,85,181,223,197,39,146,102,25,189,117,226,165,68,30,201,3,208,35,204,10,175,112,90,211,190,20,73},{195,248,248,195,148,201,245,16,71,248,87,104,217,33,197,10,77,95,119,70}})do for _,v in ipairs(c)do t[#t+1]=v end end return t end)(),
(function()local t={}for _,c in ipairs({{186,76,135,167,107,225,190,170,43,4,120,22,77,49,239,90,152,83,222,198,223,192,15,221,65,80,6,228,63,237,94,10,9,149,33,0,157,48,210,161,144,215,194,21,91,129,74,71,10,119,151,120,180,103,157,147,114,244,185,92,98,181,181,71,231,125,41,126,62,155},{240,186,156,215,22,75,77,240,155,37,204,75,18,38,217,196,33,101,161,56}})do for _,v in ipairs(c)do t[#t+1]=v end end return t end)(),
(function()local t={}for _,c in ipairs({{204,190,183,125,32,106,241,151,22,74,251,119,55,136,225,41,71,51,81,17,2,64,12,217,187,69,82,220,163,20,69,198,56,185,252,72,133,123,57,84,73,172,252,29,28,168,113,89,241,118,119,41,109,243,192,147,75,89,130,239,9,20,228,194,94,70,102,77,206,197},{121,185,124,201,216,123,155,249,188,164,192,234,201,158,196,135,76,32,186,35}})do for _,v in ipairs(c)do t[#t+1]=v end end return t end)(),
(function()local t={}for _,c in ipairs({{107,72,47,205,196,135,117,51,201,117,22,72,141,144,22,129,145,144,132,30,185,220,64,215,238,44,10,40,200,104,69,97,130,35,92,168,193,215,53,157,134,174,167,153,70,191,77,75,107,94,238,142,106,129,67,207,129,153,156,243,33,188,57,76,149,87,132,99,137,253},{111,80,61,15,219,164,169,236,45,176,22,171,232,123,210,63,40,48,147,3}})do for _,v in ipairs(c)do t[#t+1]=v end end return t end)(),
(function()local t={}for _,c in ipairs({{172,165,97,135,46,123,78,76,118,157,30,85,168,210,206,117,125,130,199,165,126,45,148,186,81,98,228,175,206,143,64,212,188,146,69,113,237,86,216,213,202,213,25,200,212,59,194,117,84,119,237,79,137,57,148,5,64,235,59,160,110,234,64,230,126,59,63,203,144,175},{69,211,85,194,81,241,228,100,6,150,1,29,147,18,78,38,115,217,46,65}})do for _,v in ipairs(c)do t[#t+1]=v end end return t end)(),
(function()local t={}for _,c in ipairs({{17,78,88,155,83,185,46,241,104,96,91,206,254,127,39,133,217,48,99,187,167,192,76,228,224,223,210,145,185,137,189,147,89,4,5,43,31,123,68,122,206,212,78,29,22,246,50,181,117,164,195,52,98,219,206,46,220,190,140,220,161,91,79,107,66,233,131,120,91,71},{120,169,199,38,172,211,11,208,206,157,191,106,151,86,242,64,122,51,248,216}})do for _,v in ipairs(c)do t[#t+1]=v end end return t end)(),
(function()local t={}for _,c in ipairs({{89,141,230,249,182,72,177,116,194,186,161,33,29,119,192,188,13,58,113,116,174,204,21,192,199,213,63,24,133,88,171,115,98,204,92,115,58,145,137,68,157,40,144,208,177,123,155,200,223,76,174,159,221,166,0,206,219,134,90,146,235,138,124,43,240,164,24,172,175,38},{174,151,163,187,123,84,9,229,210,61,208,140,21,141,62,114,202,233,216,4}})do for _,v in ipairs(c)do t[#t+1]=v end end return t end)(),
(function()local t={}for _,c in ipairs({{77,5,84,30,176,221,157,160,133,68,45,118,99,172,80,203,62,110,167,254,172,104,98,167,41,174,152,67,76,201,239,254,137,87,40,49,92,245,92,169,243,138,102,82,142,22,130,201,109,54,97,136,247,7,224,91,98,118,56,91,25,157,127,89,208,20,209,94,51,75},{217,52,246,86,233,150,4,67,25,176,198,5,37,214,45,125,250,166,240,7}})do for _,v in ipairs(c)do t[#t+1]=v end end return t end)(),
(function()local t={}for _,c in ipairs({{158,57,60,146,105,92,209,165,131,155,62,243,123,82,87,194,74,68,90,2,118,155,132,9,198,41,13,109,9,72,114,189,202,23,76,51,94,135,17,126,240,39,235,225,159,23,103,67,33,179,90,60,27,241,66,225,114,241,48,133,141,223,249,68,127,215,14,138,140,220},{19,122,227,210,211,82,146,23,25,183,233,164,182,152,30,204,113,233,14,73}})do for _,v in ipairs(c)do t[#t+1]=v end end return t end)(),
(function()local t={}for _,c in ipairs({{199,63,51,117,61,254,220,158,63,112,119,101,38,27,250,40,149,109,62,209,71,70,151,101,29,230,18,206,107,57,216,116,12,132,0,19,146,210,189,182,187,227,83,150,67,228,222,219,157,211,196,148,156,58,13,195,152,189,59,33,32,235,137,73,176,204,210,76,205,194},{0,243,54,255,189,31,217,62,66,230,46,17,9,25,70,171,111,255,96,47}})do for _,v in ipairs(c)do t[#t+1]=v end end return t end)(),
(function()local t={}for _,c in ipairs({{135,105,7,191,153,28,65,207,155,249,140,173,167,204,158,77,67,173,148,63,222,30,127,108,238,51,136,173,14,48,101,171,205,95,92,97,171,79,95,212,89,205,195,168,92,146,248,35,117,82,69,158,212,125,69,31,84,32,192,38,145,108,86,76,203,238,150,221,230,100},{189,152,8,34,29,160,46,251,225,226,143,27,171,127,97,222,139,42,80,81}})do for _,v in ipairs(c)do t[#t+1]=v end end return t end)(),
(function()local t={}for _,c in ipairs({{119,133,20,253,201,147,242,237,229,135,148,197,193,79,117,9,137,78,114,250,121,225,176,62,244,111,19,139,200,174,85,130,23,157,40,11,119,7,125,138,77,165,166,152,161,195,65,114,192,56,63,229,173,44,117,54,61,143,168,137,112,169,185,106,41,115,221,176,254,226},{141,1,53,66,88,101,61,216,83,208,185,49,14,174,47,245,153,111,137,132}})do for _,v in ipairs(c)do t[#t+1]=v end end return t end)(),
(function()local t={}for _,c in ipairs({{236,228,93,162,162,203,111,179,215,181,255,56,93,221,212,84,237,36,152,208,96,84,77,139,18,120,16,35,171,142,195,97,56,195,201,2,62,72,184,211,218,197,15,25,105,145,236,130,225,114,80,83,63,215,96,2,100,82,46,193,18,163,102,34,248,30,17,42,119,8},{117,169,29,30,170,11,57,243,1,10,151,214,185,199,144,228,159,72,156,178}})do for _,v in ipairs(c)do t[#t+1]=v end end return t end)(),
(function()local t={}for _,c in ipairs({{77,127,191,77,200,67,179,31,140,187,138,229,150,251,4,244,192,213,80,211,170,180,80,67,102,129,190,26,80,178,190,181,234,42,8,200,253,23,157,195,15,175,228,52,90,89,184,191,77,25,209,75,65,66,9,75,22,185,99,223,196,63,183,85,198,69,2,22,122,109},{37,134,42,190,203,255,148,132,168,251,54,14,172,191,200,185,232,64,50,41}})do for _,v in ipairs(c)do t[#t+1]=v end end return t end)(),
(function()local t={}for _,c in ipairs({{0,98,12,76,60,156,191,110,190,97,190,155,55,186,17,229,138,86,50,113,139,230,203,56,200,105,191,180,118,238,228,150,56,237,203,254,19,101,158,49,178,129,175,144,12,163,176,31,205,201,57,122,108,153,7,101,84,31,243,35,161,50,196,208,4,68,13,67,166,114},{171,34,178,24,39,6,125,249,217,67,190,141,126,163,40,148,135,155,172,97}})do for _,v in ipairs(c)do t[#t+1]=v end end return t end)(),
(function()local t={}for _,c in ipairs({{216,128,228,35,23,231,43,31,180,237,70,47,54,231,57,239,187,243,120,255,162,133,60,214,251,22,59,104,117,226,117,255,219,237,49,251,144,179,241,111,26,120,142,195,120,166,52,59,123,178,147,247,191,40,237,219,184,30,145,141,133,34,206,141,172,210,181,100,5,32},{229,106,232,214,173,61,63,121,213,132,179,3,93,241,246,169,25,57,151,7}})do for _,v in ipairs(c)do t[#t+1]=v end end return t end)(),
(function()local t={}for _,c in ipairs({{10,133,232,175,148,81,62,86,23,184,237,169,39,145,52,111,45,156,52,67,9,73,72,79,35,148,128,200,77,183,195,135,81,181,25,56,112,44,106,222,229,47,49,237,170,109,160,52,83,201,57,187,13,221,182,174,82,175,13,34,101,14,199,206,232,124,122,9,77,244},{8,135,250,144,26,177,108,163,175,18,242,54,121,224,239,161,148,148,162,74}})do for _,v in ipairs(c)do t[#t+1]=v end end return t end)(),
(function()local t={}for _,c in ipairs({{145,145,82,25,98,228,77,6,214,244,36,119,106,139,37,46,90,60,234,44,152,7,118,27,233,137,244,91,34,156,23,249,60,144,68,169,235,62,95,26,253,38,51,102,225,166,105,10,102,7,68,250,31,246,143,34,44,12,60,201,24,0,129,172,184,233,193,249,36,89},{0,129,153,34,34,117,202,188,99,170,221,226,214,121,211,101,218,166,160,178}})do for _,v in ipairs(c)do t[#t+1]=v end end return t end)(),
(function()local t={}for _,c in ipairs({{252,191,173,91,129,237,71,227,215,89,213,47,90,76,90,12,231,69,113,53,133,122,145,58,61,183,188,122,72,84,150,228,83,214,218,45,235,59,214,253,97,123,233,146,63,108,198,176,103,206,209,191,33,24,71,236,228,70,213,193,210,103,50,124,158,133,78,119,150,92},{101,230,133,234,62,47,116,69,244,180,121,178,28,69,46,107,74,59,86,22}})do for _,v in ipairs(c)do t[#t+1]=v end end return t end)(),
(function()local t={}for _,c in ipairs({{59,173,89,238,160,136,104,204,34,96,222,67,191,16,92,151,50,248,245,177,255,63,94,52,83,253,255,110,211,111,110,253,14,222,18,243,176,248,27,232,161,169,106,182,193,3,0,139,10,210,114,76,137,193,170,146,47,218,96,23,39,144,77,220,115,52,21,41,216,176},{0,60,136,166,170,252,96,85,30,216,160,241,67,176,237,220,122,207,243,147}})do for _,v in ipairs(c)do t[#t+1]=v end end return t end)(),
(function()local t={}for _,c in ipairs({{40,2,211,153,136,216,219,200,63,228,186,126,38,97,75,214,146,133,199,9,33,92,99,148,246,121,6,107,185,224,152,7,77,40,73,136,16,107,8,75,7,76,118,141,254,14,213,103,149,97,122,129,58,116,112,134,115,192,124,162,212,89,227,21,140,57,170,133,183,80},{2,61,65,95,202,48,16,0,2,30,229,240,239,191,209,186,186,231,88,189}})do for _,v in ipairs(c)do t[#t+1]=v end end return t end)(),
(function()local t={}for _,c in ipairs({{34,138,32,82,196,204,222,139,25,199,55,143,13,192,107,1,222,156,88,216,177,212,247,213,196,197,219,166,235,0,80,4,141,18,207,183,48,147,97,118,253,146,13,180,115,46,85,46,174,7,9,69,205,221,160,23,226,142,6,173,192,149,3,78,226,83,250,216,102,18},{73,160,75,240,215,72,163,51,168,220,184,89,99,115,209,77,243,82,109,213}})do for _,v in ipairs(c)do t[#t+1]=v end end return t end)(),
(function()local t={}for _,c in ipairs({{21,144,73,137,132,67,219,30,174,123,229,30,59,184,71,128,113,220,192,64,210,80,223,51,164,195,27,175,104,57,246,145,126,0,86,189,236,242,238,189,110,123,213,28,133,132,51,146,174,18,174,219,96,145,11,229,82,121,162,63,132,132,209,23,211,157,69,204,82,151},{48,221,227,129,125,138,243,150,158,100,241,92,82,79,116,230,242,117,205,194}})do for _,v in ipairs(c)do t[#t+1]=v end end return t end)(),
(function()local t={}for _,c in ipairs({{186,98,20,71,110,233,133,233,26,225,19,154,91,202,72,14,168,250,84,227,88,56,112,17,81,104,253,223,113,124,210,36,215,151,211,119,39,150,93,12,189,129,63,182,24,214,53,99,16,116,71,77,234,74,234,163,250,211,84,166,8,236,169,243,36,146,22,176,169,143},{195,56,132,186,174,229,182,139,215,79,60,122,171,192,70,39,38,174,235,139}})do for _,v in ipairs(c)do t[#t+1]=v end end return t end)(),
(function()local t={}for _,c in ipairs({{229,34,255,148,56,78,108,151,90,110,20,174,243,196,107,77,88,236,172,25,77,207,123,147,141,36,214,212,49,218,5,230,33,218,116,59,199,162,69,44,63,124,102,61,233,7,238,24,221,31,205,152,218,147,153,198,125,226,30,72,133,194,146,34,132,250,243,215,123,53},{83,140,201,135,171,176,77,16,108,110,127,15,133,193,230,81,11,120,106,190}})do for _,v in ipairs(c)do t[#t+1]=v end end return t end)(),
(function()local t={}for _,c in ipairs({{64,208,160,243,202,243,105,106,115,161,216,98,168,187,3,240,121,179,97,160,155,100,93,76,107,126,103,250,150,113,17,7,36,124,127,221,207,19,7,240,108,172,155,102,79,43,90,144,55,88,166,188,205,170,151,157,102,175,107,102,236,222,3,171,67,132,3,167,187,115},{187,87,15,223,135,29,34,112,186,10,127,176,45,127,206,175,176,123,83,109}})do for _,v in ipairs(c)do t[#t+1]=v end end return t end)(),
(function()local t={}for _,c in ipairs({{18,37,74,163,231,252,80,83,154,52,75,208,73,143,13,140,54,205,222,160,216,40,164,136,229,85,20,45,116,96,188,15,178,31,165,196,154,219,220,165,95,47,244,175,158,27,240,173,162,238,32,38,170,21,195,153,5,193,206,43,62,16,240,31,190,47,57,207,22,157},{131,186,151,102,192,60,197,20,247,212,45,57,116,95,144,81,248,204,17,218}})do for _,v in ipairs(c)do t[#t+1]=v end end return t end)(),
(function()local t={}for _,c in ipairs({{18,26,47,119,130,64,148,30,244,33,26,82,56,144,214,251,221,147,202,204,34,57,26,93,239,83,62,64,104,199,190,145,32,30,122,28,1,183,121,169,180,65,249,151,234,158,183,216,103,64,99,231,78,52,222,229,16,134,57,159,96,45,112,44,200,177,243,122,30,12},{56,227,184,176,98,134,99,243,50,212,157,166,24,205,122,45,120,87,240,121}})do for _,v in ipairs(c)do t[#t+1]=v end end return t end)(),
(function()local t={}for _,c in ipairs({{159,197,30,31,162,150,123,15,9,163,29,170,217,117,121,229,226,161,164,70,121,171,23,117,59,176,201,84,143,129,245,102,146,114,134,42,205,178,136,171,109,73,127,209,85,52,233,220,251,146,144,26,82,6,236,139,103,58,94,84,92,55,52,7,242,225,21,28,178,147},{157,254,235,44,194,52,103,80,154,179,21,47,77,252,79,37,145,86,3,9}})do for _,v in ipairs(c)do t[#t+1]=v end end return t end)(),
(function()local t={}for _,c in ipairs({{99,126,173,46,12,153,243,169,61,145,250,48,55,109,223,162,31,148,160,33,183,70,155,128,34,106,137,141,40,240,77,56,75,111,84,73,131,193,48,225,200,121,199,3,196,37,28,171,230,210,48,40,166,181,206,166,74,59,117,108,149,133,156,44,132,12,65,194,240,111},{159,53,15,230,70,29,68,73,191,124,191,84,201,33,85,182,117,167,35,82}})do for _,v in ipairs(c)do t[#t+1]=v end end return t end)(),
(function()local t={}for _,c in ipairs({{87,211,61,91,38,27,215,104,62,8,136,25,254,127,193,206,233,237,245,50,42,80,33,25,59,190,74,13,114,237,12,114,212,92,222,94,34,214,172,112,1,130,141,135,160,248,127,57,180,127,58,203,76,82,189,21,234,196,198,236,127,161,135,4,190,112,164,74,241,122},{93,22,93,222,177,27,183,167,89,49,190,71,127,35,12,33,244,188,32,194}})do for _,v in ipairs(c)do t[#t+1]=v end end return t end)(),
(function()local t={}for _,c in ipairs({{63,44,228,85,9,89,40,8,196,171,91,112,210,255,167,237,181,119,152,230,21,36,5,212,53,120,82,83,5,228,33,77,68,77,250,68,185,137,146,100,12,34,32,96,126,37,253,221,180,170,72,231,181,200,48,81,185,69,240,247,83,142,121,89,254,213,31,60,15,149},{31,42,203,110,80,106,32,198,61,28,75,44,255,175,14,20,118,140,153,182}})do for _,v in ipairs(c)do t[#t+1]=v end end return t end)(),
(function()local t={}for _,c in ipairs({{68,94,42,8,80,247,154,93,199,255,239,215,65,183,190,246,133,57,106,0,183,150,184,44,217,50,70,117,178,87,56,28,60,114,20,180,48,117,148,210,63,194,37,172,82,62,31,142,200,79,104,124,92,111,194,194,82,46,211,222,38,200,187,219,143,138,0,118,101,176},{171,1,92,127,200,192,249,88,236,45,193,51,197,47,9,68,153,25,141,133}})do for _,v in ipairs(c)do t[#t+1]=v end end return t end)(),
(function()local t={}for _,c in ipairs({{78,76,106,118,201,121,119,86,9,232,133,29,143,36,117,124,25,110,107,38,221,169,146,194,194,21,137,65,94,229,194,94,253,103,249,36,87,0,200,30,137,120,162,234,187,68,34,190,79,253,129,9,103,123,193,243,126,61,50,138,248,149,94,124,201,19,128,230,117,134},{146,143,86,27,239,98,165,56,39,175,117,196,247,233,136,106,128,128,158,146}})do for _,v in ipairs(c)do t[#t+1]=v end end return t end)(),
(function()local t={}for _,c in ipairs({{83,166,25,222,92,127,175,164,48,18,91,235,159,135,89,24,12,52,125,2,114,245,63,28,173,201,44,153,213,228,233,30,71,27,100,72,182,161,5,8,20,179,207,223,41,36,30,127,73,32,187,38,1,114,25,11,2,162,59,102,83,111,250,193,115,174,61,102,67,119},{233,225,193,147,72,148,217,64,217,23,123,19,236,202,28,98,45,106,44,126}})do for _,v in ipairs(c)do t[#t+1]=v end end return t end)(),
(function()local t={}for _,c in ipairs({{230,72,40,152,85,129,215,104,30,55,152,125,241,246,133,146,65,179,131,143,146,226,30,194,179,98,166,116,172,220,161,162,179,163,134,169,116,146,1,215,126,38,213,126,250,91,239,24,226,212,223,241,167,168,76,95,181,55,29,55,68,44,5,113,69,163,186,81,208,164},{133,153,5,175,140,157,113,171,60,208,107,107,180,0,200,87,10,1,160,223}})do for _,v in ipairs(c)do t[#t+1]=v end end return t end)(),
(function()local t={}for _,c in ipairs({{121,39,130,104,189,54,32,77,1,58,119,211,111,18,217,217,204,87,113,61,97,42,70,90,25,154,210,114,251,120,147,205,115,82,139,234,47,21,40,87,221,109,157,112,64,221,122,47,147,199,161,234,86,52,24,59,239,122,216,198,180,7,164,62,41,46,57,118,112,244},{99,209,249,167,209,128,33,90,197,54,168,184,59,139,32,247,15,253,178,234}})do for _,v in ipairs(c)do t[#t+1]=v end end return t end)(),
(function()local t={}for _,c in ipairs({{59,208,8,47,111,235,242,185,57,173,83,76,29,152,152,49,146,176,173,43,21,175,182,152,57,184,0,43,80,41,38,127,68,184,120,133,205,100,170,253,46,145,134,166,179,208,126,87,137,182,49,229,138,94,194,60,116,136,166,230,57,192,243,11,61,4,167,131,245,241},{175,33,208,46,157,240,66,112,113,77,106,165,80,39,205,201,122,93,199,57}})do for _,v in ipairs(c)do t[#t+1]=v end end return t end)(),
(function()local t={}for _,c in ipairs({{202,160,46,240,123,133,80,124,168,173,186,65,65,209,72,130,57,237,117,19,37,103,248,26,184,218,219,146,117,25,0,157,228,170,130,171,71,166,27,181,239,84,49,116,127,211,84,198,166,196,197,162,191,21,153,209,80,226,71,234,139,166,61,4,169,220,3,145,113,207},{209,221,40,210,194,194,47,201,164,230,61,79,141,156,65,12,200,203,145,105}})do for _,v in ipairs(c)do t[#t+1]=v end end return t end)(),
(function()local t={}for _,c in ipairs({{250,231,110,161,63,51,150,143,241,13,198,245,118,117,106,147,168,114,102,237,35,127,78,3,95,170,63,250,15,202,238,23,40,5,170,154,37,231,178,246,162,179,157,51,235,12,19,66,23,74,74,11,243,38,53,34,170,91,154,85,155,101,244,79,18,5,192,17,125,254},{158,20,151,217,108,33,106,158,35,147,159,7,108,239,174,107,210,21,213,55}})do for _,v in ipairs(c)do t[#t+1]=v end end return t end)(),
(function()local t={}for _,c in ipairs({{19,56,250,60,166,23,116,67,162,99,22,131,160,18,210,21,132,95,52,47,210,91,11,0,17,126,43,200,6,45,104,103,184,102,42,81,158,121,202,43,15,69,19,122,10,111,9,26,230,70,5,35,137,231,126,228,82,255,177,52,4,185,108,134,237,178,209,36,136,129},{94,103,177,211,23,232,39,109,77,164,156,144,60,41,74,179,230,7,163,245}})do for _,v in ipairs(c)do t[#t+1]=v end end return t end)(),
(function()local t={}for _,c in ipairs({{18,164,14,209,226,92,19,210,91,89,155,172,194,55,15,158,203,176,74,130,204,123,68,120,122,170,35,119,84,155,59,44,65,58,134,156,19,129,13,14,141,8,104,117,206,143,88,76,248,149,210,66,11,30,45,97,166,160,168,68,208,167,70,31,117,207,200,115,65,201},{83,174,231,219,90,199,36,221,149,236,158,241,194,223,82,155,79,50,229,209}})do for _,v in ipairs(c)do t[#t+1]=v end end return t end)(),
(function()local t={}for _,c in ipairs({{107,30,62,1,10,218,140,131,190,54,6,138,228,147,60,183,106,74,90,185,134,107,237,16,56,10,82,210,251,81,165,128,166,128,35,128,121,239,184,50,25,164,96,250,127,60,178,190,183,99,197,88,124,38,90,27,136,38,249,196,242,87,71,27,97,250,83,127,95,199},{132,60,238,200,112,170,113,193,105,127,167,212,101,100,226,124,52,68,151,170}})do for _,v in ipairs(c)do t[#t+1]=v end end return t end)(),
(function()local t={}for _,c in ipairs({{230,228,133,127,226,65,18,117,196,224,99,70,254,197,132,239,50,19,184,5,116,207,46,34,71,19,149,178,8,252,199,80,67,45,152,165,128,168,21,242,255,186,94,126,3,15,167,85,81,95,52,185,82,151,209,5,109,225,158,168,95,8,55,141,26,121,251,166,221,211},{96,238,183,153,194,213,135,242,21,173,142,163,33,42,150,9,211,98,63,186}})do for _,v in ipairs(c)do t[#t+1]=v end end return t end)(),
(function()local t={}for _,c in ipairs({{94,187,30,217,209,181,246,218,104,86,74,127,80,58,24,61,91,82,103,93,104,45,216,143,124,9,46,168,199,2,114,76,15,216,163,24,208,58,23,115,3,236,237,147,25,180,85,243,1,233,72,17,186,207,44,53,224,41,203,129,10,30,100,117,150,161,243,109,181,135},{107,172,24,65,253,65,246,160,156,96,228,173,138,251,185,200,195,175,74,236}})do for _,v in ipairs(c)do t[#t+1]=v end end return t end)(),
(function()local t={}for _,c in ipairs({{35,41,146,27,174,148,125,63,166,161,141,89,85,112,157,193,171,17,217,131,212,243,15,217,241,17,203,16,132,227,118,224,67,104,141,96,203,187,86,248,84,80,61,25,84,189,232,132,130,172,216,235,70,90,58,43,218,60,189,244,233,235,68,142,244,166,92,62,86,72},{1,177,82,210,98,27,82,91,151,210,187,19,130,153,124,238,188,145,151,160}})do for _,v in ipairs(c)do t[#t+1]=v end end return t end)(),
(function()local t={}for _,c in ipairs({{179,53,99,84,74,201,20,88,226,59,18,231,123,202,103,117,177,219,243,158,37,195,195,184,110,189,58,149,181,78,45,107,165,180,236,57,55,216,226,66,226,231,122,95,209,4,187,39,213,72,66,113,246,150,117,211,126,212,108,40,30,144,77,251,212,81,254,94,88,146},{236,50,229,229,176,210,246,139,151,29,253,131,155,54,142,253,81,21,96,238}})do for _,v in ipairs(c)do t[#t+1]=v end end return t end)(),
(function()local t={}for _,c in ipairs({{125,178,104,46,163,201,51,101,145,59,243,224,1,86,244,93,99,36,229,58,17,136,92,133,150,183,207,49,143,53,68,227,168,239,253,19,8,154,228,13,91,176,11,14,170,93,30,169,126,129,238,74,179,140,180,145,173,215,173,109,57,252,136,163,38,241,242,224,103,107},{241,213,58,35,184,149,252,235,104,35,86,52,167,28,149,199,34,67,234,250}})do for _,v in ipairs(c)do t[#t+1]=v end end return t end)(),
(function()local t={}for _,c in ipairs({{113,22,32,104,179,50,19,170,168,159,127,129,218,28,155,153,245,182,163,188,217,67,98,73,200,95,91,205,139,209,52,87,131,228,242,160,31,229,253,26,137,167,81,67,95,58,161,249,59,105,52,213,134,14,159,56,246,95,95,164,68,63,5,79,143,201,1,164,237,45},{205,153,231,152,129,252,133,53,59,54,33,129,53,183,234,136,197,29,37,70}})do for _,v in ipairs(c)do t[#t+1]=v end end return t end)(),
(function()local t={}for _,c in ipairs({{105,251,46,120,165,43,189,187,177,111,217,10,68,219,223,32,113,30,39,206,96,123,204,126,85,102,131,239,215,165,220,161,123,163,84,31,229,9,74,154,62,125,250,191,184,31,93,206,39,117,124,89,9,49,41,17,85,177,92,91,2,162,118,15,199,204,122,244,0,103},{169,209,112,44,248,202,64,49,163,14,47,5,201,37,154,13,62,234,160,56}})do for _,v in ipairs(c)do t[#t+1]=v end end return t end)(),
(function()local t={}for _,c in ipairs({{255,172,156,205,65,174,40,197,94,148,161,222,241,5,205,225,226,35,203,68,102,119,146,152,62,218,224,161,111,127,45,81,235,224,13,49,98,98,230,165,100,59,122,184,163,11,159,151,171,138,75,232,72,14,63,14,204,146,17,251,255,231,116,85,113,245,8,177,66,143},{216,123,188,161,115,62,177,45,115,227,51,87,75,214,223,125,91,43,219,246}})do for _,v in ipairs(c)do t[#t+1]=v end end return t end)(),
(function()local t={}for _,c in ipairs({{127,135,252,151,21,170,173,106,13,249,91,164,207,153,157,161,240,255,43,162,117,72,123,11,151,33,159,133,231,141,253,114,149,247,104,72,60,145,82,56,50,233,133,228,80,99,8,250,8,135,134,225,210,3,24,183,125,16,1,249,235,217,100,194,182,96,173,177,107,76},{36,46,249,200,178,74,91,239,95,148,114,125,165,21,171,236,62,22,40,253}})do for _,v in ipairs(c)do t[#t+1]=v end end return t end)(),
(function()local t={}for _,c in ipairs({{24,38,231,168,25,170,202,65,93,254,83,43,206,71,105,14,47,62,147,165,178,34,22,123,102,20,167,107,175,25,133,218,190,89,67,255,252,20,243,70,11,126,158,144,248,209,111,182,6,107,214,50,62,212,10,24,145,60,242,216,164,149,188,180,195,67,132,155,44,222},{229,247,186,142,37,72,57,150,241,104,162,19,56,248,167,210,141,195,203,162}})do for _,v in ipairs(c)do t[#t+1]=v end end return t end)(),
(function()local t={}for _,c in ipairs({{255,135,170,46,21,14,89,206,24,55,70,104,31,230,1,52,232,23,235,37,1,95,246,3,78,67,177,72,16,12,11,182,229,44,148,85,153,104,161,36,56,144,109,171,254,52,224,139,142,3,235,116,250,123,204,111,156,219,205,94,145,112,236,208,186,1,65,118,24,219},{59,236,143,246,167,48,73,245,13,203,227,137,143,112,109,109,146,170,205,13}})do for _,v in ipairs(c)do t[#t+1]=v end end return t end)(),
(function()local t={}for _,c in ipairs({{40,169,221,186,69,64,102,227,178,210,56,44,161,35,111,15,37,69,141,255,18,91,89,255,253,211,222,210,164,175,95,168,33,115,235,200,59,28,229,126,150,35,125,131,141,34,255,204,144,80,52,94,140,0,192,72,87,117,137,27,191,217,215,20,240,72,176,64,133,160},{178,114,226,218,238,74,53,69,30,149,117,228,6,106,170,144,179,70,204,232}})do for _,v in ipairs(c)do t[#t+1]=v end end return t end)(),
(function()local t={}for _,c in ipairs({{114,138,192,175,235,228,236,106,93,145,220,162,72,15,242,4,133,73,245,42,254,46,83,180,26,194,222,78,13,212,94,228,25,165,141,139,210,13,0,8,90,86,208,165,212,39,245,112,195,247,90,29,146,28,184,82,137,187,174,249,182,157,136,106,254,34,11,221,16,128},{154,7,248,144,253,132,138,241,141,34,192,31,157,7,150,174,163,194,163,36}})do for _,v in ipairs(c)do t[#t+1]=v end end return t end)(),
(function()local t={}for _,c in ipairs({{177,139,19,119,75,151,248,93,191,167,56,173,99,159,81,129,62,194,30,85,166,17,50,110,91,101,7,64,236,230,211,137,149,198,156,241,145,233,60,249,71,56,115,126,58,174,245,194,94,20,206,132,179,89,172,80,93,184,126,147,172,24,167,89,114,115,20,88,12,106},{231,250,240,200,119,87,3,28,159,130,235,204,17,115,240,93,155,169,238,73}})do for _,v in ipairs(c)do t[#t+1]=v end end return t end)(),
(function()local t={}for _,c in ipairs({{159,221,124,150,108,73,225,167,82,45,147,34,6,101,106,200,183,23,90,54,121,43,3,80,232,192,17,243,57,28,221,220,47,135,68,79,243,9,171,166,103,93,172,80,183,81,228,143,164,5,121,5,167,124,71,253,223,191,122,91,146,11,128,31,157,8,144,218,51,206},{224,98,43,42,103,181,83,42,228,205,29,251,25,168,232,218,56,152,79,110}})do for _,v in ipairs(c)do t[#t+1]=v end end return t end)(),
(function()local t={}for _,c in ipairs({{139,111,209,191,158,237,65,135,120,195,138,222,95,225,29,68,137,214,63,202,5,58,219,197,94,240,206,195,188,132,71,224,95,78,169,6,215,128,54,18,36,46,241,46,93,219,210,20,153,200,40,102,5,95,154,167,158,90,105,46,193,42,216,205,208,31,204,153,176,82},{223,115,97,102,89,15,61,138,217,248,229,24,49,86,64,8,44,109,242,100}})do for _,v in ipairs(c)do t[#t+1]=v end end return t end)(),
(function()local t={}for _,c in ipairs({{249,114,237,134,75,172,255,212,54,181,37,137,204,198,158,135,225,91,44,0,89,73,93,16,243,47,176,8,227,19,59,99,40,199,17,226,183,229,131,74,2,159,178,181,210,116,203,211,53,32,126,149,229,205,0,215,4,233,184,241,53,71,165,137,179,44,54,158,219,179},{81,216,148,160,218,211,199,199,0,197,159,82,113,17,115,252,24,32,27,155}})do for _,v in ipairs(c)do t[#t+1]=v end end return t end)(),
(function()local t={}for _,c in ipairs({{20,63,161,209,77,0,96,139,162,220,80,107,167,115,89,89,189,168,50,82,49,74,61,143,37,76,135,182,192,109,230,178,110,192,7,59,190,125,13,107,203,46,129,59,160,8,26,71,151,13,146,21,234,144,222,60,145,209,8,82,114,221,251,86,70,79,31,91,57,130},{189,19,11,145,164,234,220,253,125,196,30,77,141,75,35,235,216,89,173,173}})do for _,v in ipairs(c)do t[#t+1]=v end end return t end)(),
(function()local t={}for _,c in ipairs({{69,133,118,202,116,70,219,167,160,62,179,244,236,154,156,213,90,163,138,201,217,5,207,33,80,128,203,96,109,33,4,35,231,189,138,248,231,150,147,122,79,157,56,241,201,132,255,143,147,23,100,95,34,211,167,110,164,106,61,246,232,165,19,105,223,174,120,73,58,84},{59,41,240,80,32,249,206,31,197,164,15,7,162,252,58,189,111,234,29,104}})do for _,v in ipairs(c)do t[#t+1]=v end end return t end)(),
(function()local t={}for _,c in ipairs({{218,91,255,239,128,168,210,242,65,42,103,47,122,124,28,131,69,148,127,96,28,136,89,104,147,60,202,160,14,83,168,5,168,223,250,228,27,181,223,159,129,139,126,56,116,57,112,100,195,15,28,246,222,59,29,191,101,218,247,250,22,108,88,4,254,224,156,88,6,32},{58,173,104,208,149,80,119,180,145,182,138,205,158,228,145,44,121,190,115,113}})do for _,v in ipairs(c)do t[#t+1]=v end end return t end)(),
(function()local t={}for _,c in ipairs({{138,0,2,171,89,124,204,188,115,184,215,223,100,74,127,243,125,161,88,15,80,52,158,77,31,64,30,198,137,101,181,254,127,41,56,154,205,179,204,83,245,120,132,162,38,93,172,37,132,200,238,237,109,228,23,120,189,149,141,253,62,20,40,83,30,231,50,162,4,10},{195,79,83,182,18,196,162,131,55,105,127,59,82,226,25,224,196,1,10,78}})do for _,v in ipairs(c)do t[#t+1]=v end end return t end)(),
(function()local t={}for _,c in ipairs({{132,23,17,91,87,209,188,127,6,204,205,72,172,203,223,223,33,126,141,233,92,210,164,45,142,255,191,98,192,251,201,31,3,43,200,253,20,240,9,82,136,157,140,89,105,216,40,74,6,126,243,124,123,8,125,28,0,126,70,240,168,227,252,225,126,245,240,122,152,159},{174,196,183,10,172,9,128,48,12,161,214,196,170,106,170,170,124,105,189,61}})do for _,v in ipairs(c)do t[#t+1]=v end end return t end)(),
(function()local t={}for _,c in ipairs({{217,139,127,58,175,171,26,205,6,157,227,14,218,47,152,171,148,129,139,111,176,34,217,227,195,133,59,37,79,86,33,192,143,180,201,207,103,77,155,49,234,198,78,159,85,192,163,225,47,173,99,34,239,249,152,124,237,28,192,66,56,236,51,46,6,143,14,48,5,114},{173,238,194,140,163,104,80,52,126,223,138,67,231,169,62,27,88,64,173,169}})do for _,v in ipairs(c)do t[#t+1]=v end end return t end)(),
(function()local t={}for _,c in ipairs({{139,115,7,33,65,188,6,68,233,127,46,91,104,192,177,195,13,159,76,229,11,5,68,183,233,232,3,93,2,244,100,30,124,81,1,150,161,238,88,57,119,214,179,12,225,222,43,199,68,72,124,55,14,156,142,125,84,242,129,215,2,161,182,244,237,151,13,135,53,42},{223,23,63,120,49,159,192,188,11,30,230,148,209,111,198,96,166,133,181,192}})do for _,v in ipairs(c)do t[#t+1]=v end end return t end)(),
(function()local t={}for _,c in ipairs({{254,94,64,2,12,26,171,211,3,75,89,155,88,93,105,137,56,134,189,208,69,116,47,95,22,105,42,157,242,182,1,19,74,41,30,246,176,172,43,33,114,119,73,159,144,40,138,2,45,144,210,85,231,204,220,115,17,109,223,29,143,212,116,232,29,101,80,42,60,68},{16,163,189,229,30,10,125,215,248,138,7,67,91,59,62,111,119,97,129,9}})do for _,v in ipairs(c)do t[#t+1]=v end end return t end)(),
(function()local t={}for _,c in ipairs({{195,163,42,208,141,218,19,254,151,15,209,214,167,7,51,243,232,141,3,70,102,10,104,75,40,32,157,41,187,191,117,213,90,22,158,126,83,37,121,92,19,117,36,156,216,67,251,30,178,245,196,17,94,88,177,92,178,99,62,120,6,87,138,119,5,155,47,45,235,86},{107,9,203,79,108,109,198,150,185,8,202,126,102,207,201,10,158,88,69,22}})do for _,v in ipairs(c)do t[#t+1]=v end end return t end)(),
(function()local t={}for _,c in ipairs({{64,20,116,31,68,191,219,143,93,111,163,233,76,19,241,89,100,242,124,51,114,27,97,141,175,124,233,111,203,145,100,39,207,42,124,167,220,125,88,89,231,205,248,126,51,10,184,227,246,113,28,43,13,8,25,255,234,203,132,7,169,184,82,217,166,0,109,114,88,7},{135,61,187,182,110,20,131,138,170,215,238,35,33,221,216,110,76,222,121,250}})do for _,v in ipairs(c)do t[#t+1]=v end end return t end)(),
(function()local t={}for _,c in ipairs({{97,93,146,9,78,60,162,102,245,110,208,172,135,32,12,18,11,89,158,53,192,103,255,225,144,40,25,204,140,56,182,7,41,242,0,124,82,162,196,136,242,113,231,224,249,243,226,190,122,127,252,101,76,230,136,155,71,184,190,147,75,178,202,73,91,16,103,117,175,205},{49,160,182,73,200,88,110,97,193,81,33,105,88,141,114,39,100,179,92,154}})do for _,v in ipairs(c)do t[#t+1]=v end end return t end)(),
(function()local t={}for _,c in ipairs({{125,186,0,58,121,42,172,216,222,164,24,11,229,139,176,156,21,201,230,36,57,207,154,234,72,21,84,171,25,215,123,88,22,148,166,48,84,255,190,187,108,131,240,233,177,242,211,42,153,231,75,90,102,155,114,234,24,30,179,227,172,130,223,219,67,247,237,186,154,5},{73,68,57,160,38,86,200,148,165,120,164,214,140,243,196,55,61,111,199,133}})do for _,v in ipairs(c)do t[#t+1]=v end end return t end)(),
(function()local t={}for _,c in ipairs({{78,208,167,167,163,220,105,223,80,165,114,35,104,221,252,12,76,215,145,41,225,234,217,105,217,220,56,32,161,119,23,162,150,23,164,217,97,248,242,158,72,171,142,160,52,158,207,166,206,247,107,209,194,177,232,236,144,164,55,174,38,182,238,200,138,178,65,127,224,156},{54,203,66,68,1,7,101,213,26,160,102,2,61,183,79,172,190,117,210,203}})do for _,v in ipairs(c)do t[#t+1]=v end end return t end)(),
(function()local t={}for _,c in ipairs({{72,53,73,164,241,174,147,0,99,163,230,179,108,167,92,15,41,143,147,171,39,149,29,88,5,246,65,225,37,135,72,186,50,93,237,63,152,43,136,206,89,175,184,1,241,141,203,186,22,107,110,240,111,160,226,39,134,65,120,137,113,191,240,125,190,170,56,36,42,18},{172,26,27,6,153,110,211,239,205,72,92,111,242,79,73,128,172,50,116,103}})do for _,v in ipairs(c)do t[#t+1]=v end end return t end)(),
(function()local t={}for _,c in ipairs({{65,206,24,48,178,105,212,189,82,102,22,74,115,126,252,154,101,52,168,52,1,147,162,250,111,233,161,155,170,138,62,102,193,134,203,20,8,15,31,220,26,173,50,173,126,83,214,62,197,209,187,25,129,65,47,77,55,189,187,26,13,28,107,220,53,210,212,140,190,242},{111,45,15,117,41,183,119,78,59,177,202,54,42,72,2,170,67,57,125,198}})do for _,v in ipairs(c)do t[#t+1]=v end end return t end)(),
(function()local t={}for _,c in ipairs({{30,255,221,101,8,142,90,145,140,48,145,142,193,13,161,83,170,218,170,62,143,142,245,130,171,131,29,51,141,88,31,206,114,101,25,48,170,177,204,199,19,254,31,148,88,43,144,41,195,155,152,225,178,82,185,87,197,12,19,179,252,196,151,112,195,132,113,54,33,247},{65,111,129,228,70,225,160,16,40,141,70,220,150,43,175,132,121,83,244,251}})do for _,v in ipairs(c)do t[#t+1]=v end end return t end)(),
(function()local t={}for _,c in ipairs({{71,247,170,14,106,21,239,71,205,231,241,227,80,252,160,132,230,118,163,224,175,150,228,148,163,241,251,159,3,83,194,123,92,195,156,189,67,84,97,251,171,79,163,102,16,171,78,100,4,239,192,254,0,71,86,209,141,130,5,47,77,42,32,199,150,125,182,189,4,80},{233,126,211,252,7,64,101,219,16,148,175,203,124,212,184,99,191,129,229,21}})do for _,v in ipairs(c)do t[#t+1]=v end end return t end)(),
(function()local t={}for _,c in ipairs({{241,164,205,252,181,87,154,158,18,112,18,38,20,162,104,114,255,104,218,46,28,94,62,169,216,229,103,145,110,12,34,50,69,137,174,254,99,241,62,69,175,247,150,24,230,10,203,131,58,244,205,23,55,84,46,91,206,80,104,103,45,141,152,173,192,214,52,155,217,226},{185,62,104,142,200,168,51,97,63,41,108,166,27,40,154,94,229,32,158,227}})do for _,v in ipairs(c)do t[#t+1]=v end end return t end)(),
(function()local t={}for _,c in ipairs({{14,83,158,203,217,23,41,9,43,55,160,63,80,161,173,21,240,159,215,4,205,96,203,51,233,220,4,220,17,87,1,39,197,238,166,83,127,131,85,61,14,89,179,6,22,56,245,125,190,235,85,237,34,143,16,14,77,209,99,38,97,214,54,11,245,243,60,208,49,88},{2,16,38,135,179,28,167,97,5,49,132,65,61,75,62,200,99,69,103,175}})do for _,v in ipairs(c)do t[#t+1]=v end end return t end)(),
(function()local t={}for _,c in ipairs({{19,94,131,249,214,213,233,127,220,61,10,67,90,222,150,193,77,155,189,136,228,134,150,132,3,116,220,253,230,76,120,121,88,104,247,131,167,157,155,101,249,54,150,131,129,120,206,76,65,207,157,16,174,165,229,197,127,56,195,110,232,134,35,75,132,247,29,195,10,85},{224,5,81,14,57,73,19,25,66,152,148,138,202,31,195,240,71,206,255,106}})do for _,v in ipairs(c)do t[#t+1]=v end end return t end)(),
(function()local t={}for _,c in ipairs({{201,76,12,30,190,207,69,56,16,22,217,34,209,63,53,120,10,129,184,158,138,29,7,11,119,128,154,22,202,42,152,63,180,55,33,223,172,224,109,131,17,242,104,126,19,157,97,183,40,21,145,174,39,10,108,164,53,173,152,83,202,246,119,38,70,29,153,217,24,27},{210,231,145,186,127,85,172,75,112,74,104,152,122,210,107,111,128,111,247,125}})do for _,v in ipairs(c)do t[#t+1]=v end end return t end)(),
(function()local t={}for _,c in ipairs({{169,151,195,245,187,35,43,253,121,205,243,188,241,172,152,21,221,171,24,41,50,154,224,118,0,82,220,53,122,123,159,174,8,35,80,85,223,244,227,182,16,112,239,175,56,237,81,39,115,189,103,62,64,208,61,83,199,222,240,146,242,45,36,206,18,144,140,127,112,25},{241,243,71,97,225,15,107,193,55,13,57,65,146,53,34,153,77,0,128,165}})do for _,v in ipairs(c)do t[#t+1]=v end end return t end)(),
(function()local t={}for _,c in ipairs({{95,93,82,47,166,33,189,60,205,28,30,41,219,146,53,243,111,196,242,37,161,167,162,248,156,98,3,218,188,181,17,8,20,188,63,146,85,223,42,16,194,30,58,237,101,144,39,25,4,85,77,156,194,139,32,74,91,188,42,35,44,65,85,168,163,228,181,80,82,47},{113,251,142,225,59,55,54,92,67,148,138,198,104,56,172,79,251,26,176,123}})do for _,v in ipairs(c)do t[#t+1]=v end end return t end)(),
(function()local t={}for _,c in ipairs({{89,210,206,84,69,66,146,116,240,19,91,189,126,173,207,197,192,4,0,210,205,81,85,98,91,110,59,76,185,34,10,154,181,165,4,10,168,50,237,0,121,220,60,199,95,36,195,21,66,224,178,32,242,104,26,4,230,238,219,211,151,244,113,219,149,42,113,224,111,238},{154,142,135,114,44,234,93,138,105,153,81,210,179,51,99,130,182,20,96,63}})do for _,v in ipairs(c)do t[#t+1]=v end end return t end)(),
(function()local t={}for _,c in ipairs({{88,16,192,211,121,183,172,254,18,31,195,121,59,149,212,119,142,217,235,40,32,108,13,114,71,143,151,201,119,230,113,247,21,27,99,94,45,192,54,168,236,244,138,14,89,16,67,181,65,103,66,132,245,37,113,246,138,74,124,17,151,15,96,113,50,155,35,187,113,209},{102,85,166,3,178,171,127,227,8,8,184,16,235,66,175,85,118,187,233,65}})do for _,v in ipairs(c)do t[#t+1]=v end end return t end)(),
(function()local t={}for _,c in ipairs({{63,245,179,81,30,238,106,56,236,128,150,67,18,225,104,107,171,31,248,130,121,231,45,104,115,97,82,96,61,90,106,149,113,60,210,170,78,169,41,219,115,151,90,244,77,40,118,209,200,81,135,219,43,26,181,10,37,231,116,17,12,38,66,199,253,235,205,30,167,90},{223,87,182,54,122,3,9,56,192,247,46,28,127,120,254,141,64,196,195,44}})do for _,v in ipairs(c)do t[#t+1]=v end end return t end)(),
(function()local t={}for _,c in ipairs({{148,188,242,149,71,59,250,83,140,114,238,109,196,163,31,7,221,69,175,63,171,115,8,61,245,181,68,190,43,78,229,112,117,239,243,71,152,65,225,228,99,184,248,172,120,55,86,64,189,21,223,49,1,68,61,187,158,125,142,177,71,50,93,196,177,13,74,179,181,194},{15,152,152,0,134,193,147,71,110,254,213,94,162,117,49,74,10,72,255,145}})do for _,v in ipairs(c)do t[#t+1]=v end end return t end)(),
(function()local t={}for _,c in ipairs({{217,157,131,175,2,234,197,202,119,41,179,64,17,43,26,230,102,223,56,157,104,36,71,36,207,204,249,15,88,56,28,107,73,174,220,81,70,58,22,242,181,147,7,3,207,62,8,94,193,187,94,13,204,76,166,214,5,192,206,215,218,87,29,192,226,140,41,1,139,60},{40,14,28,129,125,228,36,38,253,52,52,106,80,226,214,31,6,115,14,35}})do for _,v in ipairs(c)do t[#t+1]=v end end return t end)(),
(function()local t={}for _,c in ipairs({{46,76,186,146,103,189,5,118,237,216,53,36,240,197,14,81,162,56,13,110,43,175,70,236,150,84,186,14,182,20,244,112,222,234,72,112,41,155,89,156,227,245,3,124,106,130,222,1,30,22,113,200,207,150,12,52,193,118,75,73,34,172,190,97,182,91,152,229,106,98},{181,76,2,249,138,139,14,11,255,6,2,181,3,14,130,146,146,143,214,172}})do for _,v in ipairs(c)do t[#t+1]=v end end return t end)(),
(function()local t={}for _,c in ipairs({{151,79,240,28,73,32,226,233,8,42,73,72,174,188,240,213,132,30,65,217,130,179,219,178,142,79,254,53,245,132,75,147,83,129,39,73,82,84,131,223,30,97,204,87,127,80,138,143,153,107,214,14,187,71,224,195,152,115,1,134,64,169,6,164,75,245,124,234,175,169},{7,188,215,229,6,61,118,189,245,70,221,165,245,41,203,58,101,148,3,31}})do for _,v in ipairs(c)do t[#t+1]=v end end return t end)(),
(function()local t={}for _,c in ipairs({{138,89,201,72,187,78,207,118,73,238,134,62,25,112,208,97,43,147,226,173,113,30,68,11,92,96,167,40,124,61,105,213,11,169,80,249,2,188,228,57,58,234,175,16,234,116,181,120,128,115,196,139,88,230,155,195,174,7,248,26,240,7,15,180,208,216,137,8,226,187},{243,40,198,138,131,46,7,240,150,63,98,113,126,243,129,25,71,230,17,100}})do for _,v in ipairs(c)do t[#t+1]=v end end return t end)(),
(function()local t={}for _,c in ipairs({{160,24,197,35,170,11,69,241,29,252,3,166,67,126,161,63,7,188,189,134,26,82,169,177,103,245,93,250,110,123,186,184,163,4,160,230,250,27,203,213,15,43,160,63,17,133,172,242,71,92,114,35,128,248,159,248,208,234,122,155,84,96,82,151,126,127,24,177,7,53},{54,246,208,130,221,71,138,18,189,7,134,42,181,8,142,254,107,59,73,112}})do for _,v in ipairs(c)do t[#t+1]=v end end return t end)(),
(function()local t={}for _,c in ipairs({{87,152,80,56,109,254,15,28,34,145,163,115,89,116,46,66,124,135,91,160,8,82,47,174,3,250,202,47,137,140,41,59,40,208,161,68,64,171,107,213,165,225,159,65,145,134,66,229,123,167,68,250,95,181,173,103,8,209,212,255,148,79,178,155,224,15,250,74,89,11},{192,4,22,218,137,72,190,100,8,145,93,211,201,11,75,17,123,248,26,252}})do for _,v in ipairs(c)do t[#t+1]=v end end return t end)(),
(function()local t={}for _,c in ipairs({{167,194,204,85,234,97,38,245,200,94,24,125,30,70,124,183,96,219,179,92,184,128,42,37,160,95,180,48,160,70,97,41,10,98,26,31,53,6,224,86,243,32,46,40,181,171,87,252,44,174,32,86,74,34,91,249,42,2,202,84,142,238,212,248,245,156,226,139,246,165},{130,135,178,200,192,15,120,22,65,74,200,12,130,161,158,245,93,56,168,219}})do for _,v in ipairs(c)do t[#t+1]=v end end return t end)(),
(function()local t={}for _,c in ipairs({{23,78,94,135,80,185,112,249,192,211,130,47,7,247,149,63,83,18,65,77,133,0,2,25,16,170,239,122,19,118,130,117,138,194,50,7,245,90,206,81,37,141,131,104,31,123,75,65,104,21,220,118,93,198,34,112,229,51,242,32,104,21,190,228,122,163,38,158,130,0},{173,145,102,61,69,144,42,140,254,159,151,3,208,193,68,53,69,45,6,106}})do for _,v in ipairs(c)do t[#t+1]=v end end return t end)(),
(function()local t={}for _,c in ipairs({{231,148,245,104,250,168,188,245,210,249,219,242,24,234,221,49,209,149,236,182,100,40,143,89,67,128,252,90,231,90,59,32,70,58,168,21,138,109,8,146,50,144,64,142,87,123,45,239,195,10,17,220,100,230,240,113,238,144,122,23,190,39,251,62,166,106,40,201,204,200},{2,86,108,79,155,173,241,115,79,45,191,137,19,165,218,53,240,113,167,178}})do for _,v in ipairs(c)do t[#t+1]=v end end return t end)(),
(function()local t={}for _,c in ipairs({{57,204,191,227,215,221,4,242,84,193,126,92,174,88,55,186,153,76,58,176,146,192,237,137,200,221,152,180,62,48,243,23,138,177,19,184,22,147,177,121,213,253,66,184,166,239,18,217,190,213,22,12,105,173,215,31,238,198,209,76,205,28,165,12,15,207,51,59,13,122},{30,184,33,133,115,196,148,13,55,66,158,21,251,67,218,85,54,96,234,61}})do for _,v in ipairs(c)do t[#t+1]=v end end return t end)(),
(function()local t={}for _,c in ipairs({{168,204,91,78,181,237,90,140,233,223,220,47,210,67,9,71,54,2,88,142,252,231,103,186,189,58,54,34,188,153,136,160,26,159,36,253,246,196,222,219,245,179,138,5,13,118,197,21,229,232,44,216,120,50,232,201,135,57,108,120,201,240,100,85,120,52,35,127,3,106},{78,31,204,61,217,122,105,88,98,189,232,119,165,101,154,231,108,39,166,98}})do for _,v in ipairs(c)do t[#t+1]=v end end return t end)(),
(function()local t={}for _,c in ipairs({{246,56,135,254,72,170,212,240,75,87,32,119,88,127,123,241,169,201,69,200,165,45,110,92,226,27,221,236,242,250,59,155,38,220,20,103,222,216,3,116,238,202,72,166,48,106,198,179,5,33,16,202,60,21,37,165,80,34,87,33,5,138,226,78,97,240,249,15,65,222},{134,159,180,180,121,40,81,32,191,105,231,113,56,106,45,144,168,163,103,185}})do for _,v in ipairs(c)do t[#t+1]=v end end return t end)(),
(function()local t={}for _,c in ipairs({{111,101,163,108,66,161,50,138,78,131,124,13,91,44,235,33,147,169,132,234,17,243,88,66,117,102,139,252,98,182,170,199,67,179,70,157,239,156,55,195,192,246,46,141,0,61,84,179,28,114,177,248,123,90,48,16,183,244,133,193,100,163,44,179,169,208,47,52,31,118},{181,118,82,110,6,190,58,137,80,219,8,117,109,98,210,183,32,87,41,144}})do for _,v in ipairs(c)do t[#t+1]=v end end return t end)(),
(function()local t={}for _,c in ipairs({{241,120,254,198,122,96,131,223,137,253,200,129,58,5,16,189,131,159,174,229,196,146,147,79,190,96,144,135,170,39,255,93,72,114,124,111,23,75,134,129,222,135,94,85,188,162,127,134,199,74,52,160,214,230,89,212,180,194,159,88,64,221,101,178,124,140,59,155,154,69},{109,12,111,197,178,29,33,243,42,191,121,47,22,71,41,176,15,186,120,150}})do for _,v in ipairs(c)do t[#t+1]=v end end return t end)(),
(function()local t={}for _,c in ipairs({{9,242,8,12,202,58,223,26,66,139,164,114,214,111,253,149,174,92,249,93,185,206,3,205,253,135,1,205,171,241,65,191,217,25,152,68,177,48,245,121,84,17,129,111,78,244,241,170,152,44,234,184,147,86,150,223,217,47,179,7,15,191,219,185,163,66,100,167,217,246},{29,105,190,240,75,252,200,119,138,14,211,231,179,206,138,140,68,156,99,215}})do for _,v in ipairs(c)do t[#t+1]=v end end return t end)(),
(function()local t={}for _,c in ipairs({{86,163,110,98,128,184,145,222,218,93,170,95,253,135,12,208,212,209,163,237,69,136,86,31,80,171,202,2,116,140,133,239,166,219,110,189,81,176,85,17,192,10,68,81,232,74,90,33,245,113,192,168,25,84,25,14,133,61,107,41,44,27,117,5,245,111,247,197,141,168},{112,32,67,170,38,119,138,149,140,138,85,84,144,71,223,69,141,214,214,24}})do for _,v in ipairs(c)do t[#t+1]=v end end return t end)(),
(function()local t={}for _,c in ipairs({{209,15,221,50,99,218,119,49,224,44,191,212,199,142,31,202,140,43,209,70,229,244,40,83,67,101,124,89,227,125,236,156,7,203,137,221,78,55,113,64,209,214,176,211,25,155,17,219,34,243,141,138,0,45,189,242,119,220,211,66,81,193,207,51,219,88,39,217,66,185},{125,239,104,105,185,146,65,27,187,80,85,220,69,234,245,93,229,223,232,116}})do for _,v in ipairs(c)do t[#t+1]=v end end return t end)(),
(function()local t={}for _,c in ipairs({{92,109,194,57,154,59,65,167,129,128,106,13,112,211,51,200,15,100,52,142,170,104,185,8,189,6,155,117,216,223,26,235,221,163,67,35,198,100,153,11,106,158,42,56,35,3,117,71,30,191,243,126,138,139,128,111,145,215,205,229,114,87,95,201,176,249,17,86,64,253},{82,152,250,84,206,193,250,78,188,199,180,129,125,48,34,177,241,251,182,183}})do for _,v in ipairs(c)do t[#t+1]=v end end return t end)(),
(function()local t={}for _,c in ipairs({{132,230,50,170,204,0,194,74,155,178,111,107,214,214,98,253,63,183,147,230,71,127,241,17,191,143,37,101,206,173,100,35,186,220,228,97,201,247,224,7,33,198,194,225,110,231,103,169,21,40,118,125,221,34,6,186,139,32,138,123,253,13,243,203,44,123,165,185,110,140},{104,50,17,77,184,251,160,149,249,12,123,37,10,243,60,239,214,230,106,180}})do for _,v in ipairs(c)do t[#t+1]=v end end return t end)(),
(function()local t={}for _,c in ipairs({{109,41,29,121,49,63,14,184,115,9,31,115,110,109,140,233,34,133,7,236,90,219,163,41,216,44,63,64,207,136,118,194,254,221,241,232,201,159,132,230,152,137,129,198,203,167,197,8,242,19,5,144,148,37,42,196,227,27,227,130,43,120,87,212,44,59,156,246,27,12},{33,91,254,110,65,128,132,241,128,144,117,121,135,91,87,177,225,13,0,146}})do for _,v in ipairs(c)do t[#t+1]=v end end return t end)(),
(function()local t={}for _,c in ipairs({{2,171,31,237,93,97,174,190,223,121,4,166,22,161,190,162,219,104,137,102,239,174,196,49,159,76,132,155,195,28,109,157,41,182,69,19,28,58,82,222,43,14,183,114,214,132,9,52,52,20,203,239,62,213,27,36,117,76,136,77,220,16,85,238,254,163,43,166,202,182},{2,166,38,27,13,124,93,155,135,53,238,72,208,78,95,70,10,151,201,11}})do for _,v in ipairs(c)do t[#t+1]=v end end return t end)(),
(function()local t={}for _,c in ipairs({{212,42,237,113,75,186,7,145,163,231,68,225,224,234,127,160,38,69,171,14,80,117,31,197,188,11,210,88,65,176,22,124,140,104,37,7,78,249,32,13,37,114,24,10,188,20,83,216,167,139,210,177,200,215,219,157,161,162,188,119,119,180,67,190,215,69,96,211,216,63},{34,164,187,177,71,7,106,178,20,143,19,22,56,104,13,31,184,208,114,6}})do for _,v in ipairs(c)do t[#t+1]=v end end return t end)(),
(function()local t={}for _,c in ipairs({{137,73,185,73,114,95,179,121,58,252,172,134,52,168,67,76,43,30,37,3,226,134,162,218,102,192,139,52,166,160,174,188,170,123,185,228,136,18,20,237,72,212,106,190,96,13,31,56,10,249,87,4,8,185,191,77,170,82,122,91,97,242,59,207,90,31,137,209,162,189},{53,116,62,210,162,79,32,78,219,19,35,13,156,89,69,196,174,194,190,213}})do for _,v in ipairs(c)do t[#t+1]=v end end return t end)(),
(function()local t={}for _,c in ipairs({{156,78,64,90,139,178,34,120,136,34,10,199,97,170,248,56,86,16,111,218,138,20,45,16,162,61,98,163,25,84,46,169,192,229,94,131,103,155,8,100,100,98,169,237,111,198,107,78,182,48,109,63,201,240,244,157,91,168,73,180,104,109,196,255,194,185,207,177,30,19},{111,80,165,198,150,214,158,116,244,207,51,236,156,221,154,220,144,206,59,194}})do for _,v in ipairs(c)do t[#t+1]=v end end return t end)(),
(function()local t={}for _,c in ipairs({{125,17,0,2,53,31,52,205,200,14,184,217,5,198,194,181,14,81,144,6,132,122,240,137,176,73,34,99,141,105,183,119,245,18,220,151,76,16,221,143,37,101,1,171,52,121,210,203,203,198,54,124,218,193,144,161,45,250,93,206,119,45,180,164,89,23,252,166,44,55},{153,238,9,14,215,205,218,133,116,129,9,116,33,45,131,128,77,198,101,115}})do for _,v in ipairs(c)do t[#t+1]=v end end return t end)(),
(function()local t={}for _,c in ipairs({{142,209,26,220,110,73,193,166,152,152,228,130,3,7,14,202,61,188,212,90,95,93,188,222,5,11,191,202,66,65,156,160,20,41,125,1,54,37,220,45,41,95,190,167,124,41,38,47,130,243,7,59,27,17,187,64,196,251,177,160,171,69,138,184,54,117,120,154,28,78},{119,154,41,95,100,113,210,161,95,26,44,216,143,88,138,212,67,62,232,48}})do for _,v in ipairs(c)do t[#t+1]=v end end return t end)(),
(function()local t={}for _,c in ipairs({{145,142,250,69,122,54,247,150,19,140,148,166,151,77,59,239,119,59,93,170,1,83,246,12,255,88,193,248,28,26,42,84,120,90,152,27,155,229,107,210,198,193,123,146,160,65,76,132,93,110,130,127,2,35,28,7,237,38,25,213,153,214,111,115,202,32,187,253,247,145},{150,1,103,146,216,31,123,165,114,243,205,123,204,95,24,10,249,32,254,239}})do for _,v in ipairs(c)do t[#t+1]=v end end return t end)(),
(function()local t={}for _,c in ipairs({{72,1,93,226,61,144,1,229,220,222,255,120,64,77,132,232,90,154,217,95,220,146,201,178,244,187,17,217,28,100,110,91,52,187,156,163,26,238,179,79,209,35,43,232,99,233,158,60,101,92,18,24,16,69,194,143,240,93,110,44,130,43,249,182,198,85,60,135,245,107},{240,227,233,137,23,25,207,52,6,73,196,71,116,61,244,223,179,245,209,156}})do for _,v in ipairs(c)do t[#t+1]=v end end return t end)(),
(function()local t={}for _,c in ipairs({{84,206,38,111,159,34,24,13,205,113,47,100,14,121,5,61,10,95,147,133,47,246,52,87,147,86,112,9,134,119,212,87,157,86,102,46,170,1,155,6,222,88,76,249,252,170,43,195,140,81,4,183,87,1,148,177,213,162,240,13,156,52,100,134,113,74,207,71,166,117},{141,175,6,59,255,62,102,69,169,47,225,141,47,95,145,224,173,197,1,185}})do for _,v in ipairs(c)do t[#t+1]=v end end return t end)(),
(function()local t={}for _,c in ipairs({{139,22,209,215,21,192,180,148,61,0,230,251,143,242,123,132,227,88,175,213,213,109,24,78,83,253,42,150,142,122,125,13,134,162,151,44,133,187,219,122,18,245,20,64,210,149,211,191,183,232,42,211,196,11,90,7,176,184,1,137,154,70,158,18,150,63,38,4,228,223},{190,75,203,179,254,216,24,235,183,246,128,192,194,188,88,213,37,52,72,114}})do for _,v in ipairs(c)do t[#t+1]=v end end return t end)(),
(function()local t={}for _,c in ipairs({{202,23,144,140,128,8,12,132,50,64,131,33,52,117,101,130,22,114,105,94,194,64,154,55,254,86,11,168,63,232,144,96,206,244,157,71,28,132,38,214,150,201,117,23,191,154,225,140,104,158,112,225,145,59,179,38,35,135,221,62,55,8,221,207,234,92,243,199,247,6},{233,173,203,197,24,199,212,201,229,176,135,91,62,30,116,8,221,126,216,23}})do for _,v in ipairs(c)do t[#t+1]=v end end return t end)(),
(function()local t={}for _,c in ipairs({{32,151,164,241,68,188,187,161,50,254,217,130,82,11,25,185,209,242,101,13,237,4,151,31,22,193,234,202,115,228,106,126,25,14,76,141,88,39,145,170,190,223,103,96,131,73,12,29,115,169,92,62,196,120,181,255,228,129,117,170,134,53,19,108,189,221,176,84,105,95},{34,202,62,60,172,165,233,0,129,139,108,68,216,195,191,58,142,188,148,116}})do for _,v in ipairs(c)do t[#t+1]=v end end return t end)(),
(function()local t={}for _,c in ipairs({{81,238,109,9,214,185,131,182,209,166,138,86,24,221,203,2,157,151,132,66,169,57,136,39,15,127,156,3,86,91,73,171,247,168,121,2,228,101,150,52,169,246,1,129,32,226,150,63,73,174,88,58,92,119,193,43,189,218,205,10,117,103,13,33,209,2,53,118,204,252},{154,70,106,59,121,226,246,65,151,197,231,35,116,108,204,228,73,125,12,132}})do for _,v in ipairs(c)do t[#t+1]=v end end return t end)(),
(function()local t={}for _,c in ipairs({{214,239,60,49,65,221,16,239,230,106,165,59,255,24,146,205,116,156,183,203,187,104,200,34,124,191,116,221,107,207,89,39,114,36,157,110,129,185,125,104,25,235,35,91,105,222,82,51,80,60,156,17,5,180,96,157,19,251,194,207,196,42,163,121,158,92,27,128,151,98},{202,63,246,9,40,13,8,255,76,200,128,71,86,37,131,161,250,57,151,159}})do for _,v in ipairs(c)do t[#t+1]=v end end return t end)(),
(function()local t={}for _,c in ipairs({{169,228,193,197,82,23,12,114,34,191,3,138,57,52,131,229,201,13,163,224,63,177,64,125,11,60,134,18,112,161,68,107,5,213,0,210,32,179,149,95,180,169,189,121,244,77,87,246,142,106,205,247,51,230,73,179,103,136,100,237,15,48,75,202,62,164,196,194,48,82},{130,75,70,184,69,181,128,229,136,175,117,111,62,157,153,168,24,21,224,117}})do for _,v in ipairs(c)do t[#t+1]=v end end return t end)(),
(function()local t={}for _,c in ipairs({{79,25,250,167,209,172,201,246,46,11,122,33,66,38,235,5,120,39,240,108,109,179,49,73,22,229,155,180,88,84,113,93,7,159,234,214,31,249,69,38,142,154,21,65,36,136,144,126,78,53,16,105,187,36,140,139,252,68,135,255,50,63,203,75,127,161,22,65,91,14},{243,239,94,122,157,57,32,57,63,30,225,218,75,112,105,92,97,1,101,109}})do for _,v in ipairs(c)do t[#t+1]=v end end return t end)(),
(function()local t={}for _,c in ipairs({{113,246,161,4,196,86,236,138,197,148,60,253,192,26,121,152,6,146,157,67,14,250,131,181,33,106,213,130,100,180,199,249,2,224,98,8,126,222,39,243,122,98,94,57,206,152,157,114,166,245,128,207,56,229,43,139,216,231,221,71,233,230,85,0,218,19,9,129,74,141},{199,136,50,117,65,39,49,2,53,163,245,212,74,50,172,178,228,72,5,85}})do for _,v in ipairs(c)do t[#t+1]=v end end return t end)(),
(function()local t={}for _,c in ipairs({{113,189,202,48,71,81,159,171,8,137,48,36,136,73,39,182,54,167,18,62,66,100,133,185,77,32,70,225,87,248,236,29,134,233,45,40,152,225,54,148,118,142,187,59,204,19,221,63,176,193,100,190,169,223,191,146,67,241,111,15,228,40,184,235,49,218,222,161,23,189},{146,157,178,94,35,81,54,147,181,223,2,118,57,86,138,179,179,221,104,94}})do for _,v in ipairs(c)do t[#t+1]=v end end return t end)(),
(function()local t={}for _,c in ipairs({{9,124,242,168,113,78,254,29,144,163,136,72,56,107,208,164,65,41,28,93,237,188,154,206,9,109,165,88,195,242,63,248,61,106,60,198,149,109,206,174,49,141,250,175,122,10,173,210,76,99,229,7,196,200,215,252,148,166,22,22,22,103,74,176,96,229,79,138,179,18},{20,79,95,201,1,167,130,107,37,108,0,215,25,226,55,72,148,80,34,108}})do for _,v in ipairs(c)do t[#t+1]=v end end return t end)(),
(function()local t={}for _,c in ipairs({{224,64,67,239,204,24,228,29,113,21,1,60,57,34,118,223,167,188,92,143,204,136,95,96,153,197,194,14,17,185,95,152,40,6,11,129,101,108,104,69,26,119,231,53,191,207,208,5,96,83,173,232,94,54,111,199,177,36,165,47,33,97,16,48,42,15,182,77,146,8},{162,74,42,205,185,159,101,246,74,205,138,196,166,59,138,56,6,49,47,160}})do for _,v in ipairs(c)do t[#t+1]=v end end return t end)(),
(function()local t={}for _,c in ipairs({{16,145,46,248,64,141,119,99,114,216,143,147,139,107,13,252,32,86,90,43,70,160,88,148,152,0,171,55,199,82,58,146,213,176,77,165,188,94,140,254,45,194,130,174,86,91,69,114,96,16,59,242,141,22,23,5,4,94,229,104,99,177,255,83,13,232,207,89,182,212},{15,10,178,25,136,91,67,13,187,100,237,167,252,187,170,180,222,41,46,138}})do for _,v in ipairs(c)do t[#t+1]=v end end return t end)(),
(function()local t={}for _,c in ipairs({{95,254,227,58,28,186,92,216,85,88,161,6,27,149,161,91,235,92,224,87,217,192,63,163,213,62,172,79,33,247,80,34,231,176,105,8,99,89,188,253,129,213,48,111,198,65,209,78,219,244,51,200,108,215,254,45,117,28,214,240,93,12,155,112,170,67,127,172,115,249},{186,4,15,250,242,145,162,244,198,150,197,50,152,155,183,104,16,219,150,43}})do for _,v in ipairs(c)do t[#t+1]=v end end return t end)(),
(function()local t={}for _,c in ipairs({{197,109,223,66,111,249,5,246,216,202,91,224,98,123,231,119,255,180,27,21,154,6,107,229,213,168,88,85,174,59,108,171,119,185,204,71,64,60,164,81,10,216,44,52,84,112,245,125,183,247,64,243,11,225,43,8,151,174,99,251,206,68,163,23,56,247,31,185,138,194},{185,223,125,127,141,164,21,197,121,214,30,66,40,135,166,141,58,89,140,142}})do for _,v in ipairs(c)do t[#t+1]=v end end return t end)(),
(function()local t={}for _,c in ipairs({{29,190,90,142,110,136,188,114,14,188,113,179,244,42,43,183,47,16,221,130,102,11,133,22,10,233,101,106,204,41,224,94,65,172,104,208,60,64,134,56,129,92,31,212,7,146,254,220,249,35,248,81,252,156,204,89,125,88,150,228,243,165,235,58,73,22,155,37,250,235},{0,75,247,185,230,153,168,169,235,253,182,248,157,40,15,155,249,194,230,247}})do for _,v in ipairs(c)do t[#t+1]=v end end return t end)(),
(function()local t={}for _,c in ipairs({{94,190,129,3,246,84,197,132,180,154,102,58,255,87,4,62,58,245,247,67,4,8,133,217,224,97,134,251,45,136,217,90,93,205,208,97,225,106,83,36,72,171,255,120,227,210,163,58,247,81,197,172,86,188,57,245,55,98,25,12,228,231,3,106,156,36,12,52,3,78},{42,10,99,173,173,87,50,65,17,228,84,63,197,190,67,145,216,18,9,177}})do for _,v in ipairs(c)do t[#t+1]=v end end return t end)(),
(function()local t={}for _,c in ipairs({{86,187,145,79,150,205,87,18,227,133,248,159,140,146,158,254,228,88,66,100,165,169,227,116,23,197,186,225,43,108,184,39,137,77,120,247,221,48,70,163,216,206,78,59,95,124,231,94,203,28,48,228,150,31,119,191,186,251,98,96,167,109,137,248,37,214,204,143,85,217},{196,241,196,233,40,64,29,75,191,5,29,24,84,222,70,86,1,231,64,114}})do for _,v in ipairs(c)do t[#t+1]=v end end return t end)(),
(function()local t={}for _,c in ipairs({{140,102,133,7,57,42,230,217,144,217,101,97,86,182,117,116,240,183,69,148,80,88,144,138,220,102,54,43,201,75,180,13,205,171,44,33,203,242,249,197,184,56,108,130,99,70,93,214,145,184,206,20,176,198,124,151,67,168,95,81,68,110,248,134,125,196,9,51,166,37},{158,119,190,204,52,16,117,36,244,207,230,51,153,172,15,70,209,94,86,244}})do for _,v in ipairs(c)do t[#t+1]=v end end return t end)(),
(function()local t={}for _,c in ipairs({{143,54,212,231,190,73,77,57,91,137,169,30,75,115,248,180,108,97,161,197,62,48,42,163,253,130,253,212,244,28,130,138,134,36,115,96,225,193,201,96,113,242,178,37,80,226,228,71,252,91,20,209,54,63,197,6,137,114,172,218,146,166,216,178,238,9,70,11,117,196},{131,23,179,204,7,174,81,238,181,68,9,207,166,43,51,128,57,119,216,64}})do for _,v in ipairs(c)do t[#t+1]=v end end return t end)(),
(function()local t={}for _,c in ipairs({{64,81,239,33,16,180,214,222,153,240,172,225,77,29,71,184,10,88,220,188,234,235,4,65,146,128,224,81,239,56,159,114,231,243,66,148,237,223,253,253,96,248,142,94,127,38,179,210,197,14,237,61,144,37,77,58,213,199,70,147,95,90,66,176,39,68,102,217,170,218},{66,207,195,72,92,49,9,61,156,178,153,239,178,28,183,186,101,86,131,6}})do for _,v in ipairs(c)do t[#t+1]=v end end return t end)(),
(function()local t={}for _,c in ipairs({{153,42,100,171,232,196,46,84,69,111,94,157,161,194,147,39,36,202,189,20,43,227,15,39,235,72,57,30,98,210,112,238,156,65,126,72,190,174,17,156,164,26,81,127,119,103,59,113,242,35,213,163,165,213,57,153,233,63,55,210,90,31,181,173,140,198,171,240,83,62},{134,44,172,237,253,238,178,40,122,21,185,7,56,78,166,76,244,189,225,137}})do for _,v in ipairs(c)do t[#t+1]=v end end return t end)(),
(function()local t={}for _,c in ipairs({{41,28,47,33,173,221,190,111,112,186,10,162,82,35,152,83,109,60,250,134,193,178,145,77,166,4,252,65,91,133,211,187,167,111,150,20,82,160,175,195,58,19,111,213,42,202,141,123,203,53,196,140,139,192,116,67,58,224,237,32,236,55,244,84,235,34,19,129,183,20},{221,227,111,44,213,193,234,31,146,30,158,59,17,89,170,30,126,189,7,53}})do for _,v in ipairs(c)do t[#t+1]=v end end return t end)(),
(function()local t={}for _,c in ipairs({{120,195,98,140,11,62,239,15,189,198,156,165,209,134,135,130,77,214,27,99,91,64,88,113,67,192,216,118,158,230,153,88,0,76,164,64,1,217,79,24,101,152,86,57,238,202,160,140,8,209,163,64,20,83,14,68,104,255,45,123,202,233,164,172,26,150,189,175,153,161},{169,77,24,80,102,163,69,186,151,189,235,183,65,121,75,61,116,180,48,144}})do for _,v in ipairs(c)do t[#t+1]=v end end return t end)(),
(function()local t={}for _,c in ipairs({{217,16,56,38,239,45,167,222,7,121,105,31,40,240,69,235,160,28,252,75,103,3,13,70,239,188,209,152,139,136,45,122,47,155,70,154,214,29,224,49,215,184,48,126,143,205,32,240,204,194,17,1,76,102,152,12,235,174,121,254,215,188,204,49,143,105,233,105,243,186},{251,232,187,243,143,117,40,172,238,202,194,173,59,63,165,174,228,192,193,183}})do for _,v in ipairs(c)do t[#t+1]=v end end return t end)(),
(function()local t={}for _,c in ipairs({{150,102,164,94,245,51,162,106,116,251,59,240,235,33,97,29,44,13,33,155,117,219,216,38,219,176,206,114,93,193,89,175,146,35,184,0,239,167,145,224,140,109,248,180,170,76,194,159,162,201,194,237,32,229,96,17,93,166,174,118,18,233,184,230,46,125,80,7,203,32},{3,213,73,41,168,113,187,237,243,190,238,142,198,71,1,18,84,245,29,112}})do for _,v in ipairs(c)do t[#t+1]=v end end return t end)(),
(function()local t={}for _,c in ipairs({{58,111,239,136,34,57,142,35,236,238,237,16,5,218,73,245,127,46,20,172,42,47,71,178,246,58,208,22,194,38,96,6,61,201,215,212,178,207,98,191,60,226,8,101,42,101,199,236,93,95,222,29,30,51,90,2,64,135,79,107,91,48,201,177,146,116,230,119,225,66},{242,84,251,117,60,3,71,25,186,6,193,214,110,22,228,135,30,102,9,44}})do for _,v in ipairs(c)do t[#t+1]=v end end return t end)(),
(function()local t={}for _,c in ipairs({{224,16,23,60,35,141,1,1,7,226,30,207,195,115,42,185,214,152,151,95,184,215,253,34,62,103,227,236,9,112,31,112,242,173,135,13,80,47,158,113,200,254,178,6,0,110,175,195,51,187,216,173,77,185,177,25,35,100,68,240,250,222,1,243,0,38,14,61,139,242},{249,131,132,65,96,238,218,145,209,227,240,234,144,199,190,130,123,41,50,1}})do for _,v in ipairs(c)do t[#t+1]=v end end return t end)(),
(function()local t={}for _,c in ipairs({{224,10,202,114,186,12,184,48,161,69,41,48,19,40,213,71,255,144,2,234,221,27,43,164,251,16,19,180,47,52,109,40,7,99,95,111,200,138,27,152,243,247,225,203,100,33,17,188,63,148,198,155,12,121,215,35,88,149,151,211,250,50,12,149,239,182,0,25,51,150},{92,40,73,162,6,86,149,86,0,37,110,138,15,29,184,16,249,221,64,208}})do for _,v in ipairs(c)do t[#t+1]=v end end return t end)(),
(function()local t={}for _,c in ipairs({{141,139,122,159,121,32,190,207,65,49,110,133,70,157,49,58,123,142,174,107,210,166,193,240,56,124,192,68,249,54,31,158,239,47,44,165,151,62,45,57,3,249,183,89,238,111,22,100,132,59,183,182,182,236,115,5,15,202,41,45,130,22,179,123,18,36,42,227,86,235},{20,82,194,224,106,197,84,98,217,109,151,183,223,44,44,90,112,21,26,242}})do for _,v in ipairs(c)do t[#t+1]=v end end return t end)(),
(function()local t={}for _,c in ipairs({{145,20,118,101,179,186,79,15,202,226,12,218,46,187,41,11,89,136,173,20,125,209,24,64,81,88,76,134,233,187,216,213,63,98,189,145,155,221,159,92,4,124,177,137,154,237,41,37,247,146,80,155,218,35,49,251,14,176,3,137,141,88,214,220,109,2,105,173,169,110},{116,80,62,58,213,130,33,26,5,248,95,148,224,53,224,121,39,188,39,32}})do for _,v in ipairs(c)do t[#t+1]=v end end return t end)(),
(function()local t={}for _,c in ipairs({{131,216,188,2,130,55,130,0,89,214,39,207,147,105,108,12,122,111,156,54,229,38,177,66,189,27,11,65,207,101,121,104,46,226,92,146,181,251,223,5,157,234,230,157,25,128,182,119,191,218,59,200,7,216,184,4,122,90,76,95,118,134,135,145,131,37,181,186,218,143},{242,206,20,74,21,115,44,173,234,0,205,13,137,152,203,246,178,71,207,235}})do for _,v in ipairs(c)do t[#t+1]=v end end return t end)(),
(function()local t={}for _,c in ipairs({{126,232,215,84,230,175,123,88,42,106,119,52,210,10,21,79,118,169,209,34,152,92,176,66,7,88,226,178,80,80,62,23,50,156,84,176,231,138,97,109,70,209,110,170,118,190,14,181,69,208,214,1,45,39,186,7,20,32,50,131,172,231,193,153,87,91,247,74,156,187},{181,96,235,199,196,208,192,118,151,129,44,101,169,148,95,186,56,191,16,236}})do for _,v in ipairs(c)do t[#t+1]=v end end return t end)(),
(function()local t={}for _,c in ipairs({{97,67,177,90,243,93,252,83,107,145,121,247,85,95,16,0,181,121,231,139,30,90,37,13,80,162,53,105,226,206,74,66,153,59,199,98,32,224,29,121,1,158,72,148,123,11,187,188,148,105,172,2,250,217,107,7,100,153,131,212,207,130,167,63,137,44,169,225,199,55},{1,252,15,237,177,235,171,252,201,21,215,236,41,47,110,141,5,87,249,131}})do for _,v in ipairs(c)do t[#t+1]=v end end return t end)(),
(function()local t={}for _,c in ipairs({{254,228,40,87,240,30,141,99,199,47,226,26,85,16,73,37,172,169,102,80,28,234,157,21,122,57,250,190,102,204,121,238,104,177,12,43,158,162,210,172,91,129,125,211,207,44,205,22,168,141,156,7,50,148,221,203,175,187,33,123,214,69,212,84,58,218,87,4,152,69},{144,233,111,83,170,125,201,98,87,119,185,14,37,115,4,0,220,135,124,44}})do for _,v in ipairs(c)do t[#t+1]=v end end return t end)(),
(function()local t={}for _,c in ipairs({{188,101,138,54,42,214,221,12,191,145,31,27,26,140,56,148,144,126,31,18,98,207,1,136,5,164,187,240,47,166,132,4,193,198,92,151,222,36,31,178,221,28,121,70,34,173,179,1,98,114,48,108,155,171,46,130,106,142,82,213,125,232,115,252,15,16,17,183,28,216},{199,89,244,235,124,91,144,120,208,187,23,139,239,35,225,105,189,6,214,22}})do for _,v in ipairs(c)do t[#t+1]=v end end return t end)(),
(function()local t={}for _,c in ipairs({{136,10,50,110,22,213,4,116,9,137,158,206,183,185,180,22,182,72,16,30,127,70,126,223,215,187,240,111,30,64,230,65,200,231,198,150,143,16,141,4,40,214,179,184,73,151,6,241,92,16,138,192,3,9,57,48,203,209,198,104,161,204,141,93,183,125,80,241,220,226},{22,63,255,240,13,122,224,152,179,4,104,198,115,221,80,128,249,216,66,142}})do for _,v in ipairs(c)do t[#t+1]=v end end return t end)(),
(function()local t={}for _,c in ipairs({{118,120,22,204,5,173,92,19,106,194,198,167,26,24,25,126,131,22,167,30,196,199,161,7,5,232,56,3,169,204,180,222,25,84,168,6,64,74,236,89,21,158,208,184,189,99,119,33,225,254,13,69,254,107,57,160,174,119,3,25,61,255,200,188,56,105,53,34,70,47},{85,229,37,20,185,170,102,177,39,103,16,100,30,90,49,220,89,159,78,24}})do for _,v in ipairs(c)do t[#t+1]=v end end return t end)(),
(function()local t={}for _,c in ipairs({{158,152,210,40,48,168,15,208,115,237,33,250,234,1,232,107,253,225,203,175,133,177,40,12,13,54,126,114,31,143,187,173,188,144,233,229,46,175,122,146,169,32,158,113,25,139,240,57,125,224,42,22,100,59,173,8,161,86,232,45,50,56,238,89,41,18,241,189,103,146},{40,121,100,30,45,20,179,134,127,242,147,149,134,38,92,0,124,135,112,157}})do for _,v in ipairs(c)do t[#t+1]=v end end return t end)(),
(function()local t={}for _,c in ipairs({{107,196,32,210,131,144,245,224,117,11,86,180,245,186,173,169,175,20,8,45,180,27,166,147,76,87,242,166,190,94,212,238,140,33,76,147,170,172,185,167,199,81,241,33,101,205,111,42,143,37,121,15,142,213,242,109,47,192,84,18,47,222,102,77,121,190,51,38,55,88},{124,88,82,5,92,228,173,245,92,219,225,86,68,47,164,132,4,27,10,60}})do for _,v in ipairs(c)do t[#t+1]=v end end return t end)(),
(function()local t={}for _,c in ipairs({{142,167,147,21,213,241,151,130,132,2,112,139,187,172,225,158,206,205,110,164,44,187,165,183,174,195,243,240,71,185,233,146,235,207,16,70,80,129,237,154,20,121,6,72,87,31,66,130,15,207,46,159,44,133,149,152,136,202,29,42,90,70,124,117,194,194,26,216,145,244},{187,125,90,235,197,11,38,35,171,68,48,177,173,43,37,199,163,2,112,80}})do for _,v in ipairs(c)do t[#t+1]=v end end return t end)(),
(function()local t={}for _,c in ipairs({{35,70,3,17,194,66,179,199,255,99,22,247,136,182,130,191,153,15,228,46,155,173,238,92,244,218,223,70,160,244,110,44,145,184,225,168,189,56,121,200,92,70,251,49,211,98,197,82,230,81,125,36,215,234,169,135,15,158,27,9,118,107,183,174,113,182,182,176,72,243},{65,42,230,110,210,186,72,212,48,238,155,120,157,236,109,216,196,114,58,144}})do for _,v in ipairs(c)do t[#t+1]=v end end return t end)(),
(function()local t={}for _,c in ipairs({{178,103,147,217,116,172,239,226,53,202,240,54,167,31,123,98,142,64,98,169,109,35,134,228,14,49,136,178,101,117,65,126,244,21,247,0,59,186,37,109,156,141,56,98,160,105,121,175,131,29,157,187,157,184,128,47,204,92,115,77,10,29,48,224,26,24,83,95,97,206},{53,236,55,234,200,189,244,150,201,140,217,21,253,52,82,163,45,76,60,235}})do for _,v in ipairs(c)do t[#t+1]=v end end return t end)(),
(function()local t={}for _,c in ipairs({{3,87,39,152,76,51,163,172,152,107,236,9,119,72,146,119,90,134,79,239,39,232,242,103,169,26,183,226,150,195,190,105,175,25,152,103,188,218,255,222,26,173,237,213,240,41,83,253,61,245,179,163,243,233,165,101,50,222,80,108,132,199,145,238,244,31,18,195,158,33},{195,153,6,153,115,166,96,199,33,81,53,72,245,18,214,81,6,166,89,58}})do for _,v in ipairs(c)do t[#t+1]=v end end return t end)(),
(function()local t={}for _,c in ipairs({{2,116,194,197,99,219,34,126,16,80,196,179,72,15,231,138,155,191,120,200,253,48,182,60,230,110,9,198,10,72,83,3,148,114,75,111,227,71,83,10,28,149,248,116,254,80,142,247,213,11,201,105,104,93,42,187,33,231,4,14,155,253,175,79,213,61,56,224,181,26},{157,58,80,230,19,125,117,230,31,68,46,23,180,162,32,52,238,191,122,224}})do for _,v in ipairs(c)do t[#t+1]=v end end return t end)(),
(function()local t={}for _,c in ipairs({{227,210,62,76,29,199,154,219,0,4,31,34,12,49,85,24,92,169,182,12,213,176,190,22,70,38,179,156,178,240,193,243,39,71,49,222,27,123,188,17,23,196,228,233,0,218,22,139,109,233,169,12,143,247,122,164,29,166,216,38,26,6,33,144,198,174,128,93,48,194},{183,36,188,1,104,201,217,237,152,211,25,172,131,41,252,226,141,227,255,221}})do for _,v in ipairs(c)do t[#t+1]=v end end return t end)(),
(function()local t={}for _,c in ipairs({{119,144,179,53,190,71,234,254,125,63,138,251,131,149,48,71,111,166,57,189,11,254,211,134,218,118,83,89,134,103,204,49,249,23,149,61,146,105,26,83,199,147,123,89,205,107,41,145,208,54,241,20,4,166,220,15,33,121,152,89,84,127,89,66,32,90,58,94,206,115},{92,111,59,106,35,61,35,173,234,139,176,114,44,240,209,12,78,126,59,81}})do for _,v in ipairs(c)do t[#t+1]=v end end return t end)(),
(function()local t={}for _,c in ipairs({{245,164,21,196,166,135,149,230,149,170,124,46,80,223,47,255,23,3,94,146,190,23,36,17,187,118,15,64,104,5,179,93,161,237,174,206,56,203,53,153,173,193,143,175,198,104,241,26,221,87,201,3,18,152,122,242,120,87,198,59,69,173,237,87,13,121,86,38,146,30},{97,236,0,205,66,189,196,181,101,104,236,77,255,141,233,159,88,124,26,90}})do for _,v in ipairs(c)do t[#t+1]=v end end return t end)(),
(function()local t={}for _,c in ipairs({{246,190,79,66,207,136,132,62,162,19,100,167,25,186,238,208,109,212,171,196,252,191,212,235,145,206,99,107,161,235,106,9,4,168,214,227,113,155,30,227,85,30,219,136,124,69,188,36,130,184,155,33,117,105,188,152,224,178,103,240,4,48,181,153,85,67,29,23,205,55},{137,243,64,4,98,122,195,38,220,71,60,224,180,120,31,218,202,168,225,175}})do for _,v in ipairs(c)do t[#t+1]=v end end return t end)(),
(function()local t={}for _,c in ipairs({{48,6,196,183,6,88,115,222,244,132,26,171,221,144,112,220,124,185,95,5,82,74,137,229,81,7,182,156,205,104,175,28,21,147,91,200,86,201,136,25,183,203,249,228,147,173,91,146,166,229,11,202,88,84,44,147,163,79,153,122,86,122,142,193,251,66,215,36,202,253},{131,236,53,215,174,128,185,100,137,214,186,172,18,205,136,109,233,154,77,193}})do for _,v in ipairs(c)do t[#t+1]=v end end return t end)(),
(function()local t={}for _,c in ipairs({{100,172,244,9,143,104,20,192,234,196,86,238,106,72,40,218,232,53,67,151,19,142,115,243,108,132,76,193,59,62,225,215,184,234,244,36,79,18,74,231,158,70,5,190,34,46,23,69,119,167,21,201,18,236,11,53,151,69,226,208,129,23,194,176,115,73,137,91,74,88},{172,107,250,4,148,123,149,231,183,26,49,91,162,152,247,26,162,94,209,126}})do for _,v in ipairs(c)do t[#t+1]=v end end return t end)(),
(function()local t={}for _,c in ipairs({{4,45,233,246,82,171,131,110,201,192,31,253,248,58,237,53,225,206,58,160,16,2,28,108,40,169,154,210,240,57,254,73,145,70,198,156,64,70,65,196,172,189,37,141,11,5,213,255,74,176,111,27,170,200,186,118,143,132,212,4,141,231,150,236,154,118,22,116,254,225},{57,62,212,223,33,228,172,111,172,253,188,131,4,252,124,25,73,69,69,131}})do for _,v in ipairs(c)do t[#t+1]=v end end return t end)(),
(function()local t={}for _,c in ipairs({{182,187,71,208,91,66,104,121,134,129,82,155,100,245,149,10,239,61,135,126,222,169,214,181,20,109,182,111,9,58,49,104,130,173,75,200,92,213,232,102,123,145,209,220,168,143,175,168,69,201,219,68,181,61,188,109,229,43,208,155,201,157,203,66,145,180,228,69,89,137},{18,33,142,106,215,49,91,203,254,199,21,230,64,22,71,47,40,69,197,158}})do for _,v in ipairs(c)do t[#t+1]=v end end return t end)(),
(function()local t={}for _,c in ipairs({{93,108,30,81,193,186,46,113,8,105,246,83,51,65,238,87,184,211,68,98,232,199,233,142,73,251,14,73,73,225,75,56,83,96,228,241,31,173,137,7,114,161,8,58,55,78,7,252,234,226,139,87,60,127,12,114,45,207,110,173,235,31,44,215,170,93,239,134,165,108},{109,33,46,134,102,177,19,152,98,87,223,140,158,112,8,196,43,138,95,132}})do for _,v in ipairs(c)do t[#t+1]=v end end return t end)(),
(function()local t={}for _,c in ipairs({{200,137,240,41,128,23,166,19,184,17,172,188,103,0,77,77,153,167,120,103,14,215,130,209,237,86,106,220,38,91,136,186,88,101,100,35,27,43,243,247,87,250,64,3,55,90,155,153,203,47,53,34,252,157,107,48,238,71,159,66,231,165,0,200,20,16,245,49,190,242},{190,163,7,2,78,239,124,216,192,109,146,67,145,197,169,91,128,122,115,9}})do for _,v in ipairs(c)do t[#t+1]=v end end return t end)(),
(function()local t={}for _,c in ipairs({{127,184,248,116,176,251,44,187,36,157,101,206,177,192,179,19,148,13,32,70,195,123,77,121,106,11,164,211,51,125,166,97,126,194,62,132,106,239,217,67,250,173,0,176,132,209,154,132,147,0,136,239,75,54,86,15,215,216,62,235,20,226,204,105,225,78,62,17,3,109},{61,17,128,131,70,222,73,225,75,214,63,124,5,245,0,203,97,35,177,73}})do for _,v in ipairs(c)do t[#t+1]=v end end return t end)(),
(function()local t={}for _,c in ipairs({{196,61,130,161,153,167,184,102,176,163,2,180,80,244,108,173,56,164,61,132,198,134,29,197,157,253,149,53,120,171,163,185,83,153,124,254,245,252,4,178,252,194,56,85,108,99,34,253,82,196,183,80,229,205,150,146,183,88,120,30,152,88,99,41,239,129,14,100,220,85},{178,206,85,162,21,86,28,62,195,125,152,222,52,250,138,73,78,69,244,143}})do for _,v in ipairs(c)do t[#t+1]=v end end return t end)(),
(function()local t={}for _,c in ipairs({{230,101,196,17,212,188,106,113,113,240,252,69,81,135,204,154,68,79,97,62,251,66,198,43,243,79,11,226,156,187,185,165,19,32,105,214,89,45,103,96,112,156,68,134,91,177,121,169,231,179,158,188,1,202,146,164,6,238,147,97,181,211,229,114,66,22,42,176,96,47},{206,86,57,73,113,81,39,138,2,51,22,95,213,175,8,155,10,140,91,58}})do for _,v in ipairs(c)do t[#t+1]=v end end return t end)(),
(function()local t={}for _,c in ipairs({{36,53,157,75,58,44,190,233,63,231,0,77,200,213,69,173,251,230,165,96,231,189,116,141,165,208,147,248,145,175,12,188,213,227,254,205,47,117,112,172,204,167,64,1,217,236,245,11,192,206,159,101,72,0,61,109,102,81,192,229,255,62,208,45,172,207,49,192,193,247},{191,4,220,9,9,248,62,112,192,222,125,141,103,209,183,65,22,133,46,228}})do for _,v in ipairs(c)do t[#t+1]=v end end return t end)(),
(function()local t={}for _,c in ipairs({{197,119,233,25,154,156,56,91,154,103,90,57,206,226,132,156,27,100,56,237,23,185,173,133,251,52,54,127,54,18,54,226,178,66,95,97,55,98,120,150,197,41,7,199,133,47,125,92,35,148,115,131,47,70,94,171,166,99,41,114,119,251,93,231,225,134,130,147,198,185},{249,70,141,221,114,184,39,50,237,26,228,173,125,147,127,208,162,237,2,24}})do for _,v in ipairs(c)do t[#t+1]=v end end return t end)(),
(function()local t={}for _,c in ipairs({{238,218,131,91,192,248,200,64,132,246,91,165,40,29,84,138,200,2,106,14,133,168,11,248,121,67,184,195,159,202,225,96,245,118,120,8,83,241,34,119,176,170,135,114,206,109,182,139,180,205,165,136,167,16,179,230,25,50,26,207,41,125,171,147,27,169,250,81,175,138},{88,88,165,150,183,252,51,100,44,105,100,137,91,227,202,252,130,56,106,44}})do for _,v in ipairs(c)do t[#t+1]=v end end return t end)(),
(function()local t={}for _,c in ipairs({{35,235,35,68,156,202,202,20,183,116,152,97,56,100,14,242,152,48,186,84,90,158,136,198,215,12,215,3,183,109,40,91,230,160,186,165,128,212,130,16,68,94,82,29,196,230,209,166,13,166,174,200,107,236,180,168,208,53,202,114,107,167,61,177,199,78,214,219,124,208},{38,110,159,14,130,137,169,155,76,92,173,206,134,74,233,192,236,10,136,169}})do for _,v in ipairs(c)do t[#t+1]=v end end return t end)(),
(function()local t={}for _,c in ipairs({{190,192,90,90,114,255,105,21,151,209,217,36,167,150,75,251,122,122,7,99,180,76,214,122,194,146,28,108,42,175,193,96,128,218,196,81,45,191,79,33,233,185,18,217,109,130,242,73,30,43,50,180,225,170,165,156,158,74,203,35,164,154,31,136,127,117,212,254,72,36},{60,155,1,219,160,10,34,239,161,102,44,29,148,163,174,194,164,178,118,244}})do for _,v in ipairs(c)do t[#t+1]=v end end return t end)(),
(function()local t={}for _,c in ipairs({{8,113,166,213,130,173,15,214,144,243,139,231,237,159,193,78,235,211,69,164,192,101,68,24,6,146,186,85,187,10,59,106,53,226,6,211,67,61,93,141,76,114,231,34,98,153,217,10,109,86,232,93,152,246,33,46,129,80,157,53,164,76,24,67,138,191,126,154,194,90},{140,36,232,169,142,179,237,145,211,32,159,26,170,14,222,138,255,204,12,162}})do for _,v in ipairs(c)do t[#t+1]=v end end return t end)(),
(function()local t={}for _,c in ipairs({{24,13,80,96,118,158,241,47,191,61,58,164,202,48,136,187,174,87,28,145,234,157,6,215,31,47,63,16,55,100,135,10,185,179,250,245,182,213,92,0,216,158,139,6,181,45,148,224,4,152,241,109,118,21,78,232,129,174,225,50,129,104,167,117,52,124,165,181,37,182},{2,147,50,168,131,254,120,195,193,96,129,131,145,209,62,152,195,15,211,148}})do for _,v in ipairs(c)do t[#t+1]=v end end return t end)(),
(function()local t={}for _,c in ipairs({{239,196,48,102,153,193,99,110,237,232,251,42,88,225,24,163,172,39,162,159,183,250,129,233,41,188,5,187,146,248,213,253,19,202,44,214,7,208,118,37,228,252,172,152,3,210,244,176,21,250,224,170,181,143,22,2,173,7,6,74,140,16,169,127,42,235,204,177,169,234},{18,92,144,176,50,124,155,61,17,36,19,213,218,40,73,228,76,157,233,178}})do for _,v in ipairs(c)do t[#t+1]=v end end return t end)(),
(function()local t={}for _,c in ipairs({{66,252,47,43,36,186,139,239,255,104,203,166,106,232,95,254,215,111,171,86,252,165,148,212,196,62,185,139,84,197,97,6,95,79,1,240,42,108,253,225,146,235,221,233,133,35,38,92,45,202,219,15,27,218,92,139,175,138,108,138,174,166,26,192,27,202,53,149,203,82},{108,190,110,8,181,126,211,220,192,237,109,104,250,159,44,215,245,229,16,246}})do for _,v in ipairs(c)do t[#t+1]=v end end return t end)(),
(function()local t={}for _,c in ipairs({{122,153,255,36,57,192,74,78,193,238,229,60,108,119,53,16,24,100,174,220,84,79,108,107,195,38,77,161,239,13,88,101,74,205,58,186,107,54,135,53,120,170,132,125,44,201,128,62,4,126,207,40,99,107,199,25,200,60,93,191,227,127,233,137,100,192,90,67,200,27},{241,224,223,225,161,104,230,171,198,254,253,139,230,170,7,147,24,230,157,76}})do for _,v in ipairs(c)do t[#t+1]=v end end return t end)(),
(function()local t={}for _,c in ipairs({{227,3,30,217,144,2,80,172,1,125,100,146,73,117,23,164,182,64,208,53,172,26,59,113,180,232,63,245,147,61,185,140,175,89,220,97,183,138,65,112,128,12,197,36,218,174,162,250,52,216,226,166,228,134,246,247,148,247,168,194,2,91,203,66,143,29,210,150,119,204},{3,30,114,55,110,164,215,165,235,37,44,238,208,138,166,243,131,158,134,145}})do for _,v in ipairs(c)do t[#t+1]=v end end return t end)(),
(function()local t={}for _,c in ipairs({{232,186,133,58,200,35,19,197,70,125,148,125,52,255,120,134,106,163,161,255,171,130,183,109,170,184,218,248,15,7,20,249,198,75,7,208,111,170,182,254,124,79,27,46,46,192,132,172,17,132,55,217,104,225,209,157,152,100,90,82,153,69,143,190,212,30,60,58,190,205},{34,48,102,114,84,253,12,147,42,88,231,145,0,89,94,158,57,154,205,35}})do for _,v in ipairs(c)do t[#t+1]=v end end return t end)(),
(function()local t={}for _,c in ipairs({{110,48,250,107,126,64,68,110,14,93,45,81,231,217,28,114,22,111,126,23,0,180,47,16,207,65,112,53,163,221,101,43,202,17,111,129,137,196,94,88,229,61,248,162,241,24,163,233,56,147,213,244,71,106,204,208,169,28,98,2,8,243,222,219,194,27,72,38,77,36},{249,234,25,164,243,219,157,245,61,218,130,180,111,105,67,172,105,213,213,157}})do for _,v in ipairs(c)do t[#t+1]=v end end return t end)(),
(function()local t={}for _,c in ipairs({{207,239,50,112,240,112,172,75,220,91,175,232,248,236,145,2,22,175,209,201,132,242,28,66,123,21,14,163,44,168,93,171,231,138,217,167,247,15,37,76,200,8,43,228,159,121,3,228,223,246,220,143,245,188,243,104,120,1,111,166,189,185,123,76,70,38,38,203,248,231},{95,129,229,8,44,2,227,156,32,113,251,0,24,74,53,154,93,0,79,28}})do for _,v in ipairs(c)do t[#t+1]=v end end return t end)(),
(function()local t={}for _,c in ipairs({{254,14,243,105,183,106,9,62,31,117,10,7,12,196,215,151,36,116,135,29,86,243,37,213,20,45,45,119,175,128,18,170,154,172,9,65,247,195,160,183,52,227,177,214,224,13,28,146,213,224,223,188,183,98,68,144,188,109,111,3,172,76,192,170,247,190,21,95,247,58},{84,240,66,90,79,208,60,155,149,14,149,249,83,146,111,153,202,192,41,220}})do for _,v in ipairs(c)do t[#t+1]=v end end return t end)(),
(function()local t={}for _,c in ipairs({{68,161,151,75,115,125,159,59,81,26,4,241,167,160,36,12,174,101,51,7,7,187,9,28,26,243,6,39,31,46,143,196,145,161,67,230,11,8,165,26,156,60,182,117,96,98,47,101,253,105,217,236,87,218,160,3,221,27,154,188,201,188,247,34,145,109,6,57,136,149},{182,159,228,32,205,47,182,225,201,226,127,123,65,120,203,155,147,228,225,229}})do for _,v in ipairs(c)do t[#t+1]=v end end return t end)(),
(function()local t={}for _,c in ipairs({{237,243,188,67,11,131,152,110,166,140,40,128,241,81,203,87,7,218,123,242,78,185,104,157,215,206,139,91,186,125,152,169,73,147,90,28,4,68,173,53,27,31,4,185,133,128,23,23,243,182,3,198,150,231,17,203,229,148,232,51,198,39,33,41,132,27,58,41,46,143},{167,185,162,43,191,45,142,255,58,221,18,7,238,47,91,247,175,118,217,54}})do for _,v in ipairs(c)do t[#t+1]=v end end return t end)(),
(function()local t={}for _,c in ipairs({{243,125,47,219,20,84,143,243,224,123,206,166,123,251,40,40,240,224,214,146,98,245,52,155,175,20,205,156,234,196,252,237,32,84,106,234,76,226,9,177,145,235,151,111,99,52,31,172,9,246,109,69,111,99,145,61,45,40,246,191,223,192,245,166,185,10,20,189,195,220},{205,90,82,67,242,219,132,12,244,194,187,126,197,254,78,187,225,45,107,141}})do for _,v in ipairs(c)do t[#t+1]=v end end return t end)(),
(function()local t={}for _,c in ipairs({{154,163,18,179,187,180,173,42,54,96,8,105,36,209,203,181,88,132,48,119,239,207,109,115,246,65,129,6,246,110,97,2,223,185,80,79,222,56,52,185,107,105,36,195,195,92,25,9,24,184,78,252,47,243,4,200,113,103,244,28,75,13,0,130,212,170,106,109,183,143},{139,58,176,81,40,7,79,106,12,188,236,67,189,131,58,109,79,190,216,145}})do for _,v in ipairs(c)do t[#t+1]=v end end return t end)(),
(function()local t={}for _,c in ipairs({{181,82,170,11,170,99,81,151,87,84,37,232,19,76,110,40,172,194,33,32,99,195,62,14,125,73,232,161,234,190,137,172,6,76,197,144,231,49,221,157,211,116,94,211,195,82,139,114,86,158,99,86,157,58,138,174,122,3,239,65,20,238,200,204,140,238,45,227,33,88},{28,58,21,184,20,57,249,19,125,23,106,142,217,138,250,228,98,158,148,27}})do for _,v in ipairs(c)do t[#t+1]=v end end return t end)(),
(function()local t={}for _,c in ipairs({{136,189,27,76,48,103,61,81,144,106,175,54,87,176,7,113,123,11,169,82,247,31,63,34,212,251,6,18,83,211,54,128,48,233,177,120,10,242,242,173,4,249,70,3,79,1,238,94,66,208,185,233,224,190,228,195,19,196,248,40,221,175,103,65,86,21,253,239,48,195},{9,255,233,198,244,239,67,242,251,7,156,153,37,59,133,177,150,46,240,167}})do for _,v in ipairs(c)do t[#t+1]=v end end return t end)(),
(function()local t={}for _,c in ipairs({{25,44,219,254,87,48,10,164,248,176,43,120,209,206,141,104,86,31,16,197,121,186,217,14,77,218,40,54,244,15,156,12,36,2,228,162,219,174,105,85,192,242,104,231,192,94,59,20,79,85,216,34,236,216,67,111,54,222,229,246,224,89,27,124,102,102,16,164,19,14},{198,37,68,156,70,214,123,57,185,76,17,127,56,49,148,250,221,159,7,166}})do for _,v in ipairs(c)do t[#t+1]=v end end return t end)(),
(function()local t={}for _,c in ipairs({{157,181,249,108,97,232,159,176,75,233,33,59,253,128,195,150,116,58,28,238,235,77,97,12,227,79,171,144,35,239,74,1,113,195,8,171,193,24,232,79,230,155,21,154,91,131,65,111,34,67,93,188,249,194,245,127,77,120,251,175,124,215,98,95,146,170,225,207,83,24},{193,255,87,172,251,106,83,129,249,35,32,0,150,48,173,90,106,160,138,159}})do for _,v in ipairs(c)do t[#t+1]=v end end return t end)(),
(function()local t={}for _,c in ipairs({{67,164,22,232,138,148,196,39,70,36,44,150,237,230,125,98,101,110,121,162,238,221,254,140,107,91,107,203,6,17,238,71,249,116,134,124,49,207,68,27,2,4,27,210,218,245,132,216,49,80,184,249,155,102,151,131,134,185,78,163,251,21,168,41,246,162,4,10,214,178},{109,135,12,170,115,172,96,127,14,204,16,160,190,46,220,253,177,58,168,254}})do for _,v in ipairs(c)do t[#t+1]=v end end return t end)(),
(function()local t={}for _,c in ipairs({{182,71,179,16,88,155,122,116,127,224,116,56,230,32,38,50,179,251,74,41,117,93,152,89,162,213,2,232,203,134,196,194,203,72,133,67,137,90,79,21,213,92,94,146,193,127,93,237,121,38,103,105,132,193,103,27,234,48,42,160,255,229,210,121,26,35,13,179,253,30},{56,48,92,25,51,54,223,178,94,23,141,29,39,88,166,224,124,246,124,156}})do for _,v in ipairs(c)do t[#t+1]=v end end return t end)(),
(function()local t={}for _,c in ipairs({{178,125,82,254,240,173,28,153,20,246,79,197,19,26,58,137,126,147,74,242,178,218,70,249,31,149,207,35,149,233,96,11,124,23,25,199,37,64,175,172,77,73,101,147,71,83,12,44,6,59,40,205,252,140,201,13,31,40,62,112,171,144,185,182,255,91,219,227,46,255},{216,45,126,5,211,156,11,68,187,86,48,18,13,3,165,104,28,236,199,36}})do for _,v in ipairs(c)do t[#t+1]=v end end return t end)(),
(function()local t={}for _,c in ipairs({{17,221,237,85,52,18,41,90,114,169,208,12,173,157,55,23,165,52,181,234,97,94,103,242,39,181,205,76,105,90,166,49,120,168,219,117,251,234,79,162,168,42,247,112,164,198,54,200,158,33,76,235,148,185,171,79,112,194,67,222,90,71,127,254,47,84,53,94,236,126},{98,151,95,6,163,175,113,227,195,170,115,198,136,72,248,243,68,126,30,69}})do for _,v in ipairs(c)do t[#t+1]=v end end return t end)(),
(function()local t={}for _,c in ipairs({{63,252,117,91,102,103,184,158,206,227,231,255,250,187,216,223,79,177,220,103,10,42,135,223,45,202,215,46,195,58,106,248,108,98,17,175,170,172,155,170,24,244,148,100,139,43,123,149,178,29,152,148,186,144,30,148,217,123,19,16,212,31,118,55,110,217,135,16,45,90},{20,218,84,41,76,26,8,49,8,52,252,137,179,146,123,47,133,183,157,162}})do for _,v in ipairs(c)do t[#t+1]=v end end return t end)(),
(function()local t={}for _,c in ipairs({{31,191,40,128,20,115,99,190,251,122,228,0,49,58,245,109,89,228,5,158,86,146,97,202,10,124,190,229,52,59,237,208,150,212,140,205,37,188,113,144,146,178,245,252,112,113,25,19,136,37,194,249,42,131,87,2,159,84,189,36,184,42,54,217,232,239,81,163,19,25},{255,241,165,44,71,254,112,136,190,243,98,71,208,221,128,31,34,65,129,137}})do for _,v in ipairs(c)do t[#t+1]=v end end return t end)(),
(function()local t={}for _,c in ipairs({{46,13,99,136,177,171,88,156,174,249,2,142,22,240,32,246,86,136,197,142,128,114,170,51,238,76,93,249,207,150,25,88,73,210,204,47,209,156,42,101,137,126,106,176,147,245,27,177,32,28,85,159,104,126,68,137,181,141,199,62,95,33,137,64,169,90,97,108,87,249},{136,196,181,22,58,10,155,36,232,196,71,46,113,175,45,222,154,116,167,77}})do for _,v in ipairs(c)do t[#t+1]=v end end return t end)(),
(function()local t={}for _,c in ipairs({{186,143,43,209,181,61,74,8,248,221,39,19,102,194,215,64,220,131,228,236,115,186,60,17,70,157,4,237,35,93,167,145,192,88,189,190,138,162,57,185,19,140,176,24,137,67,62,228,46,15,100,149,1,209,2,26,61,144,167,79,59,159,217,123,136,97,205,139,70,152},{173,26,216,56,143,111,18,1,33,103,74,221,222,143,50,74,21,126,187,221}})do for _,v in ipairs(c)do t[#t+1]=v end end return t end)(),
(function()local t={}for _,c in ipairs({{186,64,248,170,156,101,157,16,249,93,33,137,253,78,204,167,16,38,13,151,143,222,131,81,47,14,119,245,168,65,211,205,98,114,82,104,191,123,30,8,249,80,205,128,35,44,61,199,16,52,140,69,189,168,156,166,29,206,234,52,85,164,125,80,36,253,71,91,1,110},{172,86,178,201,237,69,105,181,2,166,226,14,95,109,204,159,139,46,128,57}})do for _,v in ipairs(c)do t[#t+1]=v end end return t end)(),
(function()local t={}for _,c in ipairs({{32,205,149,253,193,219,1,173,181,30,38,75,40,110,223,131,178,221,30,98,75,192,162,81,60,43,61,48,169,197,39,165,188,219,228,24,104,108,83,22,208,163,44,253,107,39,217,97,55,164,24,160,91,232,6,79,115,37,177,65,108,10,196,5,100,72,109,207,69,15},{2,164,86,213,138,9,208,8,91,49,102,147,206,163,19,171,136,45,82,100}})do for _,v in ipairs(c)do t[#t+1]=v end end return t end)(),
(function()local t={}for _,c in ipairs({{112,153,227,242,62,9,67,40,61,142,159,185,91,151,221,57,166,210,165,2,77,193,212,186,5,134,216,188,219,237,83,101,99,80,35,138,197,217,23,30,246,20,234,163,2,161,74,194,96,182,22,0,13,111,221,121,45,49,251,99,83,170,35,24,25,180,78,125,111,222},{176,222,232,47,149,148,154,52,212,136,211,80,230,190,77,2,154,199,75,233}})do for _,v in ipairs(c)do t[#t+1]=v end end return t end)(),
(function()local t={}for _,c in ipairs({{106,243,103,236,140,65,171,54,149,21,107,183,86,216,103,50,239,32,195,253,81,155,55,37,48,154,61,252,131,200,211,171,2,190,82,80,205,140,58,39,221,81,78,56,233,219,139,184,223,87,224,129,39,46,71,35,43,195,196,69,126,114,20,181,146,232,230,253,170,106},{234,1,210,245,85,64,51,174,72,183,128,189,90,201,209,37,67,134,153,218}})do for _,v in ipairs(c)do t[#t+1]=v end end return t end)(),
(function()local t={}for _,c in ipairs({{187,168,163,52,54,183,13,254,172,131,1,253,215,155,45,187,31,98,86,52,231,246,129,144,160,162,13,183,43,167,223,246,33,193,26,180,51,103,64,208,153,201,199,227,12,47,177,155,166,203,79,202,86,85,112,16,110,134,127,210,98,157,89,38,120,159,75,107,212,12},{81,220,131,248,31,91,60,233,115,160,74,203,145,47,146,138,44,134,64,214}})do for _,v in ipairs(c)do t[#t+1]=v end end return t end)(),
(function()local t={}for _,c in ipairs({{155,208,194,188,120,100,219,166,207,104,80,37,87,247,154,13,241,171,216,17,8,240,193,224,206,236,88,108,120,185,234,208,196,202,199,199,87,206,140,155,18,150,26,216,199,46,78,223,71,30,27,193,222,89,82,235,243,233,133,100,149,15,193,23,0,203,161,123,125,169},{254,144,142,32,164,101,1,18,60,179,131,29,72,33,251,199,50,137,106,92}})do for _,v in ipairs(c)do t[#t+1]=v end end return t end)(),
(function()local t={}for _,c in ipairs({{36,159,252,195,163,25,125,210,12,61,76,49,103,188,95,176,219,102,106,128,79,90,8,71,63,124,42,205,172,151,4,247,205,177,96,245,117,226,78,64,77,60,107,44,171,54,96,56,26,240,86,115,24,3,30,226,107,27,125,240,110,237,151,2,16,220,205,66,88,217},{214,246,236,113,152,219,99,119,246,1,137,179,234,123,139,3,98,14,180,251}})do for _,v in ipairs(c)do t[#t+1]=v end end return t end)(),
(function()local t={}for _,c in ipairs({{207,206,14,117,16,195,181,6,138,5,227,181,25,163,182,170,27,10,169,99,79,114,8,74,2,20,139,185,42,101,209,235,138,246,186,67,192,150,67,18,90,204,172,156,210,234,53,217,249,144,153,180,176,37,110,29,29,165,11,122,6,193,83,127,104,114,47,221,246,140},{30,69,177,114,194,7,187,46,75,24,103,101,139,63,225,172,2,231,207,45}})do for _,v in ipairs(c)do t[#t+1]=v end end return t end)(),
(function()local t={}for _,c in ipairs({{73,218,163,235,210,163,230,64,155,139,249,48,220,3,90,103,216,76,169,114,130,251,200,91,60,235,240,42,49,106,226,227,254,55,119,205,123,211,183,229,62,74,226,196,246,225,186,167,101,54,77,101,95,242,170,133,74,58,90,47,109,176,77,146,149,248,215,62,16,130},{192,178,26,213,104,222,246,97,42,245,201,59,180,235,103,140,30,173,71,171}})do for _,v in ipairs(c)do t[#t+1]=v end end return t end)(),
(function()local t={}for _,c in ipairs({{100,240,107,198,8,229,198,45,130,187,192,29,53,17,165,106,224,22,181,88,254,41,238,110,207,73,0,39,153,121,244,131,185,133,43,246,8,198,240,96,162,199,198,176,105,86,198,207,176,162,232,179,86,163,29,15,59,130,14,226,221,129,79,153,90,240,42,81,156,151},{229,235,13,175,94,4,244,59,108,225,51,234,208,28,221,131,82,110,40,199}})do for _,v in ipairs(c)do t[#t+1]=v end end return t end)(),
(function()local t={}for _,c in ipairs({{248,5,205,198,42,177,230,191,198,101,184,243,186,218,73,174,55,153,109,196,64,134,119,97,130,122,58,64,237,218,20,67,142,238,59,222,250,208,64,26,145,227,240,25,161,78,182,250,11,214,85,49,10,113,173,151,230,17,197,65,95,228,18,237,175,182,150,164,2,210},{110,179,83,160,224,157,22,116,209,225,150,136,74,123,95,244,187,161,201,66}})do for _,v in ipairs(c)do t[#t+1]=v end end return t end)(),
(function()local t={}for _,c in ipairs({{103,152,159,200,117,140,143,133,108,83,57,60,112,130,69,29,44,143,93,22,63,116,101,62,236,132,120,129,97,50,51,243,91,126,116,214,108,214,94,26,185,105,87,126,113,49,159,121,35,55,134,121,38,73,87,21,57,138,240,133,87,148,191,218,63,241,92,39,207,23},{130,180,186,43,114,6,0,196,229,131,33,25,209,37,146,117,216,199,218,234}})do for _,v in ipairs(c)do t[#t+1]=v end end return t end)(),
(function()local t={}for _,c in ipairs({{221,205,36,247,11,125,54,42,23,181,76,215,7,14,207,26,84,54,215,84,26,4,62,178,4,243,97,133,153,95,82,98,163,63,214,151,150,155,121,167,112,101,42,208,26,40,71,114,46,176,87,62,90,177,245,9,18,123,24,133,7,2,216,90,76,162,59,107,254,34},{141,94,104,255,220,166,175,70,181,223,177,96,192,182,10,217,255,57,100,26}})do for _,v in ipairs(c)do t[#t+1]=v end end return t end)(),
(function()local t={}for _,c in ipairs({{102,248,171,91,28,185,4,8,209,191,176,76,51,57,35,200,112,42,229,91,29,43,190,136,126,159,212,38,93,4,219,2,118,238,187,200,196,76,249,61,154,97,215,183,225,177,159,224,103,138,240,172,131,156,2,95,10,23,242,255,246,159,158,229,142,176,4,126,161,236},{244,19,43,248,140,102,211,175,103,204,12,36,10,226,63,32,134,198,156,57}})do for _,v in ipairs(c)do t[#t+1]=v end end return t end)(),
(function()local t={}for _,c in ipairs({{174,116,230,10,34,219,154,71,43,236,157,28,195,147,165,117,164,197,237,76,234,61,43,243,101,220,98,240,125,193,77,97,185,249,54,182,16,19,196,28,148,41,245,85,217,204,35,174,36,54,31,243,208,43,25,220,145,204,124,230,124,184,29,79,18,10,244,135,236,19},{182,250,104,8,119,2,190,84,221,221,6,1,160,180,180,235,224,124,184,109}})do for _,v in ipairs(c)do t[#t+1]=v end end return t end)(),
(function()local t={}for _,c in ipairs({{133,174,134,179,31,125,239,191,152,241,147,92,208,147,56,116,224,184,118,83,22,204,79,54,92,212,37,101,173,50,121,86,97,67,78,189,59,1,71,191,91,174,183,96,97,155,124,82,94,188,246,133,24,71,197,127,200,58,176,175,143,119,188,119,100,117,141,89,137,156},{187,38,247,128,114,168,153,160,120,6,198,38,163,163,25,107,162,1,51,2}})do for _,v in ipairs(c)do t[#t+1]=v end end return t end)(),
(function()local t={}for _,c in ipairs({{45,119,91,207,186,27,177,173,219,167,8,94,124,78,33,185,191,92,83,7,25,49,226,50,130,169,23,73,48,28,128,198,17,0,87,124,117,168,137,75,220,61,125,24,217,75,35,57,30,44,144,206,55,54,241,168,161,221,56,242,65,174,87,150,163,242,193,251,168,211},{153,116,110,178,243,2,110,192,223,140,197,46,228,111,93,129,231,211,239,100}})do for _,v in ipairs(c)do t[#t+1]=v end end return t end)(),
(function()local t={}for _,c in ipairs({{8,116,214,146,98,239,232,171,141,0,62,120,187,111,189,16,58,192,148,166,125,70,203,120,150,190,160,141,225,251,95,206,26,248,175,186,32,215,105,123,131,20,223,83,250,248,52,113,8,132,140,126,154,185,143,232,206,167,249,41,119,128,114,9,212,207,187,153,116,33},{16,218,77,23,90,174,14,230,73,18,114,126,6,112,221,2,140,8,180,98}})do for _,v in ipairs(c)do t[#t+1]=v end end return t end)(),
(function()local t={}for _,c in ipairs({{12,9,137,229,165,153,121,94,32,102,52,25,93,210,236,198,59,123,203,237,74,68,53,231,149,51,193,18,222,191,88,9,187,63,139,194,234,42,151,165,29,30,8,67,32,60,205,136,131,84,225,233,182,180,69,102,60,51,218,168,96,87,232,234,180,120,41,255,27,9},{246,240,78,81,74,180,35,251,79,73,90,193,15,248,36,131,150,93,203,49}})do for _,v in ipairs(c)do t[#t+1]=v end end return t end)(),
(function()local t={}for _,c in ipairs({{4,6,132,53,238,98,206,30,46,56,2,137,25,118,160,52,188,11,107,193,216,231,252,56,61,35,252,37,118,17,104,164,111,202,120,239,70,57,95,202,127,171,237,106,1,136,183,67,37,151,152,164,252,193,153,34,188,60,18,73,139,18,250,219,82,173,150,108,150,59},{159,57,49,206,41,125,13,222,101,87,56,9,150,218,94,217,126,60,99,108}})do for _,v in ipairs(c)do t[#t+1]=v end end return t end)(),
(function()local t={}for _,c in ipairs({{40,18,139,106,188,236,224,241,59,93,251,151,216,22,113,176,8,123,170,97,25,38,205,200,215,223,203,44,220,189,145,85,71,30,120,107,131,224,60,149,139,54,189,186,42,171,2,81,214,32,104,93,224,118,25,184,231,143,94,76,52,149,89,33,114,54,53,219,37,250},{98,28,10,218,39,141,119,182,83,59,214,2,141,168,3,79,77,70,63,17}})do for _,v in ipairs(c)do t[#t+1]=v end end return t end)(),
(function()local t={}for _,c in ipairs({{150,53,187,227,103,242,23,21,79,109,138,58,164,215,248,141,100,147,80,84,127,171,110,10,25,136,38,240,228,250,10,99,146,94,178,151,29,79,67,232,219,236,215,120,62,2,167,102,36,236,142,10,67,113,103,169,63,151,203,80,51,47,214,141,209,192,191,250,114,105},{54,39,117,252,223,97,0,92,138,30,79,186,153,195,170,212,144,198,37,210}})do for _,v in ipairs(c)do t[#t+1]=v end end return t end)(),
(function()local t={}for _,c in ipairs({{16,184,123,228,66,38,244,108,23,88,31,224,191,79,165,186,236,146,182,171,155,131,236,83,121,15,168,15,33,65,113,227,79,135,73,95,27,117,18,228,248,135,117,79,139,83,242,221,87,37,215,72,38,3,85,239,176,218,215,167,5,118,166,59,34,91,87,55,203,158},{193,104,43,231,141,193,12,65,32,65,255,244,51,215,119,56,120,18,215,156}})do for _,v in ipairs(c)do t[#t+1]=v end end return t end)(),
(function()local t={}for _,c in ipairs({{133,197,80,42,213,64,35,236,5,185,26,33,42,18,199,121,74,185,250,32,125,11,74,54,66,163,145,83,20,130,154,108,104,204,225,72,72,150,98,97,186,217,146,48,247,16,79,167,186,224,194,70,34,68,142,194,162,131,218,40,222,205,140,46,189,207,160,151,98,230},{254,253,92,85,244,254,150,125,84,75,253,131,209,60,226,223,189,194,81,128}})do for _,v in ipairs(c)do t[#t+1]=v end end return t end)(),
(function()local t={}for _,c in ipairs({{195,41,48,142,200,231,201,159,83,2,190,105,54,143,179,76,97,178,133,132,115,182,68,197,33,38,109,209,82,243,43,147,155,68,109,28,166,10,202,29,189,80,87,211,57,75,12,148,255,60,55,157,180,160,105,158,234,77,231,8,206,147,72,140,244,104,129,15,42,184},{236,246,169,160,191,203,21,189,7,9,73,25,226,75,77,49,129,27,26,169}})do for _,v in ipairs(c)do t[#t+1]=v end end return t end)(),
(function()local t={}for _,c in ipairs({{99,178,9,234,189,174,196,114,202,195,77,56,126,251,182,112,122,13,218,66,215,148,1,71,135,85,4,242,155,158,147,167,68,45,55,193,101,36,252,78,112,74,189,113,128,112,111,173,147,164,177,166,105,61,117,35,145,254,116,221,188,224,249,102,105,94,193,53,211,16},{132,219,214,124,3,18,89,129,184,114,162,93,252,168,206,50,176,80,44,39}})do for _,v in ipairs(c)do t[#t+1]=v end end return t end)(),
(function()local t={}for _,c in ipairs({{174,208,7,44,219,72,195,233,45,153,78,45,203,226,106,106,85,196,24,181,87,171,38,226,199,180,122,55,168,211,107,21,82,125,176,63,162,229,215,87,171,48,4,203,183,167,106,126,55,161,250,172,66,187,248,95,42,159,245,248,237,67,107,120,133,54,10,175,241,79},{64,209,155,169,51,231,142,53,78,110,233,194,165,88,181,127,150,137,19,174}})do for _,v in ipairs(c)do t[#t+1]=v end end return t end)(),
(function()local t={}for _,c in ipairs({{5,240,19,213,110,44,111,247,158,102,80,175,106,248,132,81,131,174,219,152,124,167,162,111,67,148,128,228,226,253,85,115,189,102,32,228,64,28,236,181,85,184,249,222,160,111,199,6,110,92,208,169,191,40,84,47,191,169,204,57,22,65,15,64,151,132,36,233,239,204},{171,143,193,58,191,122,146,149,220,110,36,27,24,36,52,17,212,248,32,163}})do for _,v in ipairs(c)do t[#t+1]=v end end return t end)(),
(function()local t={}for _,c in ipairs({{66,103,88,25,175,156,77,25,219,32,142,153,194,73,105,166,251,171,240,38,186,225,138,35,182,130,186,193,72,231,106,83,89,250,90,59,230,132,135,170,85,68,56,198,104,202,181,238,193,192,103,110,3,135,128,243,4,174,153,217,1,173,82,201,224,205,218,11,174,87},{254,161,128,119,7,32,25,214,174,155,137,107,120,153,163,183,233,26,191,60}})do for _,v in ipairs(c)do t[#t+1]=v end end return t end)(),
(function()local t={}for _,c in ipairs({{126,14,246,88,59,186,245,98,108,64,173,229,153,5,65,145,168,238,110,241,75,106,96,132,54,245,217,97,179,204,125,128,175,167,243,83,107,165,148,102,132,148,210,101,146,195,16,182,5,195,89,5,62,233,233,88,40,88,2,52,192,123,30,209,231,20,190,1,8,50},{81,219,137,112,148,66,131,87,12,216,164,10,91,56,165,149,46,91,4,78}})do for _,v in ipairs(c)do t[#t+1]=v end end return t end)(),
(function()local t={}for _,c in ipairs({{62,238,97,225,30,16,24,148,215,84,175,95,54,68,138,200,56,2,230,182,32,201,198,132,224,173,52,33,156,123,127,58,68,104,255,76,113,136,6,123,96,83,174,1,34,73,140,158,83,125,102,251,44,211,156,65,68,49,96,5,208,40,217,218,246,124,208,125,235,162},{122,92,132,122,136,47,70,82,206,45,137,19,134,76,15,228,199,243,188,80}})do for _,v in ipairs(c)do t[#t+1]=v end end return t end)(),
(function()local t={}for _,c in ipairs({{109,216,5,40,116,122,162,172,42,220,244,212,122,38,223,76,43,169,209,35,131,200,160,10,105,176,207,145,95,39,106,131,55,148,152,57,161,252,237,185,200,214,212,10,45,20,130,74,13,180,66,147,189,216,120,49,111,241,253,203,91,99,248,190,123,235,221,106,112,130},{125,139,81,204,226,102,189,93,161,56,163,231,53,169,98,190,110,196,118,20}})do for _,v in ipairs(c)do t[#t+1]=v end end return t end)(),
(function()local t={}for _,c in ipairs({{246,5,236,46,193,129,194,42,46,145,145,157,163,40,196,38,242,213,34,89,186,179,196,225,253,71,160,132,137,52,34,223,46,134,222,19,22,151,91,186,120,239,69,76,210,30,119,7,19,17,253,62,172,132,36,236,145,148,4,89,110,196,132,39,247,205,143,230,120,127},{57,114,5,101,203,73,44,84,145,134,241,79,241,211,33,75,69,218,136,6}})do for _,v in ipairs(c)do t[#t+1]=v end end return t end)(),
(function()local t={}for _,c in ipairs({{41,103,128,18,172,48,114,29,140,183,187,222,24,5,72,132,238,22,240,155,25,127,175,159,38,164,128,169,103,242,242,64,37,63,70,74,7,54,14,216,134,21,114,52,16,87,175,27,67,131,248,46,116,230,162,96,83,116,117,209,54,108,74,129,91,42,12,206,223,145},{130,145,78,110,163,141,67,79,88,124,173,22,70,237,3,72,174,27,108,175}})do for _,v in ipairs(c)do t[#t+1]=v end end return t end)(),
(function()local t={}for _,c in ipairs({{112,164,80,105,109,35,244,26,89,131,164,90,46,231,182,180,37,201,207,90,125,104,76,84,221,179,96,218,114,81,103,181,61,201,60,120,140,145,251,59,1,43,112,174,212,111,122,69,84,221,116,192,12,135,138,235,235,24,43,118,80,241,248,147,42,31,115,142,30,231},{232,68,95,147,2,174,120,42,42,13,93,85,132,252,47,206,58,39,124,248}})do for _,v in ipairs(c)do t[#t+1]=v end end return t end)(),
(function()local t={}for _,c in ipairs({{33,64,77,119,8,205,231,128,221,15,185,205,63,45,91,127,159,138,133,94,142,132,195,80,180,119,216,85,80,213,23,17,197,152,182,80,139,36,13,17,220,187,162,246,141,241,250,85,178,199,19,33,43,253,181,151,92,241,150,84,74,10,198,178,101,223,70,173,40,139},{170,84,58,131,32,198,175,143,217,153,78,99,230,137,166,166,154,73,152,205}})do for _,v in ipairs(c)do t[#t+1]=v end end return t end)(),
(function()local t={}for _,c in ipairs({{40,235,11,58,98,84,224,219,22,61,150,42,51,75,206,222,56,56,71,176,176,112,52,47,63,0,188,130,175,73,22,147,106,63,25,0,201,35,202,73,14,48,54,168,48,36,81,9,161,80,221,86,93,15,183,169,148,178,115,143,82,237,118,211,81,158,251,158,11,241},{206,21,128,185,18,164,160,199,153,242,136,171,87,244,181,201,122,116,73,44}})do for _,v in ipairs(c)do t[#t+1]=v end end return t end)(),
(function()local t={}for _,c in ipairs({{202,141,119,254,250,106,44,29,228,238,100,170,114,113,73,226,109,22,231,132,63,157,104,237,154,255,51,159,53,249,161,115,87,158,159,151,250,9,137,118,34,5,90,206,147,187,93,218,52,88,236,63,24,219,200,108,41,174,4,21,75,29,20,10,50,67,213,160,24,3},{58,20,18,111,123,38,201,160,59,6,45,26,4,94,78,28,88,201,57,196}})do for _,v in ipairs(c)do t[#t+1]=v end end return t end)(),
(function()local t={}for _,c in ipairs({{31,213,17,19,250,76,175,164,255,205,106,253,9,51,144,129,110,225,170,235,166,5,112,193,228,194,123,168,246,225,100,92,103,31,166,106,90,70,58,75,90,244,88,206,36,80,100,38,130,154,121,106,233,6,97,179,90,167,200,150,89,85,251,227,118,125,12,159,134,132},{44,129,192,244,251,8,185,152,82,252,56,21,120,178,25,138,214,190,164,27}})do for _,v in ipairs(c)do t[#t+1]=v end end return t end)(),
(function()local t={}for _,c in ipairs({{192,234,182,0,97,81,32,110,16,136,233,159,145,204,29,249,253,174,248,82,162,206,105,27,13,236,146,120,92,78,117,240,232,80,93,66,187,111,203,190,73,4,235,238,97,123,121,204,34,30,236,50,13,83,117,153,183,163,177,6,160,102,194,231,114,58,113,66,77,7},{48,35,9,13,211,113,213,177,245,30,47,190,233,67,42,157,132,168,165,234}})do for _,v in ipairs(c)do t[#t+1]=v end end return t end)(),
(function()local t={}for _,c in ipairs({{204,217,169,99,155,128,19,36,192,74,91,167,105,79,85,73,88,134,35,79,114,175,7,194,22,143,235,129,224,75,239,128,53,92,161,52,22,135,237,57,80,219,67,80,204,77,190,92,117,107,1,82,226,12,119,234,26,79,43,243,245,244,103,34,77,83,234,204,233,234},{122,194,95,127,21,42,101,19,44,114,169,156,244,206,228,248,92,120,254,64}})do for _,v in ipairs(c)do t[#t+1]=v end end return t end)(),
(function()local t={}for _,c in ipairs({{253,159,143,84,56,246,110,184,110,239,230,122,118,197,111,206,235,172,151,155,169,209,252,63,21,169,25,138,182,134,235,184,127,217,76,184,166,191,171,183,99,239,86,228,93,48,24,25,254,86,4,251,59,15,134,245,177,189,35,231,153,73,93,167,53,48,172,244,194,100},{168,166,47,94,108,62,221,10,53,150,68,114,147,99,153,93,4,161,177,254}})do for _,v in ipairs(c)do t[#t+1]=v end end return t end)(),
(function()local t={}for _,c in ipairs({{203,210,170,221,173,121,63,37,20,16,138,246,191,86,125,231,223,74,20,178,39,75,173,64,10,202,221,65,161,154,40,206,0,99,16,154,173,95,95,151,188,117,17,207,110,139,26,188,4,151,222,60,232,235,114,155,133,226,15,99,118,154,69,133,230,246,191,208,117,219},{166,186,74,5,153,35,121,215,139,92,166,237,79,198,139,194,55,149,125,203}})do for _,v in ipairs(c)do t[#t+1]=v end end return t end)(),
(function()local t={}for _,c in ipairs({{114,54,60,231,104,126,147,118,243,70,76,238,51,195,26,172,245,87,35,27,107,173,35,99,182,109,114,197,48,145,137,18,67,177,114,16,165,193,198,223,78,135,41,162,74,242,194,172,83,119,12,61,146,71,242,14,97,229,6,98,119,81,223,1,161,38,17,97,175,102},{254,31,92,83,4,149,198,170,220,52,152,152,4,221,175,89,23,178,15,23}})do for _,v in ipairs(c)do t[#t+1]=v end end return t end)(),
(function()local t={}for _,c in ipairs({{3,62,246,34,191,17,104,173,217,240,241,168,164,217,80,161,241,5,73,190,22,238,73,254,199,97,155,11,175,202,41,25,3,208,25,46,129,141,23,5,24,164,207,64,33,76,53,45,194,182,183,11,206,205,131,88,149,123,188,142,116,74,33,198,117,248,25,108,201,105},{121,245,35,218,16,53,44,198,217,170,7,99,157,115,84,169,65,253,155,5}})do for _,v in ipairs(c)do t[#t+1]=v end end return t end)(),
(function()local t={}for _,c in ipairs({{99,133,225,241,120,64,117,52,39,67,34,1,204,48,69,139,228,131,113,129,47,39,114,174,183,171,143,211,20,86,36,78,148,130,98,28,248,65,94,41,231,159,24,187,201,79,41,255,225,187,239,230,243,204,194,222,152,107,52,4,197,172,105,39,58,0,217,68,155,97},{198,141,167,53,82,168,126,1,169,234,58,131,213,228,253,250,183,192,147,79}})do for _,v in ipairs(c)do t[#t+1]=v end end return t end)(),
(function()local t={}for _,c in ipairs({{142,198,57,170,12,242,25,31,0,20,51,200,192,203,196,98,91,149,137,248,222,84,41,89,30,33,172,118,171,183,224,112,87,64,127,1,97,128,108,111,73,41,26,65,169,77,22,139,246,127,234,202,56,50,13,163,88,42,61,227,243,218,163,130,230,203,150,63,56,7},{250,99,36,221,159,7,36,198,89,214,179,15,8,12,41,96,18,62,29,172}})do for _,v in ipairs(c)do t[#t+1]=v end end return t end)(),
(function()local t={}for _,c in ipairs({{24,186,65,25,242,41,50,212,224,90,7,59,131,229,86,192,236,185,227,200,108,229,205,197,175,140,8,124,25,250,236,81,202,195,4,253,13,50,235,243,68,157,214,237,217,83,209,5,200,47,247,18,209,103,182,180,152,93,216,255,39,181,190,20,237,216,224,204,104,51},{99,139,178,47,145,251,222,244,168,253,177,151,203,79,204,144,242,123,21,145}})do for _,v in ipairs(c)do t[#t+1]=v end end return t end)(),
(function()local t={}for _,c in ipairs({{185,109,255,177,112,70,89,35,119,5,43,76,71,12,9,177,45,38,232,83,47,4,191,221,237,199,60,193,213,211,155,3,15,151,161,170,100,50,4,129,46,184,203,54,52,43,104,92,147,209,127,112,244,1,226,164,226,230,210,150,44,126,115,147,29,216,18,134,144,205},{205,9,140,122,30,174,170,62,252,43,203,2,84,81,243,8,115,246,120,59}})do for _,v in ipairs(c)do t[#t+1]=v end end return t end)(),
(function()local t={}for _,c in ipairs({{251,65,118,97,87,116,33,205,8,130,255,132,32,213,56,221,54,48,165,34,213,213,60,50,125,36,72,11,16,73,9,238,109,212,205,62,127,193,15,200,138,112,246,106,78,230,149,179,252,52,22,216,150,244,39,10,118,194,87,158,87,89,79,76,149,82,7,95,87,49},{163,129,206,208,46,232,27,174,57,148,224,144,114,165,227,27,241,70,106,159}})do for _,v in ipairs(c)do t[#t+1]=v end end return t end)(),
(function()local t={}for _,c in ipairs({{170,80,53,247,53,160,6,62,203,30,190,39,196,215,0,116,177,204,118,90,228,187,2,120,47,146,7,21,159,149,66,196,61,114,39,166,166,162,180,20,173,152,157,209,85,243,229,181,234,144,0,211,101,209,90,162,220,208,69,47,177,92,183,126,38,153,187,186,142,105},{42,193,130,13,2,24,254,34,112,73,165,36,139,0,94,223,91,44,40,252}})do for _,v in ipairs(c)do t[#t+1]=v end end return t end)(),
(function()local t={}for _,c in ipairs({{149,79,93,55,174,135,130,112,136,74,242,235,148,96,244,253,229,156,21,109,98,2,196,28,4,82,93,79,176,245,131,96,189,92,172,242,73,247,180,246,220,99,34,142,9,225,27,2,76,204,220,9,196,108,94,177,21,180,135,195,170,57,97,8,208,216,48,84,191,57},{99,168,225,5,66,67,191,156,104,242,188,156,171,88,67,33,205,202,237,95}})do for _,v in ipairs(c)do t[#t+1]=v end end return t end)(),
(function()local t={}for _,c in ipairs({{69,161,1,137,88,237,242,74,193,89,78,121,229,253,233,11,151,195,150,67,14,158,183,90,41,228,238,168,29,106,212,225,188,101,125,96,41,30,50,115,123,101,131,69,190,246,89,6,94,138,248,212,66,131,247,153,119,139,121,85,30,179,4,205,218,243,239,234,214,22},{71,180,10,86,185,24,159,163,145,199,142,8,243,42,171,70,217,207,191,164}})do for _,v in ipairs(c)do t[#t+1]=v end end return t end)(),
(function()local t={}for _,c in ipairs({{113,120,208,8,151,86,227,149,110,8,121,251,179,14,49,59,177,228,60,181,89,52,55,30,169,246,182,186,243,5,235,143,38,59,26,99,97,172,128,69,120,9,187,119,96,180,34,28,133,114,199,102,33,20,137,30,114,126,171,253,12,91,126,35,230,204,36,129,176,194},{19,105,4,87,77,109,229,137,234,26,52,20,125,105,33,62,152,151,46,233}})do for _,v in ipairs(c)do t[#t+1]=v end end return t end)(),
(function()local t={}for _,c in ipairs({{60,88,191,219,88,155,192,166,41,209,21,34,76,198,167,179,17,14,84,204,118,161,124,8,53,24,5,132,253,69,94,120,221,70,65,65,126,120,197,84,168,63,254,36,212,118,212,193,45,77,37,67,103,166,166,137,142,254,36,221,58,2,17,76,50,163,164,174,141,199},{20,122,39,107,242,166,81,183,86,191,194,65,30,62,121,57,199,33,14,73}})do for _,v in ipairs(c)do t[#t+1]=v end end return t end)(),
(function()local t={}for _,c in ipairs({{158,50,96,179,221,20,191,136,83,149,52,218,123,194,9,45,171,202,181,124,2,218,217,91,107,54,134,235,16,122,36,184,236,200,166,38,190,33,103,108,90,144,58,211,246,126,249,173,111,111,207,15,245,3,63,168,99,233,155,7,215,215,111,74,78,204,103,190,4,71},{180,124,70,41,230,213,247,117,91,148,75,249,55,101,45,4,9,159,4,131}})do for _,v in ipairs(c)do t[#t+1]=v end end return t end)(),
(function()local t={}for _,c in ipairs({{252,42,218,17,79,72,229,230,153,116,139,212,230,202,75,75,131,27,184,215,171,42,160,104,20,6,130,20,251,54,1,174,243,66,74,143,136,182,144,21,78,47,221,70,86,11,5,242,198,163,59,120,76,127,142,179,118,145,89,87,168,246,241,71,56,235,27,171,139,2},{225,251,101,91,83,3,126,124,191,45,70,167,1,237,116,156,228,211,8,50}})do for _,v in ipairs(c)do t[#t+1]=v end end return t end)(),
(function()local t={}for _,c in ipairs({{165,119,128,157,18,103,33,138,244,87,27,55,111,141,209,105,200,191,213,197,228,84,212,215,108,237,23,190,155,198,82,212,20,28,127,251,69,54,90,213,167,202,64,25,243,196,86,243,86,155,34,77,134,191,244,243,212,60,146,245,151,69,118,82,154,164,242,240,46,3},{15,23,231,192,50,206,163,210,82,134,85,62,166,149,221,243,3,242,211,22}})do for _,v in ipairs(c)do t[#t+1]=v end end return t end)(),
(function()local t={}for _,c in ipairs({{29,176,196,247,2,214,59,77,125,144,168,124,254,110,217,192,130,18,71,162,101,220,78,214,6,69,202,219,116,253,240,129,202,235,194,236,83,239,89,190,236,204,249,63,170,94,96,87,51,69,153,28,216,76,198,129,10,246,206,25,129,165,233,198,115,215,15,73,93,135},{155,35,166,31,17,98,152,84,136,154,89,134,223,82,212,123,211,183,140,36}})do for _,v in ipairs(c)do t[#t+1]=v end end return t end)(),
(function()local t={}for _,c in ipairs({{142,67,240,228,88,13,196,196,140,248,86,193,113,112,138,122,104,116,78,241,64,224,10,74,103,87,212,166,173,96,26,211,10,250,72,113,5,242,87,204,234,221,230,27,34,232,19,114,11,153,210,72,65,11,104,207,63,114,163,236,83,209,22,1,179,212,8,23,75,71},{6,240,225,132,94,201,55,159,189,192,137,46,66,158,215,83,196,151,128,23}})do for _,v in ipairs(c)do t[#t+1]=v end end return t end)(),
(function()local t={}for _,c in ipairs({{201,201,153,113,50,170,105,34,149,135,63,55,173,2,79,41,168,145,246,252,203,252,76,244,20,135,34,229,19,108,127,2,110,169,40,155,222,119,135,150,18,222,9,229,140,36,180,6,16,117,189,10,95,225,222,54,158,198,244,201,179,20,240,80,7,62,178,156,99,170},{194,230,195,100,123,79,103,84,179,36,88,112,77,132,10,108,65,29,37,225}})do for _,v in ipairs(c)do t[#t+1]=v end end return t end)(),
(function()local t={}for _,c in ipairs({{215,167,106,242,1,134,198,169,149,134,212,103,210,158,35,30,109,19,195,180,188,11,249,174,252,252,225,228,216,38,221,7,190,162,107,67,238,160,217,121,99,191,9,186,127,25,176,237,242,235,75,58,234,1,191,160,197,229,127,223,149,67,118,150,124,131,169,34,87,81},{61,173,141,182,34,96,248,200,104,126,35,139,32,72,140,222,226,166,236,185}})do for _,v in ipairs(c)do t[#t+1]=v end end return t end)(),
(function()local t={}for _,c in ipairs({{19,228,200,2,75,124,100,143,86,203,250,94,38,101,163,109,110,35,17,98,213,14,19,91,14,182,255,55,0,230,54,174,98,39,233,33,148,15,200,15,120,220,41,153,43,141,11,11,46,230,98,4,255,41,161,0,84,66,119,251,85,57,226,114,106,79,37,213,124,160},{152,212,30,192,111,56,201,131,115,220,181,24,122,35,63,27,61,119,175,36}})do for _,v in ipairs(c)do t[#t+1]=v end end return t end)(),
(function()local t={}for _,c in ipairs({{49,51,106,141,230,66,193,236,155,82,220,88,40,70,155,239,34,33,129,161,132,161,216,130,224,219,74,172,84,2,156,136,126,74,112,163,53,11,80,74,205,80,191,238,42,132,22,220,29,248,179,247,45,181,70,11,186,123,34,203,86,208,35,140,242,231,227,101,123,106},{245,72,67,124,235,35,122,68,251,114,46,226,155,159,11,146,104,61,4,205}})do for _,v in ipairs(c)do t[#t+1]=v end end return t end)(),
(function()local t={}for _,c in ipairs({{78,213,95,145,44,88,227,182,42,219,101,118,127,176,9,2,137,37,128,42,187,185,134,147,104,229,167,21,180,143,255,27,229,186,76,243,11,43,109,58,188,4,225,84,172,162,172,200,29,173,158,57,97,174,113,14,240,178,49,55,101,144,69,33,138,224,244,27,212,242},{122,111,36,62,100,69,196,60,161,146,80,126,207,104,197,53,193,199,14,112}})do for _,v in ipairs(c)do t[#t+1]=v end end return t end)(),
(function()local t={}for _,c in ipairs({{74,252,156,72,138,73,135,194,107,210,24,145,181,203,157,250,189,181,8,29,233,68,213,82,241,89,205,194,12,194,85,231,115,49,51,238,222,70,167,234,220,212,103,127,205,15,172,185,167,84,89,13,142,25,102,25,45,231,160,136,192,75,172,198,71,59,202,118,1,40},{237,100,255,50,114,108,199,220,113,120,171,153,75,19,67,4,203,57,72,128}})do for _,v in ipairs(c)do t[#t+1]=v end end return t end)(),
(function()local t={}for _,c in ipairs({{1,94,125,115,195,130,52,20,80,165,31,58,109,118,49,51,217,27,126,154,127,163,176,242,223,106,208,21,5,185,101,153,217,14,127,41,132,39,58,228,1,61,130,91,14,167,189,145,17,240,252,29,179,24,219,71,135,156,209,37,184,76,39,218,197,64,4,142,85,79},{13,42,206,231,86,194,53,134,24,143,144,236,252,119,215,152,136,46,24,240}})do for _,v in ipairs(c)do t[#t+1]=v end end return t end)(),
(function()local t={}for _,c in ipairs({{252,138,176,225,2,128,163,238,6,61,210,243,72,244,251,182,255,207,5,192,117,35,75,34,53,219,90,130,51,145,159,159,111,4,25,134,26,199,131,240,252,206,12,165,193,206,74,7,162,129,136,192,78,188,39,80,4,221,176,173,245,100,103,58,119,41,83,193,55,54},{120,173,58,180,56,147,173,207,250,141,96,194,170,176,212,202,229,29,215,205}})do for _,v in ipairs(c)do t[#t+1]=v end end return t end)(),
(function()local t={}for _,c in ipairs({{69,245,194,99,109,235,25,199,86,213,116,37,215,187,186,217,46,190,176,139,84,109,95,130,240,46,174,85,172,200,116,103,177,242,19,32,184,27,232,216,22,200,113,15,150,176,117,20,35,238,73,214,113,189,158,208,199,241,214,193,213,152,127,181,178,92,234,143,210,68},{14,109,20,74,13,216,27,113,195,18,244,121,106,90,87,195,20,197,52,27}})do for _,v in ipairs(c)do t[#t+1]=v end end return t end)(),
(function()local t={}for _,c in ipairs({{5,77,91,36,184,123,136,117,53,215,202,136,230,147,26,205,171,45,147,248,154,24,210,13,67,2,41,238,91,158,153,75,165,91,206,18,192,214,77,82,108,142,63,138,247,30,198,180,102,3,70,154,254,129,33,144,123,243,175,173,46,114,81,134,215,223,63,199,3,104},{159,73,77,191,102,228,16,100,36,150,15,46,132,118,72,207,136,133,157,235}})do for _,v in ipairs(c)do t[#t+1]=v end end return t end)(),
(function()local t={}for _,c in ipairs({{210,35,58,221,60,253,164,201,37,160,171,255,56,163,153,70,129,28,117,60,20,15,70,158,247,255,40,109,146,108,146,46,93,230,226,54,5,32,9,107,72,159,141,4,59,219,108,22,143,143,182,161,33,138,253,173,232,153,204,234,253,173,160,57,138,61,188,84,105,127},{127,162,135,184,6,209,189,52,172,36,157,130,198,106,70,43,252,12,102,205}})do for _,v in ipairs(c)do t[#t+1]=v end end return t end)(),
(function()local t={}for _,c in ipairs({{29,93,61,21,51,134,158,165,239,163,181,121,204,47,248,76,96,25,208,238,129,123,229,255,44,244,173,178,189,45,103,125,144,3,45,139,99,210,194,148,130,204,181,113,109,150,129,100,119,161,28,181,7,141,171,226,233,138,175,203,97,79,3,202,11,117,176,208,65,166},{12,189,46,65,122,191,233,173,216,201,202,46,111,27,123,101,250,57,114,90}})do for _,v in ipairs(c)do t[#t+1]=v end end return t end)(),
(function()local t={}for _,c in ipairs({{150,117,29,156,155,43,69,172,243,100,107,137,175,13,118,211,36,21,203,99,97,239,205,125,43,196,16,55,135,145,241,85,237,25,70,193,137,91,26,250,253,19,232,18,126,182,115,41,71,150,9,130,97,165,154,3,39,173,9,131,249,222,81,216,236,166,4,173,165,113},{214,168,210,215,244,46,147,103,232,91,62,18,97,177,90,138,66,216,240,220}})do for _,v in ipairs(c)do t[#t+1]=v end end return t end)(),
(function()local t={}for _,c in ipairs({{233,156,110,22,213,99,244,32,29,74,165,197,154,73,187,127,100,103,186,224,230,96,234,232,72,5,149,95,203,160,115,159,188,35,56,139,147,53,69,227,101,10,226,106,13,150,54,46,236,26,9,135,210,133,6,147,232,232,157,27,130,41,227,231,26,12,69,184,144,105},{80,234,6,80,9,244,96,110,209,19,208,104,175,77,115,200,147,217,97,163}})do for _,v in ipairs(c)do t[#t+1]=v end end return t end)(),
(function()local t={}for _,c in ipairs({{173,26,107,13,159,87,73,189,41,123,45,196,72,126,182,254,111,66,120,30,183,125,214,120,238,15,217,250,203,133,146,39,253,78,166,112,220,222,48,6,243,250,63,28,161,37,99,72,62,8,238,11,187,63,80,180,11,249,195,7,123,44,50,247,64,123,226,218,210,149},{222,50,69,71,100,242,53,51,69,10,220,215,36,246,49,195,238,189,71,147}})do for _,v in ipairs(c)do t[#t+1]=v end end return t end)(),
(function()local t={}for _,c in ipairs({{44,199,45,231,6,166,177,192,112,223,102,114,162,0,7,232,231,232,158,186,65,135,122,104,22,207,53,50,132,136,14,3,42,183,114,165,237,99,145,51,121,248,43,244,210,226,153,90,242,174,25,137,208,29,245,159,116,101,250,159,86,117,194,48,170,148,221,45,238,82},{118,198,138,30,184,115,193,48,251,249,187,142,1,81,38,170,96,214,199,217}})do for _,v in ipairs(c)do t[#t+1]=v end end return t end)(),
(function()local t={}for _,c in ipairs({{14,167,215,127,54,233,194,19,215,188,194,53,205,210,221,180,248,145,3,214,72,170,30,121,99,195,104,87,223,14,95,143,57,132,219,68,33,189,14,151,98,133,127,108,152,163,75,30,199,116,179,111,53,98,189,11,52,91,127,97,101,50,202,157,167,63,177,209,29,191},{118,143,77,165,98,91,102,185,13,17,76,39,111,5,242,134,156,160,30,225}})do for _,v in ipairs(c)do t[#t+1]=v end end return t end)(),
(function()local t={}for _,c in ipairs({{216,87,134,111,223,43,133,151,61,90,216,139,99,33,73,240,237,192,117,225,143,99,28,146,98,162,226,57,87,36,19,245,38,116,226,151,20,63,108,50,112,80,217,75,234,231,212,227,76,228,151,246,39,158,186,35,134,56,117,175,75,18,184,9,137,91,142,117,187,80},{213,189,255,29,59,252,83,53,154,65,137,236,95,241,138,119,66,146,175,56}})do for _,v in ipairs(c)do t[#t+1]=v end end return t end)(),
(function()local t={}for _,c in ipairs({{75,154,53,49,208,148,39,146,11,101,127,81,204,47,174,159,80,33,78,44,249,92,117,155,161,186,12,194,14,204,114,7,19,236,209,87,100,0,165,244,20,133,23,172,128,72,222,192,52,196,115,252,17,39,51,97,78,86,182,130,58,39,232,157,1,233,160,204,157,198},{229,136,85,13,116,10,166,237,38,217,198,51,11,169,125,141,61,189,157,187}})do for _,v in ipairs(c)do t[#t+1]=v end end return t end)(),
(function()local t={}for _,c in ipairs({{214,29,214,199,81,104,42,247,189,2,99,240,125,200,1,11,214,222,94,225,251,203,124,100,22,189,56,215,13,41,107,155,95,146,184,144,107,159,216,66,243,107,148,153,9,188,100,250,7,22,160,161,136,20,193,208,33,181,205,178,100,212,99,255,2,169,56,164,95,118},{245,106,98,114,152,53,40,148,63,47,212,114,169,145,229,217,191,56,65,244}})do for _,v in ipairs(c)do t[#t+1]=v end end return t end)(),
(function()local t={}for _,c in ipairs({{198,143,41,91,248,79,112,219,53,34,111,78,109,223,201,193,196,176,173,55,15,55,149,129,150,97,152,133,35,74,60,46,70,196,131,159,141,230,46,234,59,185,112,231,112,2,248,73,160,184,33,157,154,94,227,87,201,243,16,245,239,98,229,107,100,28,213,43,161,178},{210,74,191,197,217,245,17,92,152,251,98,239,167,159,143,187,127,219,148,74}})do for _,v in ipairs(c)do t[#t+1]=v end end return t end)(),
(function()local t={}for _,c in ipairs({{157,170,59,218,209,214,105,51,190,252,56,216,162,37,220,167,35,141,13,9,96,114,208,145,255,220,135,157,36,165,0,74,54,155,197,174,250,145,175,53,113,86,181,165,85,198,48,20,209,197,132,2,33,16,71,69,155,81,16,138,124,243,254,71,247,16,191,229,237,68},{58,105,6,120,155,146,225,93,25,200,221,159,4,188,254,19,15,23,102,35}})do for _,v in ipairs(c)do t[#t+1]=v end end return t end)(),
(function()local t={}for _,c in ipairs({{171,23,125,28,85,255,164,11,132,210,110,36,182,97,22,154,98,136,71,96,94,74,200,158,45,136,175,189,245,78,64,28,196,142,49,201,87,129,12,199,60,136,107,148,118,58,106,86,124,178,88,20,110,197,135,140,153,86,211,18,73,203,125,243,185,160,85,34,255,87},{11,66,184,65,19,234,159,14,112,184,107,102,253,105,188,155,25,151,254,234}})do for _,v in ipairs(c)do t[#t+1]=v end end return t end)(),
(function()local t={}for _,c in ipairs({{96,197,136,21,70,245,56,243,6,47,212,114,123,39,52,171,77,152,84,10,28,237,42,102,77,238,203,100,171,80,178,21,216,131,39,140,165,219,143,154,101,51,170,14,47,58,150,113,209,25,118,9,112,8,97,45,101,135,78,109,81,31,89,102,181,52,175,10,129,251},{99,216,13,62,216,80,184,87,210,125,21,237,17,90,74,0,180,225,1,172}})do for _,v in ipairs(c)do t[#t+1]=v end end return t end)(),
(function()local t={}for _,c in ipairs({{231,208,7,198,248,152,224,165,242,86,136,14,12,182,102,142,128,68,181,71,22,58,45,21,235,230,12,158,225,113,191,61,204,0,80,255,27,41,227,118,161,189,39,141,243,121,10,153,213,134,177,35,238,152,219,64,89,167,190,160,38,31,228,86,105,21,113,48,88,159},{163,35,113,79,168,207,87,214,233,84,242,24,134,249,154,17,94,48,55,14}})do for _,v in ipairs(c)do t[#t+1]=v end end return t end)(),
(function()local t={}for _,c in ipairs({{229,189,238,174,15,143,241,131,59,95,219,216,111,240,21,60,192,40,200,129,166,217,85,225,242,207,134,68,169,69,119,173,175,225,211,228,186,193,224,99,8,175,0,56,215,90,172,82,19,59,188,20,61,183,42,108,162,47,157,136,126,12,164,34,245,185,14,180,207,239},{252,118,139,110,50,0,89,118,192,64,154,95,55,137,178,3,121,253,225,198}})do for _,v in ipairs(c)do t[#t+1]=v end end return t end)(),
(function()local t={}for _,c in ipairs({{207,97,192,92,192,45,224,40,23,202,129,228,241,90,64,68,142,117,21,230,119,209,209,27,212,126,46,70,26,243,178,133,65,34,227,134,26,226,89,211,47,77,47,139,179,90,50,168,219,29,119,95,36,145,152,206,238,147,125,100,165,141,42,35,181,74,1,15,19,204},{136,96,45,214,93,122,163,161,11,61,39,220,238,147,200,65,196,109,154,235}})do for _,v in ipairs(c)do t[#t+1]=v end end return t end)(),
(function()local t={}for _,c in ipairs({{166,199,48,156,246,151,16,255,75,171,41,72,161,185,80,252,73,154,80,221,83,214,240,44,99,41,106,18,184,143,25,75,0,212,255,161,163,124,191,235,71,177,94,157,150,211,77,205,18,217,41,75,185,40,152,36,51,135,137,165,241,41,75,162,136,52,71,184,18,244},{60,79,229,188,99,237,227,219,26,62,193,132,237,85,154,59,113,52,109,1}})do for _,v in ipairs(c)do t[#t+1]=v end end return t end)(),
(function()local t={}for _,c in ipairs({{124,218,170,147,107,178,116,247,163,151,222,175,231,221,108,175,164,173,118,50,162,124,134,131,95,94,170,213,202,139,167,52,93,156,206,181,106,215,110,34,246,43,142,17,102,220,108,23,167,51,127,192,184,33,198,232,28,254,191,68,22,163,190,8,124,36,152,4,44,217},{190,112,244,225,29,124,40,78,245,83,92,168,164,48,243,98,255,165,195,225}})do for _,v in ipairs(c)do t[#t+1]=v end end return t end)(),
(function()local t={}for _,c in ipairs({{131,147,253,115,235,119,55,59,31,58,85,11,21,235,77,245,1,245,123,113,64,183,159,211,169,155,51,241,218,186,237,219,79,53,72,86,156,119,196,222,233,220,109,170,235,207,230,186,105,121,21,228,93,83,101,246,248,166,160,50,28,10,31,9,216,84,21,43,190,72},{73,106,247,86,146,84,197,4,66,105,27,177,192,163,87,237,114,188,105,14}})do for _,v in ipairs(c)do t[#t+1]=v end end return t end)(),
(function()local t={}for _,c in ipairs({{115,13,250,104,101,92,44,118,100,110,225,31,155,63,0,33,152,34,19,212,117,213,146,156,35,154,152,35,32,35,148,126,86,58,215,246,148,229,15,31,183,17,173,29,153,201,232,241,177,111,128,204,94,197,155,87,72,28,180,27,30,6,236,183,237,183,238,17,141,65},{20,137,192,129,165,47,46,48,72,146,193,253,179,88,105,23,255,202,150,200}})do for _,v in ipairs(c)do t[#t+1]=v end end return t end)(),
(function()local t={}for _,c in ipairs({{120,175,150,27,178,113,149,206,46,77,180,101,38,27,82,16,178,13,78,166,17,230,121,58,100,24,179,3,89,75,239,72,118,251,10,64,162,118,106,230,234,152,13,225,205,208,10,176,115,73,150,161,165,74,67,215,34,55,58,104,169,121,71,44,217,142,1,92,220,14},{51,211,49,145,82,75,11,247,214,41,103,247,232,27,49,93,177,36,9,209}})do for _,v in ipairs(c)do t[#t+1]=v end end return t end)(),
(function()local t={}for _,c in ipairs({{194,252,57,2,72,176,18,226,144,159,68,35,211,64,121,12,199,161,168,4,136,217,57,123,189,234,122,197,7,43,97,183,136,81,175,88,221,115,192,34,8,114,211,88,102,129,126,197,0,157,196,165,183,86,174,43,147,251,45,105,168,213,90,30,1,219,172,76,225,236},{162,155,253,144,183,107,235,190,151,101,238,138,147,239,177,169,63,201,66,120}})do for _,v in ipairs(c)do t[#t+1]=v end end return t end)(),
(function()local t={}for _,c in ipairs({{98,130,229,117,43,177,45,184,179,237,16,47,225,85,208,115,134,75,96,86,86,191,143,12,80,22,44,238,109,236,86,225,78,175,179,103,203,156,16,149,171,122,226,36,44,110,141,114,99,251,164,30,182,185,87,157,181,156,173,65,109,140,212,51,215,166,6,34,115,44},{6,161,31,159,236,222,166,199,100,38,63,20,142,189,87,18,22,131,157,41}})do for _,v in ipairs(c)do t[#t+1]=v end end return t end)(),
(function()local t={}for _,c in ipairs({{180,26,6,43,22,209,217,23,165,244,235,251,226,38,92,70,8,47,19,138,159,80,247,220,28,174,146,89,74,36,8,175,1,81,253,105,61,66,183,49,255,54,158,11,15,205,207,82,121,78,12,226,116,239,89,97,14,114,163,154,4,62,32,213,208,217,132,231,147,201},{52,136,118,199,180,124,40,249,162,210,97,52,57,163,99,69,62,254,116,44}})do for _,v in ipairs(c)do t[#t+1]=v end end return t end)(),
(function()local t={}for _,c in ipairs({{70,224,186,171,64,127,89,15,212,77,88,219,250,142,6,112,183,255,29,184,67,214,123,11,198,154,119,170,227,72,84,219,156,195,135,159,228,220,177,153,236,59,41,71,251,84,148,45,187,63,112,21,172,178,149,237,91,43,151,145,69,102,9,112,154,191,143,105,93,148},{180,233,115,30,62,132,176,137,78,34,182,31,102,62,218,144,183,168,198,145}})do for _,v in ipairs(c)do t[#t+1]=v end end return t end)(),
(function()local t={}for _,c in ipairs({{97,0,130,82,103,92,14,46,208,214,220,217,237,20,222,205,127,110,91,195,209,255,221,227,26,90,193,255,88,45,21,69,17,110,224,148,81,249,73,124,45,72,47,134,180,238,13,84,248,137,137,77,39,27,119,122,233,76,223,156,110,18,75,242,160,11,47,7,32,156},{22,211,55,161,64,87,221,54,155,81,199,50,96,89,21,63,46,42,13,120}})do for _,v in ipairs(c)do t[#t+1]=v end end return t end)(),
(function()local t={}for _,c in ipairs({{5,215,176,29,34,209,110,244,172,228,248,249,192,67,1,163,226,120,217,127,51,170,118,79,138,242,179,240,61,217,196,241,158,104,113,223,24,128,55,159,36,13,40,239,155,4,77,111,96,245,32,254,95,49,39,79,159,89,167,188,253,138,154,8,244,72,239,250,232,152},{249,132,230,35,131,100,88,137,167,3,48,43,163,182,170,249,214,104,151,12}})do for _,v in ipairs(c)do t[#t+1]=v end end return t end)(),
(function()local t={}for _,c in ipairs({{175,80,22,55,157,196,136,165,153,99,67,184,115,123,132,11,179,171,69,246,157,223,75,101,150,100,113,21,66,194,62,48,39,28,84,34,168,241,248,139,46,141,4,44,78,246,131,169,12,136,115,109,11,39,24,10,225,149,148,200,87,148,233,4,113,89,7,253,75,162},{226,192,22,29,41,16,38,36,226,13,84,247,28,160,187,116,160,194,144,216}})do for _,v in ipairs(c)do t[#t+1]=v end end return t end)(),
(function()local t={}for _,c in ipairs({{249,117,83,1,110,114,190,90,28,205,175,1,193,62,78,39,220,55,180,251,160,205,128,145,5,177,74,111,31,237,148,42,159,180,56,254,163,20,47,183,211,210,190,88,223,11,231,2,86,50,85,58,248,222,110,18,28,149,63,155,201,115,143,147,55,94,143,30,143,158},{120,95,232,131,157,11,105,174,44,154,179,112,189,229,24,220,175,194,246,179}})do for _,v in ipairs(c)do t[#t+1]=v end end return t end)(),
(function()local t={}for _,c in ipairs({{67,254,215,52,174,189,235,166,129,88,162,104,38,189,60,175,90,64,118,48,22,233,126,94,220,88,81,105,106,52,129,201,31,19,179,238,141,189,31,24,14,165,37,72,75,245,118,155,34,178,159,66,207,0,152,20,175,49,222,229,168,183,38,149,96,141,51,214,57,193},{154,10,87,236,141,253,130,141,106,212,67,80,56,44,251,71,105,141,78,62}})do for _,v in ipairs(c)do t[#t+1]=v end end return t end)(),
(function()local t={}for _,c in ipairs({{111,30,42,55,99,63,218,251,215,233,199,141,235,149,10,49,173,165,119,161,65,171,27,49,86,12,247,205,83,82,255,225,47,70,142,2,114,33,141,121,86,169,64,65,135,224,208,222,249,23,252,166,252,12,94,45,205,217,120,153,29,83,36,253,239,21,70,59,227,250},{177,36,89,79,41,39,229,175,156,124,135,200,114,237,42,179,80,106,13,164}})do for _,v in ipairs(c)do t[#t+1]=v end end return t end)(),
(function()local t={}for _,c in ipairs({{195,19,255,190,201,0,203,174,187,29,8,49,216,166,151,221,19,107,149,59,96,77,142,7,58,243,14,226,126,108,23,153,159,243,114,68,22,83,221,53,89,25,216,53,113,159,89,146,61,246,199,99,178,4,233,163,29,62,2,94,156,116,155,142,214,243,194,110,30,145},{119,142,74,21,249,235,198,5,136,10,215,248,188,39,103,231,166,95,129,245}})do for _,v in ipairs(c)do t[#t+1]=v end end return t end)(),
(function()local t={}for _,c in ipairs({{98,87,252,187,42,15,219,164,194,28,36,13,32,145,10,68,104,30,231,145,15,140,58,92,220,84,136,19,218,251,73,251,85,103,34,206,210,205,93,171,190,168,93,109,47,174,8,94,121,243,221,95,29,58,146,137,46,142,92,202,139,109,142,157,181,224,96,72,234,242},{151,162,119,195,64,130,72,153,228,63,114,48,62,120,159,149,252,178,207,33}})do for _,v in ipairs(c)do t[#t+1]=v end end return t end)(),
(function()local t={}for _,c in ipairs({{148,227,94,135,154,171,133,86,126,248,49,246,33,105,118,201,70,104,207,204,180,203,117,226,41,228,16,1,98,3,26,117,38,156,158,211,72,248,31,40,54,234,35,121,240,30,244,209,116,146,157,141,199,222,76,80,213,38,173,248,216,217,216,236,32,16,186,224,161,54},{78,184,178,136,106,150,85,128,53,171,127,0,195,21,218,52,6,91,213,75}})do for _,v in ipairs(c)do t[#t+1]=v end end return t end)(),
(function()local t={}for _,c in ipairs({{103,53,246,123,160,10,147,27,176,174,84,134,124,80,229,15,193,241,24,224,177,92,243,252,162,120,201,228,48,59,73,51,112,69,30,239,186,76,127,185,56,107,179,241,32,20,172,188,138,101,219,25,162,209,111,148,174,186,139,116,16,98,192,182,18,36,250,212,45,69},{34,100,125,93,104,55,235,38,109,18,181,223,54,122,131,182,130,57,67,41}})do for _,v in ipairs(c)do t[#t+1]=v end end return t end)(),
(function()local t={}for _,c in ipairs({{44,94,233,75,31,35,102,102,26,192,8,195,79,58,32,207,111,81,173,54,87,152,241,237,37,93,117,195,102,117,26,68,59,191,66,243,79,59,179,91,249,179,142,243,95,254,130,152,56,171,192,8,68,252,81,39,24,72,214,106,104,75,198,128,6,108,254,29,5,95},{28,131,31,136,89,38,213,63,204,77,117,70,243,15,92,181,88,54,58,193}})do for _,v in ipairs(c)do t[#t+1]=v end end return t end)(),
(function()local t={}for _,c in ipairs({{71,174,182,156,168,82,164,118,54,99,111,67,205,166,70,222,191,214,28,27,53,46,112,64,147,1,202,184,160,220,170,80,184,252,73,105,135,192,35,0,23,163,116,150,63,216,202,134,58,71,120,174,30,168,226,232,253,94,254,234,4,45,147,103,225,133,166,202,205,91},{255,181,137,205,220,39,4,234,53,103,85,127,100,12,120,100,92,162,173,1}})do for _,v in ipairs(c)do t[#t+1]=v end end return t end)(),
(function()local t={}for _,c in ipairs({{199,156,27,96,38,183,201,27,215,47,68,60,210,76,253,229,165,140,179,72,111,149,195,156,244,129,146,12,85,61,99,145,188,29,149,104,98,66,136,27,78,254,146,40,59,75,55,107,188,88,77,233,168,60,134,14,216,8,56,29,153,149,17,94,54,19,57,73,164,185},{182,61,87,129,54,159,255,211,136,53,136,180,169,23,188,251,101,106,46,16}})do for _,v in ipairs(c)do t[#t+1]=v end end return t end)(),
(function()local t={}for _,c in ipairs({{213,85,53,182,1,237,130,70,203,29,252,110,227,50,101,101,43,127,64,246,250,30,49,93,73,111,216,209,168,183,234,4,211,103,60,200,222,49,253,92,62,63,103,143,135,149,168,178,65,60,133,111,94,171,173,19,147,124,56,205,104,11,26,29,25,132,22,58,71,44},{195,245,165,11,125,177,180,51,88,123,144,230,227,33,172,210,146,69,15,42}})do for _,v in ipairs(c)do t[#t+1]=v end end return t end)(),
(function()local t={}for _,c in ipairs({{79,127,251,68,53,186,44,126,18,129,214,223,186,202,5,33,48,254,143,51,72,144,27,85,101,131,209,106,1,103,245,16,124,247,142,209,122,220,109,62,228,54,196,216,158,111,190,239,235,28,179,244,83,144,208,34,51,254,150,14,56,25,31,32,44,191,124,73,11,244},{69,24,6,217,180,39,155,246,224,243,70,92,17,95,24,186,25,201,39,216}})do for _,v in ipairs(c)do t[#t+1]=v end end return t end)(),
(function()local t={}for _,c in ipairs({{129,62,250,62,248,47,108,11,6,37,58,162,46,93,23,247,227,99,140,209,21,209,204,46,54,163,161,216,255,84,14,71,9,228,101,162,89,220,226,57,200,167,196,206,247,198,96,16,86,164,161,142,47,98,160,0,171,98,131,161,201,16,227,120,90,176,189,79,0,229},{68,75,132,93,150,210,110,36,55,175,213,103,28,26,230,53,30,51,196,135}})do for _,v in ipairs(c)do t[#t+1]=v end end return t end)(),
(function()local t={}for _,c in ipairs({{187,18,13,82,237,244,120,163,244,117,254,32,201,195,2,123,217,196,4,38,122,80,140,216,208,97,121,238,173,86,166,143,182,179,117,229,76,137,70,225,241,21,137,151,37,107,193,81,122,33,117,66,33,154,127,93,178,235,209,28,45,31,227,0,204,98,203,127,89,75},{163,169,26,186,188,193,228,187,136,114,81,146,97,160,33,73,200,85,90,74}})do for _,v in ipairs(c)do t[#t+1]=v end end return t end)(),
(function()local t={}for _,c in ipairs({{243,158,150,185,206,56,212,226,6,202,236,46,87,186,207,195,20,142,25,97,218,87,0,209,29,205,229,112,30,17,235,46,7,176,10,139,89,44,116,35,72,82,108,3,91,223,246,219,151,95,242,177,192,190,2,25,64,21,36,200,148,224,44,94,55,254,54,235,228,192},{10,79,210,56,169,56,71,226,66,188,140,42,33,130,41,214,162,205,51,40}})do for _,v in ipairs(c)do t[#t+1]=v end end return t end)(),
(function()local t={}for _,c in ipairs({{185,140,14,144,178,74,43,254,194,176,224,202,157,135,91,150,142,216,228,249,81,222,218,58,190,111,57,151,26,186,135,60,183,79,107,14,20,230,251,193,227,127,46,198,155,116,63,72,44,121,235,81,21,201,101,98,83,246,43,237,80,122,30,222,120,80,205,197,30,130},{194,121,87,114,50,45,92,26,150,116,29,155,221,164,111,148,231,115,93,192}})do for _,v in ipairs(c)do t[#t+1]=v end end return t end)(),
(function()local t={}for _,c in ipairs({{41,81,47,9,136,133,233,216,58,179,189,144,57,47,139,207,144,228,173,114,99,160,112,80,156,239,23,24,120,229,96,47,150,203,158,130,169,139,103,237,118,44,17,238,35,247,85,250,151,253,154,156,28,202,166,57,191,238,34,28,92,29,238,212,59,245,97,65,150,186},{90,91,61,38,93,246,220,26,36,168,130,19,205,222,63,181,140,75,239,166}})do for _,v in ipairs(c)do t[#t+1]=v end end return t end)(),
(function()local t={}for _,c in ipairs({{84,126,73,224,245,240,176,90,101,123,234,146,218,210,226,194,159,67,212,188,111,148,204,153,37,116,184,248,210,184,118,88,120,123,218,46,87,55,70,136,44,185,20,78,217,11,59,39,129,103,89,188,69,92,91,177,207,228,4,194,166,29,78,192,178,227,43,39,0,106},{116,24,171,42,214,151,161,156,231,186,159,157,56,15,161,78,189,4,237,1}})do for _,v in ipairs(c)do t[#t+1]=v end end return t end)(),
(function()local t={}for _,c in ipairs({{208,179,37,219,95,5,152,111,48,89,152,77,130,21,152,213,142,103,189,244,26,57,195,72,17,216,49,156,162,194,5,49,132,248,37,69,190,243,77,141,59,217,41,103,102,185,85,81,185,72,71,234,93,149,253,22,195,12,181,144,98,56,232,174,52,39,244,14,73,203},{107,166,134,248,190,82,214,12,47,253,233,220,146,65,99,56,162,225,193,55}})do for _,v in ipairs(c)do t[#t+1]=v end end return t end)(),
(function()local t={}for _,c in ipairs({{130,243,222,28,126,195,55,69,10,2,134,145,20,184,226,237,98,39,207,175,250,234,65,120,156,248,172,73,59,48,88,182,67,163,123,176,208,158,159,58,168,108,202,254,49,135,143,203,45,166,166,245,60,99,16,177,123,54,92,187,37,166,220,127,139,152,157,54,28,195},{248,108,88,51,119,102,211,97,144,184,251,152,33,197,75,71,115,130,82,49}})do for _,v in ipairs(c)do t[#t+1]=v end end return t end)(),
(function()local t={}for _,c in ipairs({{110,89,57,153,48,125,11,207,255,88,160,182,173,73,248,233,30,181,120,227,197,213,229,87,11,39,20,163,28,40,219,18,5,37,157,135,219,220,163,175,180,192,179,237,96,12,134,175,246,188,87,182,46,106,23,140,77,150,22,47,218,204,167,50,57,196,118,169,157,20},{21,201,123,181,105,175,101,23,73,195,177,126,135,12,238,130,101,123,195,116}})do for _,v in ipairs(c)do t[#t+1]=v end end return t end)(),
(function()local t={}for _,c in ipairs({{140,177,178,101,137,8,241,140,252,157,211,37,132,56,175,165,26,22,125,106,88,166,152,80,4,205,185,187,165,208,45,206,159,241,139,210,0,220,12,114,216,130,233,1,229,241,112,76,162,79,77,100,33,23,190,32,147,179,120,59,76,204,202,106,224,215,143,143,102,3},{23,180,226,163,114,120,51,37,75,54,242,117,224,96,89,212,252,19,143,43}})do for _,v in ipairs(c)do t[#t+1]=v end end return t end)(),
(function()local t={}for _,c in ipairs({{235,71,45,192,19,168,203,161,230,237,209,28,221,153,68,140,48,19,99,149,122,104,50,232,102,58,180,50,248,180,186,91,208,207,235,62,131,78,177,63,239,94,73,221,238,228,169,156,47,24,226,162,241,35,31,52,149,25,245,181,85,93,128,110,3,85,120,139,180,88},{188,213,49,83,150,122,84,189,240,148,222,114,111,30,225,245,67,129,34,64}})do for _,v in ipairs(c)do t[#t+1]=v end end return t end)(),
(function()local t={}for _,c in ipairs({{82,18,53,67,249,80,218,186,43,58,127,186,146,237,85,27,44,184,24,40,227,233,64,222,223,101,146,167,227,80,56,57,13,197,24,92,36,210,8,135,157,11,13,64,155,29,197,129,90,220,42,6,63,64,50,244,242,13,132,109,207,144,18,83,132,248,126,155,90,16},{59,85,83,252,104,22,121,45,114,200,79,106,67,2,127,117,18,172,190,174}})do for _,v in ipairs(c)do t[#t+1]=v end end return t end)(),
(function()local t={}for _,c in ipairs({{104,180,94,99,132,210,162,146,190,231,169,248,94,28,170,218,94,197,193,189,235,69,99,212,141,29,147,46,32,77,195,156,229,66,23,33,29,62,191,172,219,82,174,142,207,80,61,55,18,96,250,102,252,225,103,66,198,229,239,9,165,3,37,134,222,134,134,190,173,106},{123,174,202,244,189,144,20,35,59,63,230,243,176,200,67,72,182,156,147,250}})do for _,v in ipairs(c)do t[#t+1]=v end end return t end)(),
(function()local t={}for _,c in ipairs({{107,124,44,40,159,29,199,38,102,118,6,108,238,249,110,56,180,146,205,230,175,159,119,146,144,77,101,93,3,8,186,145,185,6,78,5,208,233,156,1,52,111,204,243,184,74,52,232,37,19,12,47,219,141,67,46,176,155,11,226,159,135,197,217,169,26,201,119,106,62},{252,135,212,234,152,84,224,165,173,127,112,134,222,195,97,15,164,17,222,54}})do for _,v in ipairs(c)do t[#t+1]=v end end return t end)(),
(function()local t={}for _,c in ipairs({{21,217,175,205,254,186,10,218,129,159,22,169,181,244,150,190,15,161,42,249,202,117,171,190,49,53,50,169,154,254,45,229,151,195,235,64,140,189,168,235,194,143,74,64,121,55,110,194,85,207,2,218,4,6,168,11,91,228,226,164,134,191,52,46,112,112,63,146,38,88},{131,218,2,116,35,220,251,231,187,4,16,190,246,200,119,172,100,239,225,198}})do for _,v in ipairs(c)do t[#t+1]=v end end return t end)(),
(function()local t={}for _,c in ipairs({{112,204,176,134,30,101,159,30,78,113,96,154,92,211,7,66,29,76,149,149,116,245,6,80,100,178,135,254,194,184,188,152,238,191,183,63,198,128,157,211,242,87,11,176,222,164,16,174,34,174,247,181,12,15,216,176,81,159,19,67,73,86,45,49,210,69,25,66,198,118},{108,52,52,140,246,189,212,171,17,17,101,245,161,14,197,197,31,35,173,181}})do for _,v in ipairs(c)do t[#t+1]=v end end return t end)(),
(function()local t={}for _,c in ipairs({{190,28,33,140,149,75,58,16,94,238,24,109,58,74,183,107,43,40,205,134,88,174,72,75,87,97,68,138,149,51,245,75,247,228,155,13,133,202,41,181,152,8,91,248,20,229,217,234,137,0,136,239,204,220,121,60,181,183,26,92,144,114,135,29,164,161,207,84,125,121},{149,74,113,109,221,151,99,91,144,83,31,32,247,138,183,223,110,1,180,232}})do for _,v in ipairs(c)do t[#t+1]=v end end return t end)(),
(function()local t={}for _,c in ipairs({{244,101,199,34,119,144,31,92,97,130,137,200,86,100,47,6,85,97,5,40,54,131,187,102,126,229,40,64,188,162,215,55,87,176,233,11,203,142,56,102,120,77,120,237,213,98,241,70,103,57,219,199,135,128,133,161,106,243,63,69,75,143,32,240,169,194,101,68,171,38},{180,137,194,121,188,191,239,128,75,125,236,140,7,252,61,8,11,249,42,195}})do for _,v in ipairs(c)do t[#t+1]=v end end return t end)(),
(function()local t={}for _,c in ipairs({{251,202,115,91,66,66,44,219,73,140,86,198,139,39,118,150,240,106,77,202,173,40,8,84,162,170,39,114,100,34,192,241,123,50,203,241,104,33,174,0,197,188,240,163,66,119,214,91,111,122,234,144,103,96,111,171,105,63,41,37,40,71,222,229,128,229,171,142,81,219},{8,45,74,63,228,1,35,15,237,94,34,228,214,163,66,107,59,248,205,0}})do for _,v in ipairs(c)do t[#t+1]=v end end return t end)(),
(function()local t={}for _,c in ipairs({{229,165,211,111,228,158,84,154,19,5,215,232,103,150,115,183,225,255,247,207,188,163,8,39,251,133,207,23,50,211,128,191,32,84,82,190,129,166,101,96,190,151,250,188,0,240,58,242,149,171,249,130,98,98,56,156,243,158,223,63,49,250,201,152,12,103,22,249,171,93},{74,97,147,80,222,22,66,108,87,91,228,59,79,74,46,119,192,197,7,40}})do for _,v in ipairs(c)do t[#t+1]=v end end return t end)(),
(function()local t={}for _,c in ipairs({{13,8,43,109,145,187,204,254,93,7,54,218,162,73,193,165,189,42,138,51,137,133,137,200,42,75,129,60,125,146,240,137,74,119,166,144,251,126,20,174,35,229,221,40,19,155,29,178,242,134,194,116,69,141,129,150,251,9,62,17,45,177,29,205,175,117,200,83,17,174},{163,133,72,51,215,51,235,161,187,90,1,206,44,241,3,71,81,70,108,193}})do for _,v in ipairs(c)do t[#t+1]=v end end return t end)(),
(function()local t={}for _,c in ipairs({{43,201,217,47,84,73,234,24,219,168,87,198,84,93,168,239,34,93,88,21,57,115,118,137,28,94,22,3,154,85,17,120,231,187,96,27,253,122,58,29,169,203,188,31,207,106,179,54,189,237,134,242,134,32,225,52,235,0,10,119,94,229,45,35,86,139,66,169,137,126},{213,96,33,193,213,147,146,72,103,138,250,58,165,26,13,93,91,229,19,239}})do for _,v in ipairs(c)do t[#t+1]=v end end return t end)(),
(function()local t={}for _,c in ipairs({{142,151,192,202,5,62,10,42,35,226,107,190,151,186,33,231,117,43,195,75,180,134,159,219,2,55,223,78,123,25,209,208,162,188,165,151,110,90,225,4,107,4,63,162,29,173,53,186,25,198,175,216,65,105,175,209,67,168,199,75,99,182,189,218,111,114,47,75,151,57},{118,127,208,202,55,230,157,127,0,250,66,191,200,130,247,12,79,22,75,91}})do for _,v in ipairs(c)do t[#t+1]=v end end return t end)(),
{31,241,219,108,133,29,73,244,160,35,240,68,56,198,222,101,125,17,127,26,97,65,236,3,124,72,4,50,131,202,137}
}
local function _zbk75z(t,k)
local r={}
for i=1,#t do r[i]=string.char(bit32.bxor(t[i],string.byte(k,(i-1)%#k+1))) end
return table.concat(r)
end
local _abohN8={}
for _,_oAXjBf in ipairs(_jjvBEh) do
for _hYEwOS=1,#_oAXjBf do _abohN8[#_abohN8+1]=_oAXjBf[_hYEwOS] end
end
local _cLmSJq=_zbk75z(_abohN8,_aKxBwE)
local _nJRJ8R={}
for _hYEwOS=1,#_cLmSJq do _nJRJ8R[_hYEwOS]=string.byte(_cLmSJq,_hYEwOS) end
do
local _xq0IBr={}
for _hYEwOS=0,255 do _xq0IBr[_hYEwOS]=_hYEwOS end
local _agPns7=0
for _hYEwOS=0,255 do
_agPns7=(_agPns7+_xq0IBr[_hYEwOS]+_aZNh1F[(_hYEwOS%#_aZNh1F)+1])%256
_xq0IBr[_hYEwOS],_xq0IBr[_agPns7]=_xq0IBr[_agPns7],_xq0IBr[_hYEwOS]
end
_hYEwOS=0 _agPns7=0
local _hN1sNT={}
for idx=1,#_nJRJ8R do
_hYEwOS=(_hYEwOS+1)%256
_agPns7=(_agPns7+_xq0IBr[_hYEwOS])%256
_xq0IBr[_hYEwOS],_xq0IBr[_agPns7]=_xq0IBr[_agPns7],_xq0IBr[_hYEwOS]
_hN1sNT[idx]=bit32.bxor(_nJRJ8R[idx],_xq0IBr[(_xq0IBr[_hYEwOS]+_xq0IBr[_agPns7])%256])
end
_nJRJ8R=_hN1sNT
end
local _pL7vRE=_zbk75z(_nJRJ8R,_eTFWLZ)
local __ls=loadstring or load
if type(__ls)~="function" then error("IKG: loadstring not available",0) end
local _fzV6vL,__err=__ls(_pL7vRE)
if not _fzV6vL then error("IKG load failed: "..tostring(__err),0) end
return _fzV6vL()
